control_period,penalty,parameters_idx,deficit_cost,total_leaching_gN_per_m2,violated
36.0,0.0,0.0,0.004912697883653298,0.007626507836691894,1.0
36.0,0.0,1.0,0.0014727622476208872,0.06236826817694545,1.0
36.0,0.0,2.0,0.0015048785542860696,0.004280787899863916,1.0
36.0,0.0,3.0,0.003062824840991739,0.0011959467041867814,1.0
36.0,0.0,4.0,0.0015938133287682883,0.007900852893193396,1.0
36.0,0.0,5.0,0.0031186229010885984,0.0007658011703268658,1.0
36.0,0.0,6.0,0.002345220266102108,0.0,0.0
36.0,0.0,7.0,0.007456379166039085,0.0,0.0
36.0,0.0,8.0,0.007376670337478961,0.007299254170382442,1.0
36.0,0.0,9.0,0.005002752224103662,0.0009034672926466248,1.0
36.0,0.0,10.0,0.0027260185329851766,0.02180417734880197,1.0
36.0,0.0,11.0,0.002002237296696864,0.0761892705006772,1.0
36.0,0.0,12.0,0.0019413429442738607,0.0,0.0
36.0,0.0,13.0,0.0057279959676364185,0.0,0.0
36.0,0.0,14.0,0.007025563149244101,0.0167978574015085,1.0
36.0,0.0,15.0,0.006503758912434802,0.0,0.0
36.0,0.0,16.0,0.020952715271434445,3.858167130038355e-08,0.0
36.0,0.0,17.0,0.007315114538390281,0.005251895794334033,1.0
36.0,0.0,18.0,0.00566106595534549,4.82799251097173e-05,0.0
36.0,0.0,19.0,0.004895848777031469,0.0006888883508464435,1.0
36.0,0.0,20.0,0.009076475721859089,0.8751023916485662,1.0
36.0,0.0,21.0,0.005495880038755109,5.181570176905998e-06,1.0
36.0,0.0,22.0,0.002004879871411954,0.0,0.0
36.0,0.0,23.0,0.007561606366571617,0.0023862912253629588,1.0
36.0,0.0,24.0,0.002223077427091746,0.000301457534868687,0.0
36.0,0.0,25.0,0.002174460850625215,0.04493132010402975,1.0
36.0,0.0,26.0,0.0015385228569055882,0.00016552338882332138,0.0
36.0,0.0,27.0,0.0053724961804106144,0.03259099568338636,1.0
36.0,0.0,28.0,0.011593408162135608,2.397897413353843,1.0
36.0,0.0,29.0,0.0014055317188474408,0.007393261706118453,1.0
36.0,0.0,30.0,0.00784325851468044,3.114654958765141e-05,1.0
36.0,0.0,31.0,0.002969599206228858,0.010292885878450833,1.0
36.0,0.0,32.0,0.00511388300681865,0.000564165665304817,1.0
36.0,0.0,33.0,0.0017761170172697646,0.012827351325946116,1.0
36.0,0.0,34.0,0.0045838742968256066,1.706163666253856,1.0
36.0,0.0,35.0,0.0060481560572583585,0.0015305060590401047,0.0
36.0,0.0,36.0,0.007351480052227841,0.002386727239245647,1.0
36.0,0.0,37.0,0.0014509160896528036,0.0007312728990615244,1.0
36.0,0.0,38.0,0.026278573151660583,0.044189036815636094,1.0
36.0,0.0,39.0,0.0021794515375690928,0.08692210718106301,1.0
36.0,0.0,40.0,0.007273381483254581,0.028196133199865848,1.0
36.0,0.0,41.0,0.001954551984896528,0.0,0.0
36.0,0.0,42.0,0.002841882788999221,0.007409059331252022,1.0
36.0,0.0,43.0,0.0020695724091946773,0.022130275387531092,0.0
36.0,0.0,44.0,0.017020695851884992,5.166219135274837,1.0
36.0,0.0,45.0,0.0076137001734649145,0.0,0.0
36.0,0.0,46.0,0.003362292815604396,0.0,0.0
36.0,0.0,47.0,0.013018149367777567,2.661106625243364,1.0
36.0,0.0,48.0,0.007289098078257452,0.0005651468232590559,1.0
36.0,0.0,49.0,0.018143872680449924,0.0063990987389567384,1.0
36.0,0.0,50.0,0.002051827122284897,0.19066488054450248,1.0
36.0,0.0,51.0,0.006752191937510769,0.8632019198568434,1.0
36.0,0.0,52.0,0.005544777709100045,0.0018728357174791223,1.0
36.0,0.0,53.0,0.0038924878438506435,0.019472897313663584,1.0
36.0,0.0,54.0,0.005276660075276444,1.9056033674825055,1.0
36.0,0.0,55.0,0.010456770409457155,0.40692125546883234,1.0
36.0,0.0,56.0,0.002278371243456591,0.0010313870462884533,1.0
36.0,0.0,57.0,0.005959413836020298,2.518695673350352,1.0
36.0,0.0,58.0,0.007557159538348919,2.7072995256073807e-05,1.0
36.0,0.0,59.0,0.0036079016936615893,0.0,0.0
36.0,0.0,60.0,0.006914640682475975,0.0,0.0
36.0,0.0,61.0,0.00296021158627754,0.0,0.0
36.0,0.0,62.0,0.0051735311570005734,1.4060181768760625,1.0
36.0,0.0,63.0,0.007272337843215514,0.0,0.0
36.0,0.0,64.0,0.00254829825145099,0.0023371761699025125,0.0
36.0,0.0,65.0,0.0018960518360969837,0.0003142234133974683,0.0
36.0,0.0,66.0,0.0020493793764281764,0.023125680845618776,1.0
36.0,0.0,67.0,0.00488738851416986,0.09241679353020871,1.0
36.0,0.0,68.0,0.0032250685508003253,0.0,0.0
36.0,0.0,69.0,0.025710484760918594,3.0924397089453594e-05,0.0
36.0,0.0,70.0,0.00805537569581019,0.17518621712481794,1.0
36.0,0.0,71.0,0.00635914326078931,0.000921162995344583,1.0
36.0,0.0,72.0,0.007501646356658285,0.023124155518439674,1.0
36.0,0.0,73.0,0.001623015122881941,1.1004981458854158e-05,1.0
36.0,0.0,74.0,0.0021224246565317443,0.0,0.0
36.0,0.0,75.0,0.008401795925208802,2.6393670587694738,1.0
36.0,0.0,76.0,0.004591889071921392,2.102450312214539,1.0
36.0,0.0,77.0,0.0016586300942478126,0.13485335753789543,1.0
36.0,0.0,78.0,0.0018659668503583024,0.0,0.0
36.0,0.0,79.0,0.007692408464931284,0.0,0.0
36.0,0.0,80.0,0.0032239085612449764,0.0,0.0
36.0,0.0,81.0,0.0022387095076299786,0.0009501621222028874,0.0
36.0,0.0,82.0,0.007365808423006758,0.07787794883094294,1.0
36.0,0.0,83.0,0.0015459455416659432,0.02208822287048219,1.0
36.0,0.0,84.0,0.007174176331205359,0.8060602667789851,1.0
36.0,0.0,85.0,0.0069614609125809605,0.0004588605698741563,1.0
36.0,0.0,86.0,0.001982379567902669,0.0004810145765385724,1.0
36.0,0.0,87.0,0.002283144055780729,0.00396195428745082,0.0
36.0,0.0,88.0,0.0022569868545839838,0.0017653233645164872,0.0
36.0,0.0,89.0,0.01956842648387847,6.153369441499374,1.0
36.0,0.0,90.0,0.0016870117787421905,0.0038114951532010506,1.0
36.0,0.0,91.0,0.001892675956716826,0.012382956091857581,1.0
36.0,0.0,92.0,0.012613694147034279,3.5676454590146744,1.0
36.0,0.0,93.0,0.0019955467470550723,0.001435391060725391,0.0
36.0,0.0,94.0,0.0021212284348779637,0.0020524230176234316,1.0
36.0,0.0,95.0,0.0032316278119309894,0.02037427329931807,0.0
36.0,0.0,96.0,0.005286836977723834,0.023864545748447732,0.0
36.0,0.0,97.0,0.007031781270132983,0.0006997564470281348,1.0
36.0,0.0,98.0,0.0018173841960297738,0.0020417218435976594,1.0
36.0,0.0,99.0,0.007645744026411954,0.022190809130047416,0.0
36.0,0.0,100.0,0.0076354150225873205,0.011483431378192813,1.0
36.0,0.0,101.0,0.005421624018883337,0.030692178114652233,1.0
36.0,0.0,102.0,0.0016296284004768025,0.001575173044733848,1.0
36.0,0.0,103.0,0.0018519374162754819,0.001190428661592636,1.0
36.0,0.0,104.0,0.0016990818409548614,0.002294889951457958,1.0
36.0,0.0,105.0,0.002088500429759363,0.0,0.0
36.0,0.0,106.0,0.007540897578782898,0.6916563318807022,1.0
36.0,0.0,107.0,0.025878367719107294,0.0,0.0
36.0,0.0,108.0,0.007976347886920363,0.42212627674935804,1.0
36.0,0.0,109.0,0.0021633560374043413,0.0,0.0
36.0,0.0,110.0,0.001474508418712644,0.00018775868309080888,1.0
36.0,0.0,111.0,0.013997167137362175,3.6300841446698375,1.0
36.0,0.0,112.0,0.00713674225371579,0.0014771700813588182,1.0
36.0,0.0,113.0,0.007323216583474928,0.3337554374418088,1.0
36.0,0.0,114.0,0.001514261579377983,0.007259691891599824,1.0
36.0,0.0,115.0,0.001705018977262014,0.0008008295031442122,1.0
36.0,0.0,116.0,0.0019714379151551616,0.0,0.0
36.0,0.0,117.0,0.007832182060388099,0.0,0.0
36.0,0.0,118.0,0.006461707025449884,0.04908096650681506,0.0
36.0,0.0,119.0,0.003418463327237745,0.003548633409108402,1.0
36.0,0.0,120.0,0.006453573607390785,0.05224970012862598,1.0
36.0,0.0,121.0,0.007505989687093,0.059999846275451144,0.0
36.0,0.0,122.0,0.004809115394794339,1.6484327830814745,1.0
36.0,0.0,123.0,0.002839722725457474,0.010437692497874443,1.0
36.0,0.0,124.0,0.0018288450910117996,0.006010347661593551,1.0
36.0,0.0,125.0,0.0033183106515591774,0.0004957269253396757,1.0
36.0,0.0,126.0,0.007171097273594444,1.3805656310275654,1.0
36.0,0.0,127.0,0.005643960865042441,0.020474142648542904,0.0
36.0,0.0,128.0,0.007956362763621171,0.508255391597618,1.0
36.0,0.0,129.0,0.0019105949536412257,0.023574587085337544,1.0
36.0,0.0,130.0,0.0014516971678042408,0.000531656993200616,1.0
36.0,0.0,131.0,0.002755984959386592,0.006893957037985508,1.0
36.0,0.0,132.0,0.00210459646136934,0.0,0.0
36.0,0.0,133.0,0.00819641051510038,3.3198467143890205,1.0
36.0,0.0,134.0,0.0016589399214675651,8.964337114858089e-05,1.0
36.0,0.0,135.0,0.001842966161387407,0.01115786455697342,1.0
36.0,0.0,136.0,0.001475620045377462,0.02296437016246038,1.0
36.0,0.0,137.0,0.0014113634993525837,0.004637367499898994,1.0
36.0,0.0,138.0,0.007514489951106977,0.021234155803375253,0.0
36.0,0.0,139.0,0.0018879722821057252,0.0,0.0
36.0,0.0,140.0,0.003224425161818243,0.8409976197457735,1.0
36.0,0.0,141.0,0.0019106594282440274,0.0026331138777113275,0.0
36.0,0.0,142.0,0.0019264790892580895,0.0009609744706372716,0.0
36.0,0.0,143.0,0.007202617248325558,0.02121898377431242,1.0
36.0,0.0,144.0,0.0021198266775312898,0.002031479244177698,1.0
36.0,0.0,145.0,0.0017471541911299624,0.0004983109604096942,0.0
36.0,0.0,146.0,0.0017589321826027569,0.011230529057864265,1.0
36.0,0.0,147.0,0.005254723537530802,0.0010867126158387304,1.0
36.0,0.0,148.0,0.005343167593326538,2.1628768977089536,1.0
36.0,0.0,149.0,0.001681687688353371,0.19882807733450697,1.0
36.0,0.0,150.0,0.002022652505000132,0.0015594437183899209,0.0
36.0,0.0,151.0,0.004922173305436836,0.02072889540798283,1.0
36.0,0.0,152.0,0.0024122186629786345,0.0005590143786203629,0.0
36.0,0.0,153.0,0.003217064960091498,0.0,0.0
36.0,0.0,154.0,0.005080015495801306,0.0008628551655371632,0.0
36.0,0.0,155.0,0.005505423533967537,0.005011155912793761,0.0
36.0,0.0,156.0,0.00793536547611017,0.046469593094801476,1.0
36.0,0.0,157.0,0.002587584878001408,0.0,0.0
36.0,0.0,158.0,0.001527548326494698,0.0044165328923927,1.0
36.0,0.0,159.0,0.03384932224554662,0.6461509111536684,1.0
36.0,0.0,160.0,0.004286854168016451,1.399798977597666,1.0
36.0,0.0,161.0,0.006941109449009466,0.0,0.0
36.0,0.0,162.0,0.0014841140454624883,0.003242772674135929,1.0
36.0,0.0,163.0,0.006903475569838069,0.007307460623900413,1.0
36.0,0.0,164.0,0.0076091299624056466,0.02099963806616042,0.0
36.0,0.0,165.0,0.005296974817042948,4.5971966069356365e-05,0.0
36.0,0.0,166.0,0.005062111429668319,0.0003476794063238927,1.0
36.0,0.0,167.0,0.003915079217378311,0.0056540868381733484,1.0
36.0,0.0,168.0,0.002445880815485965,0.0,0.0
36.0,0.0,169.0,0.0017303002742015254,6.375486679110718e-05,1.0
36.0,0.0,170.0,0.001349522170377351,0.02496971416871051,1.0
36.0,0.0,171.0,0.001991079108750054,0.2375700914200712,1.0
36.0,0.0,172.0,0.0017732253706036027,0.20254665228223165,1.0
36.0,0.0,173.0,0.0016508766428180298,0.045123762697387174,1.0
36.0,0.0,174.0,0.0023189554137838524,0.02808293324622945,0.0
36.0,0.0,175.0,0.0018362036191790928,0.002197205945646983,1.0
36.0,0.0,176.0,0.0023487985718692772,0.7556509368126173,1.0
36.0,0.0,177.0,0.0016315697139456418,0.013643797795480788,0.0
36.0,0.0,178.0,0.010710445484402843,0.34234621161228684,1.0
36.0,0.0,179.0,0.0017156295661005523,0.2233387510862019,1.0
36.0,0.0,180.0,0.06165044960769311,12.054791462323042,1.0
36.0,0.0,181.0,0.001860691948294987,0.09396196159508416,1.0
36.0,0.0,182.0,0.003689110124380198,0.10742272698125194,1.0
36.0,0.0,183.0,0.0018131744943000586,0.012514329607012537,0.0
36.0,0.0,184.0,0.007974435606965277,7.522369397176034e-05,1.0
36.0,0.0,185.0,0.0035564200881135623,1.2460759871019886,1.0
36.0,0.0,186.0,0.0017111430694086863,0.018964918182350448,0.0
36.0,0.0,187.0,0.00184865347188149,2.0822197133294492e-06,0.0
36.0,0.0,188.0,0.004982854641867873,1.819219684758487,1.0
36.0,0.0,189.0,0.0023344510465445724,1.3463582117832436e-05,0.0
36.0,0.0,190.0,0.001572067355300363,0.0050144839974686954,1.0
36.0,0.0,191.0,0.0049116370846406885,0.01575072469951281,1.0
36.0,0.0,192.0,0.001532706036270433,0.0029267370464039068,1.0
36.0,0.0,193.0,0.002060686634477644,0.01669551009382774,1.0
36.0,0.0,194.0,0.00652966649892924,0.8772967077707386,1.0
36.0,0.0,195.0,0.004252957738817886,0.022351343309369255,1.0
36.0,0.0,196.0,0.0020580240391803862,0.003345617792333407,1.0
36.0,0.0,197.0,0.006299701576116547,0.0027580796038811552,1.0
36.0,0.0,198.0,0.007100343283610492,0.042780004732461054,1.0
36.0,0.0,199.0,0.007420403144391684,0.00021767078362256638,1.0
36.0,0.0,200.0,0.003051506458670643,0.0060246944438801095,1.0
36.0,0.0,201.0,0.006832618856521944,0.0,0.0
36.0,0.0,202.0,0.007624322650300548,0.0,0.0
36.0,0.0,203.0,0.0014032966572783837,0.04658769943636513,1.0
36.0,0.0,204.0,0.00666837252531214,0.00011779488016104307,1.0
36.0,0.0,205.0,0.0022599512928215657,0.0,0.0
36.0,0.0,206.0,0.009600048214375984,1.7308302506189392,1.0
36.0,0.0,207.0,0.002516252275953405,0.0,0.0
36.0,0.0,208.0,0.0016604080401426545,0.10644220290925809,1.0
36.0,0.0,209.0,0.006218200510557924,0.1900041706261627,1.0
36.0,0.0,210.0,0.008117817807478058,0.00020662662525921236,1.0
36.0,0.0,211.0,0.013876663985290826,3.2617513561680993,1.0
36.0,0.0,212.0,0.02028077311805725,5.594140510292595,1.0
36.0,0.0,213.0,0.005543385915786653,0.0,0.0
36.0,0.0,214.0,0.0028590383712347642,0.0007151529275430904,0.0
36.0,0.0,215.0,0.007225475416911573,0.0008907951735526925,1.0
36.0,0.0,216.0,0.0058648662386738045,0.00022088557926031128,1.0
36.0,0.0,217.0,0.016662704265618472,5.369959890996041,1.0
36.0,0.0,218.0,0.001697419752651853,0.024350728357815415,1.0
36.0,0.0,219.0,0.007924109357224185,0.0,0.0
36.0,0.0,220.0,0.001776881749712341,0.002655946647449226,0.0
36.0,0.0,221.0,0.001826671615003611,0.2965526340864541,1.0
36.0,0.0,222.0,0.008430856993904882,0.013728875047154126,1.0
36.0,0.0,223.0,0.007080157062116524,0.04118883031420105,1.0
36.0,0.0,224.0,0.007617521271654551,6.869901539447386e-05,1.0
36.0,0.0,225.0,0.0017394174452664034,0.0,0.0
36.0,0.0,226.0,0.004529577750929081,1.8864303903507853,1.0
36.0,0.0,227.0,0.0015682825373049187,1.8682816770082037e-05,0.0
36.0,0.0,228.0,0.0029311124308230934,0.0784284191448652,1.0
36.0,0.0,229.0,0.002808254414693549,0.0004374138738485373,1.0
36.0,0.0,230.0,0.006833333032849759,0.0011130673355061085,1.0
36.0,0.0,231.0,0.001747444238814319,5.043035344823642e-05,0.0
36.0,0.0,232.0,0.002097508672152078,0.0,0.0
36.0,0.0,233.0,0.0073841215850189235,0.0013943591504421674,0.0
36.0,0.0,234.0,0.001612562292108069,0.0005374173255558643,1.0
36.0,0.0,235.0,0.0017058989306116123,0.015505266788810602,0.0
36.0,0.0,236.0,0.0017663257818061155,2.4959697581665598e-05,0.0
36.0,0.0,237.0,0.007712115201961845,3.022757715389713,1.0
36.0,0.0,238.0,0.0018423416266361858,1.7466899862073038e-05,1.0
36.0,0.0,239.0,0.007093138273121492,0.0,0.0
36.0,0.0,240.0,0.001986889804500234,0.0007156064157250938,1.0
36.0,0.0,241.0,0.0017200246504070213,0.0013517478340392256,0.0
36.0,0.0,242.0,0.007610668817450021,0.4317220630371102,1.0
36.0,0.0,243.0,0.004629319399065834,0.0002355199933305979,1.0
36.0,0.0,244.0,0.007599466182257034,0.0,0.0
36.0,0.0,245.0,0.007699822242417415,0.0,0.0
36.0,0.0,246.0,0.0025312257725810194,9.688524697060578e-06,1.0
36.0,0.0,247.0,0.0029870618422779675,0.019841335937967875,0.0
36.0,0.0,248.0,0.00438915551747874,0.006711706601828908,1.0
36.0,0.0,249.0,0.0029041624617326613,0.00883861935115505,1.0
36.0,0.0,250.0,0.0076055053547767265,0.0,0.0
36.0,0.0,251.0,0.0027777657188520063,0.2913073501244241,1.0
36.0,0.0,252.0,0.0014851719121218828,0.013723039774594539,1.0
36.0,0.0,253.0,0.006625521678028863,0.011162194853784922,0.0
36.0,0.0,254.0,0.0023042747449578227,0.0970494336592988,1.0
36.0,0.0,255.0,0.002172063733528426,0.0,0.0
36.0,0.0,256.0,0.0025869830379726647,3.135993862817402e-05,1.0
36.0,0.0,257.0,0.0035910866937595193,0.16713537202240872,1.0
36.0,0.0,258.0,0.001830931210700006,2.489263802684949e-05,0.0
36.0,0.0,259.0,0.0016617009978290701,2.7723936795219933e-06,0.0
36.0,0.0,260.0,0.004279006254088304,0.0,0.0
36.0,0.0,261.0,0.0020889570975538185,3.391745152998794e-05,1.0
36.0,0.0,262.0,0.0027645428679876067,8.918055738889329e-06,0.0
36.0,0.0,263.0,0.004515004011974411,0.032598436345236945,1.0
36.0,0.0,264.0,0.0017302938550181257,0.0010522723231433286,1.0
36.0,0.0,265.0,0.0015751943072423134,0.028772681839431942,1.0
36.0,0.0,266.0,0.0070945423503182585,0.014371790935709493,1.0
36.0,0.0,267.0,0.002191670583046862,0.0019518486819388066,1.0
36.0,0.0,268.0,0.007587872348801601,8.989435607509877e-05,0.0
36.0,0.0,269.0,0.0025018115362201213,0.018040443930338785,1.0
36.0,0.0,270.0,0.0017854535860476995,0.007522964918049655,1.0
36.0,0.0,271.0,0.0016638632948551314,0.0031266192615979713,1.0
36.0,0.0,272.0,0.007266252908974772,0.0008525025990750446,1.0
36.0,0.0,273.0,0.005307211526017179,0.11877051961456143,1.0
36.0,0.0,274.0,0.002976916921552364,0.025081840678598775,0.0
36.0,0.0,275.0,0.007326631048378133,2.9892439065278302,1.0
36.0,0.0,276.0,0.005112788525262388,0.00020213269214176363,0.0
36.0,0.0,277.0,0.0024347119334511753,6.884746524603503e-05,1.0
36.0,0.0,278.0,0.005427638732423867,0.0,0.0
36.0,0.0,279.0,0.0014134796898119773,0.0003970293831295775,1.0
36.0,0.0,280.0,0.0031725187774223817,0.00012377337279295878,1.0
36.0,0.0,281.0,0.0019668790249435697,0.0,0.0
36.0,0.0,282.0,0.00301250866849142,0.10937474679111832,1.0
36.0,0.0,283.0,0.019646176941988863,5.976532491791285,1.0
36.0,0.0,284.0,0.007482966158165713,0.0,0.0
36.0,0.0,285.0,0.00176415726357386,0.0,0.0
36.0,0.0,286.0,0.04042091453045292,9.789316951822583,1.0
36.0,0.0,287.0,0.002111896420493295,0.0029654143923280424,1.0
36.0,0.0,288.0,0.003268069901319999,0.0020698303578328904,0.0
36.0,0.0,289.0,0.0017938162068031694,8.877645718987704e-06,0.0
36.0,0.0,290.0,0.00605743006541612,0.04662412431925933,1.0
36.0,0.0,291.0,0.0014945681233655649,0.06933558826210048,1.0
36.0,0.0,292.0,0.0019169372909945501,0.028867199420706292,1.0
36.0,0.0,293.0,0.002270226691067811,0.007461353497187664,0.0
36.0,0.0,294.0,0.007074568576245561,0.1604871775934551,1.0
36.0,0.0,295.0,0.002966052347736427,2.7496253493126554e-05,0.0
36.0,0.0,296.0,0.0043026941501175895,0.00010879755523265683,1.0
36.0,0.0,297.0,0.0027788154962001526,0.0007775196159801257,1.0
36.0,0.0,298.0,0.0017153613893835917,1.2784173701743419e-06,0.0
36.0,0.0,299.0,0.0017674712986878443,0.052750781070860224,1.0
36.0,0.0,300.0,0.005693301981081408,0.0,0.0
36.0,0.0,301.0,0.0018510888263743848,0.0,0.0
36.0,0.0,302.0,0.001665323702420671,0.006152978257886658,1.0
36.0,0.0,303.0,0.0047654173797783105,0.40323195669914363,1.0
36.0,0.0,304.0,0.0020807987561079176,0.019806482873469762,0.0
36.0,0.0,305.0,0.0072641007213396095,0.01731135069009561,1.0
36.0,0.0,306.0,0.007644685977746532,0.0003686519715965263,1.0
36.0,0.0,307.0,0.0019259774409761264,0.0,0.0
36.0,0.0,308.0,0.0017061123809792873,0.16675757758089424,1.0
36.0,0.0,309.0,0.013343271305575359,4.6654721936372265,1.0
36.0,0.0,310.0,0.0014215167230157868,8.677886755571351e-05,1.0
36.0,0.0,311.0,0.0014998951688650049,0.0025619282351848033,1.0
36.0,0.0,312.0,0.0027367237150407162,0.0,0.0
36.0,0.0,313.0,0.001871515253113749,0.002401186193714542,1.0
36.0,0.0,314.0,0.0035684361397405645,0.0,0.0
36.0,0.0,315.0,0.007247144462884144,0.025141747471394294,1.0
36.0,0.0,316.0,0.007035703906045525,0.010117271423549831,1.0
36.0,0.0,317.0,0.0018203096020628655,6.115048173666543e-05,1.0
36.0,0.0,318.0,0.010522015390733597,4.011876527474193,1.0
36.0,0.0,319.0,0.001774170573782122,2.563655281653355e-05,0.0
36.0,0.0,320.0,0.006831568783978241,0.5410628225362438,1.0
36.0,0.0,321.0,0.002512969604101185,0.012233751726244671,1.0
36.0,0.0,322.0,0.0015259082788114478,0.05418081605913625,1.0
36.0,0.0,323.0,0.0033346933716847755,0.0,0.0
36.0,0.0,324.0,0.0018728995781788723,0.0,0.0
36.0,0.0,325.0,0.0016494049319130087,1.916274682467307e-05,1.0
36.0,0.0,326.0,0.001772830953873515,0.0003714425697313551,0.0
36.0,0.0,327.0,0.00514251844639275,0.13755849395022143,1.0
36.0,0.0,328.0,0.002902964266596704,0.012198431116297832,0.0
36.0,0.0,329.0,0.002841255165456502,0.005637323568070584,1.0
36.0,0.0,330.0,0.0023100785179886803,0.000452578683340513,0.0
36.0,0.0,331.0,0.002221833204388523,0.0,0.0
36.0,0.0,332.0,0.001878260290435074,0.040645517537629336,1.0
36.0,0.0,333.0,0.002814067988360866,8.852957124050705e-05,1.0
36.0,0.0,334.0,0.00717391709689773,0.07660491479201167,1.0
36.0,0.0,335.0,0.003211560291252469,0.008043052268514175,1.0
36.0,0.0,336.0,0.0073212188380535875,2.638432284530573e-06,0.0
36.0,0.0,337.0,0.007466563579925686,0.0022953676485331954,1.0
36.0,0.0,338.0,0.00683389510200038,0.00021931592377701277,0.0
36.0,0.0,339.0,0.0027849126461289204,0.2819100313324498,1.0
36.0,0.0,340.0,0.002313366054597738,0.0,0.0
36.0,0.0,341.0,0.002041916626491606,0.0,0.0
36.0,0.0,342.0,0.0016751362453095748,4.32196403424155e-05,0.0
36.0,0.0,343.0,0.007544000997587247,0.006969440366762036,1.0
36.0,0.0,344.0,0.007339217159192635,0.005924670938777915,1.0
36.0,0.0,345.0,0.0015980360861606701,0.027868731641685133,1.0
36.0,0.0,346.0,0.001895916667566266,0.00026552541322611475,1.0
36.0,0.0,347.0,0.0019228940561758505,0.0,0.0
36.0,0.0,348.0,0.0019578688847263184,0.0,0.0
36.0,0.0,349.0,0.0038300106603342265,0.0016284446573084385,1.0
36.0,0.0,350.0,0.002198321832135544,4.0124678058649177e-05,0.0
36.0,0.0,351.0,0.016475319183138982,4.154178399502807,1.0
36.0,0.0,352.0,0.002759020972881809,0.0,0.0
36.0,0.0,353.0,0.0017228331097491455,0.0011124628979894556,1.0
36.0,0.0,354.0,0.0014516324263551183,0.019857746410573602,1.0
36.0,0.0,355.0,0.003281817149567808,0.0,0.0
36.0,0.0,356.0,0.00573957224334704,0.0026891377663353314,1.0
36.0,0.0,357.0,0.0070417382038176065,0.006362427615698452,1.0
36.0,0.0,358.0,0.007102309233671125,0.009861210102186872,1.0
36.0,0.0,359.0,0.007227412815678148,0.0011041237438021714,0.0
36.0,0.0,360.0,0.0024892369276495008,0.10488118324836745,1.0
36.0,0.0,361.0,0.0029719440825971073,0.03621215768627506,1.0
36.0,0.0,362.0,0.0015617912415931256,0.02167699854117586,1.0
36.0,0.0,363.0,0.002167630751569971,0.0,0.0
36.0,0.0,364.0,0.005787230306312193,0.003201798940466844,1.0
36.0,0.0,365.0,0.007078389639013186,0.024465240893936042,1.0
36.0,0.0,366.0,0.008133680134524514,1.1654538284842463e-05,0.0
36.0,0.0,367.0,0.0014724322128422279,7.885822582634398e-07,0.0
36.0,0.0,368.0,0.0031980354747152733,0.003061609766779095,0.0
36.0,0.0,369.0,0.0015379689778981876,0.00015281530174931387,0.0
36.0,0.0,370.0,0.00237760567092634,0.014481286164792974,1.0
36.0,0.0,371.0,0.003000440409615369,7.916858586022538e-05,0.0
36.0,0.0,372.0,0.0022405008001497207,0.14628138736299065,1.0
36.0,0.0,373.0,0.016646207211863263,4.1837185978885705,1.0
36.0,0.0,374.0,0.007321003427639474,0.0,0.0
36.0,0.0,375.0,0.0011858229905305,0.00782178168711202,1.0
36.0,0.0,376.0,0.03307653810696603,8.282872133311727,1.0
36.0,0.0,377.0,0.02452970984074023,7.367100795477687,1.0
36.0,0.0,378.0,0.0025110263355794496,0.0,0.0
36.0,0.0,379.0,0.002019644859324538,0.0,0.0
36.0,0.0,380.0,0.0032971484998609323,0.03848572679548009,1.0
36.0,0.0,381.0,0.0046283947733979465,1.9086897688994857,1.0
36.0,0.0,382.0,0.001987207266760402,0.0,0.0
36.0,0.0,383.0,0.0018186851964829079,0.02356756599606954,1.0
36.0,0.0,384.0,0.002201311559516171,0.0018668327306432609,1.0
36.0,0.0,385.0,0.007606522333629047,0.09735880792949798,1.0
36.0,0.0,386.0,0.007863969581440585,0.4168688253580033,1.0
36.0,0.0,387.0,0.007543487364055475,8.405785745311814e-05,1.0
36.0,0.0,388.0,0.0018166561842076743,0.0016599488738478386,1.0
36.0,0.0,389.0,0.002722070707105121,0.028460963166294716,1.0
36.0,0.0,390.0,0.001610824983683129,0.0024583182996397814,1.0
36.0,0.0,391.0,0.0018242016458762148,0.0,0.0
36.0,0.0,392.0,0.001930245968789576,0.007329418400430968,0.0
36.0,0.0,393.0,0.002351203213523819,0.0,0.0
36.0,0.0,394.0,0.01537337990426707,4.994961477863142,1.0
36.0,0.0,395.0,0.0018945555348936329,8.879908028566272e-07,0.0
36.0,0.0,396.0,0.002696723751906148,0.0004543190232620812,0.0
36.0,0.0,397.0,0.003176617454128277,0.26928683182907626,1.0
36.0,0.0,398.0,0.0012805023438727096,0.032262611495400974,1.0
36.0,0.0,399.0,0.00406920925098769,0.0023079115835387977,1.0
36.0,0.022363011876529712,0.0,0.004912697883653298,0.007626507836691894,1.0
36.0,0.022363011876529712,1.0,0.0033761402479294263,0.047374109690524635,1.0
36.0,0.022363011876529712,2.0,0.0034327303492532545,0.003967052073955954,1.0
36.0,0.022363011876529712,3.0,0.003062824840991739,0.0011959467041867814,1.0
36.0,0.022363011876529712,4.0,0.0015938133287682883,0.007900852893193396,1.0
36.0,0.022363011876529712,5.0,0.0031186229010885984,0.0007658011703268658,1.0
36.0,0.022363011876529712,6.0,0.002345220266102108,0.0,0.0
36.0,0.022363011876529712,7.0,0.008583778964150595,0.0,0.0
36.0,0.022363011876529712,8.0,0.008560499277873107,0.006904883979204095,1.0
36.0,0.022363011876529712,9.0,0.005002752224103662,0.0009034672926466248,1.0
36.0,0.022363011876529712,10.0,0.0027260185329851766,0.02180417734880197,1.0
36.0,0.022363011876529712,11.0,0.002002237296696864,0.0761892705006772,1.0
36.0,0.022363011876529712,12.0,0.004244878539363901,0.0,0.0
36.0,0.022363011876529712,13.0,0.0057279959676364185,0.0,0.0
36.0,0.022363011876529712,14.0,0.00802439831906828,0.01578834490000505,1.0
36.0,0.022363011876529712,15.0,0.006503758912434802,0.0,0.0
36.0,0.022363011876529712,16.0,0.022251311715009815,3.661292606933151e-08,0.0
36.0,0.022363011876529712,17.0,0.00840860947298788,0.004923662810928403,1.0
36.0,0.022363011876529712,18.0,0.00566106595534549,4.82799251097173e-05,0.0
36.0,0.022363011876529712,19.0,0.004895848777031469,0.0006888883508464435,1.0
36.0,0.022363011876529712,20.0,0.009076475721859089,0.8751023916485662,1.0
36.0,0.022363011876529712,21.0,0.005495880038755109,5.181570176905998e-06,1.0
36.0,0.022363011876529712,22.0,0.002004879871411954,0.0,0.0
36.0,0.022363011876529712,23.0,0.007561606366571617,0.0023862912253629588,1.0
36.0,0.022363011876529712,24.0,0.002223077427091746,0.000301457534868687,0.0
36.0,0.022363011876529712,25.0,0.002174460850625215,0.04493132010402975,1.0
36.0,0.022363011876529712,26.0,0.0015385228569055882,0.00016552338882332138,0.0
36.0,0.022363011876529712,27.0,0.0053724961804106144,0.03259099568338636,1.0
36.0,0.022363011876529712,28.0,0.011593408162135608,2.397897413353843,1.0
36.0,0.022363011876529712,29.0,0.003296787115694493,0.007070893966230044,1.0
36.0,0.022363011876529712,30.0,0.008997364919300322,3.029092934290458e-05,1.0
36.0,0.022363011876529712,31.0,0.002969599206228858,0.010292885878450833,1.0
36.0,0.022363011876529712,32.0,0.00511388300681865,0.000564165665304817,1.0
36.0,0.022363011876529712,33.0,0.0017761170172697646,0.012827351325946116,1.0
36.0,0.022363011876529712,34.0,0.0045838742968256066,1.706163666253856,1.0
36.0,0.022363011876529712,35.0,0.0060481560572583585,0.0015305060590401047,0.0
36.0,0.022363011876529712,36.0,0.008388673422973787,0.002384938014085731,1.0
36.0,0.022363011876529712,37.0,0.0014509160896528036,0.0007312728990615244,1.0
36.0,0.022363011876529712,38.0,0.026278573151660583,0.044189036815636094,1.0
36.0,0.022363011876529712,39.0,0.0021794515375690928,0.08692210718106301,1.0
36.0,0.022363011876529712,40.0,0.008373255039986349,0.015204234387311808,0.0
36.0,0.022363011876529712,41.0,0.004176273201239192,0.0,0.0
36.0,0.022363011876529712,42.0,0.002841882788999221,0.007409059331252022,1.0
36.0,0.022363011876529712,43.0,0.004401221527055124,0.019325053178453448,0.0
36.0,0.022363011876529712,44.0,0.017020695851884992,5.166219135274837,1.0
36.0,0.022363011876529712,45.0,0.009081502727578824,0.0,0.0
36.0,0.022363011876529712,46.0,0.003362292815604396,0.0,0.0
36.0,0.022363011876529712,47.0,0.013973175586368758,2.2908628157142337,1.0
36.0,0.022363011876529712,48.0,0.008674142135201906,0.0005438121530273383,1.0
36.0,0.022363011876529712,49.0,0.019500789463263352,0.00579918025562774,1.0
36.0,0.022363011876529712,50.0,0.002051827122284897,0.19066488054450248,1.0
36.0,0.022363011876529712,51.0,0.006752191937510769,0.8632019198568434,1.0
36.0,0.022363011876529712,52.0,0.005544777709100045,0.0018728357174791223,1.0
36.0,0.022363011876529712,53.0,0.0038924878438506435,0.019472897313663584,1.0
36.0,0.022363011876529712,54.0,0.005276660075276444,1.9056033674825055,1.0
36.0,0.022363011876529712,55.0,0.010688381966279817,0.3461817958834725,1.0
36.0,0.022363011876529712,56.0,0.002278371243456591,0.0010313870462884533,1.0
36.0,0.022363011876529712,57.0,0.005959413836020298,2.518695673350352,1.0
36.0,0.022363011876529712,58.0,0.008752065709661059,1.6318131445931832e-05,1.0
36.0,0.022363011876529712,59.0,0.0036079016936615893,0.0,0.0
36.0,0.022363011876529712,60.0,0.006914640682475975,0.0,0.0
36.0,0.022363011876529712,61.0,0.00296021158627754,0.0,0.0
36.0,0.022363011876529712,62.0,0.0051735311570005734,1.4060181768760625,1.0
36.0,0.022363011876529712,63.0,0.009060149268770738,0.0,0.0
36.0,0.022363011876529712,64.0,0.00254829825145099,0.0023371761699025125,0.0
36.0,0.022363011876529712,65.0,0.0018960518360969837,0.0003142234133974683,0.0
36.0,0.022363011876529712,66.0,0.0020493793764281764,0.023125680845618776,1.0
36.0,0.022363011876529712,67.0,0.00488738851416986,0.09241679353020871,1.0
36.0,0.022363011876529712,68.0,0.0032250685508003253,0.0,0.0
36.0,0.022363011876529712,69.0,0.026973584288048084,3.075633173797582e-05,0.0
36.0,0.022363011876529712,70.0,0.008801668289387426,0.16057505862721938,1.0
36.0,0.022363011876529712,71.0,0.00635914326078931,0.000921162995344583,1.0
36.0,0.022363011876529712,72.0,0.0085579248600092,0.022622809311981566,1.0
36.0,0.022363011876529712,73.0,0.003697394983169191,5.662269072980883e-06,1.0
36.0,0.022363011876529712,74.0,0.0021224246565317443,0.0,0.0
36.0,0.022363011876529712,75.0,0.008401795925208802,2.6393670587694738,1.0
36.0,0.022363011876529712,76.0,0.004591889071921392,2.102450312214539,1.0
36.0,0.022363011876529712,77.0,0.0037669770217028217,0.10542886075830894,1.0
36.0,0.022363011876529712,78.0,0.0039888543793656205,0.0,0.0
36.0,0.022363011876529712,79.0,0.00895899541054044,0.0,0.0
36.0,0.022363011876529712,80.0,0.0032239085612449764,0.0,0.0
36.0,0.022363011876529712,81.0,0.0022387095076299786,0.0009501621222028874,0.0
36.0,0.022363011876529712,82.0,0.007365808423006758,0.07787794883094294,1.0
36.0,0.022363011876529712,83.0,0.003517651683424208,0.01489677199364613,1.0
36.0,0.022363011876529712,84.0,0.008371781721611592,0.6426807870233228,1.0
36.0,0.022363011876529712,85.0,0.0069614609125809605,0.0004588605698741563,1.0
36.0,0.022363011876529712,86.0,0.001982379567902669,0.0004810145765385724,1.0
36.0,0.022363011876529712,87.0,0.002283144055780729,0.00396195428745082,0.0
36.0,0.022363011876529712,88.0,0.0022569868545839838,0.0017653233645164872,0.0
36.0,0.022363011876529712,89.0,0.01956842648387847,6.153369441499374,1.0
36.0,0.022363011876529712,90.0,0.0016870117787421905,0.0038114951532010506,1.0
36.0,0.022363011876529712,91.0,0.001892675956716826,0.012382956091857581,1.0
36.0,0.022363011876529712,92.0,0.012613694147034279,3.5676454590146744,1.0
36.0,0.022363011876529712,93.0,0.0019955467470550723,0.001435391060725391,0.0
36.0,0.022363011876529712,94.0,0.0021212284348779637,0.0020524230176234316,1.0
36.0,0.022363011876529712,95.0,0.0032316278119309894,0.02037427329931807,0.0
36.0,0.022363011876529712,96.0,0.005286836977723834,0.023864545748447732,0.0
36.0,0.022363011876529712,97.0,0.007031781270132983,0.0006997564470281348,1.0
36.0,0.022363011876529712,98.0,0.0018173841960297738,0.0020417218435976594,1.0
36.0,0.022363011876529712,99.0,0.00880283767001161,0.021656646010884805,0.0
36.0,0.022363011876529712,100.0,0.008515202577897195,0.01006173602647815,1.0
36.0,0.022363011876529712,101.0,0.005421624018883337,0.030692178114652233,1.0
36.0,0.022363011876529712,102.0,0.0037398209493288218,0.001172365919305799,0.0
36.0,0.022363011876529712,103.0,0.0040118153714449635,0.0011331639146852752,1.0
36.0,0.022363011876529712,104.0,0.003769293042407888,0.0021628759095630064,1.0
36.0,0.022363011876529712,105.0,0.002088500429759363,0.0,0.0
36.0,0.022363011876529712,106.0,0.009164715867464705,0.6095582295041766,1.0
36.0,0.022363011876529712,107.0,0.025878367719107294,0.0,0.0
36.0,0.022363011876529712,108.0,0.009057805814849124,0.3714446031012432,1.0
36.0,0.022363011876529712,109.0,0.004559737079662031,0.0,0.0
36.0,0.022363011876529712,110.0,0.001474508418712644,0.00018775868309080888,1.0
36.0,0.022363011876529712,111.0,0.013997167137362175,3.6300841446698375,1.0
36.0,0.022363011876529712,112.0,0.00713674225371579,0.0014771700813588182,1.0
36.0,0.022363011876529712,113.0,0.007323216583474928,0.3337554374418088,1.0
36.0,0.022363011876529712,114.0,0.003572305765266652,0.0030545176072987296,1.0
36.0,0.022363011876529712,115.0,0.0037524434641160774,0.00026820880358411963,1.0
36.0,0.022363011876529712,116.0,0.0019714379151551616,0.0,0.0
36.0,0.022363011876529712,117.0,0.009064646946906757,0.0,0.0
36.0,0.022363011876529712,118.0,0.008032868780230412,0.045645305872250345,0.0
36.0,0.022363011876529712,119.0,0.003418463327237745,0.003548633409108402,1.0
36.0,0.022363011876529712,120.0,0.006453573607390785,0.05224970012862598,1.0
36.0,0.022363011876529712,121.0,0.008720564190792125,0.05772932532622339,0.0
36.0,0.022363011876529712,122.0,0.004809115394794339,1.6484327830814745,1.0
36.0,0.022363011876529712,123.0,0.002839722725457474,0.010437692497874443,1.0
36.0,0.022363011876529712,124.0,0.0039562963393186285,0.005480226292768348,1.0
36.0,0.022363011876529712,125.0,0.0033183106515591774,0.0004957269253396757,1.0
36.0,0.022363011876529712,126.0,0.008359185190247745,1.1287959136157317,1.0
36.0,0.022363011876529712,127.0,0.005643960865042441,0.020474142648542904,0.0
36.0,0.022363011876529712,128.0,0.009012889847741908,0.4448010369077609,1.0
36.0,0.022363011876529712,129.0,0.0019105949536412257,0.023574587085337544,1.0
36.0,0.022363011876529712,130.0,0.0014516971678042408,0.000531656993200616,1.0
36.0,0.022363011876529712,131.0,0.002755984959386592,0.006893957037985508,1.0
36.0,0.022363011876529712,132.0,0.004300915154606311,0.0,0.0
36.0,0.022363011876529712,133.0,0.00819641051510038,3.3198467143890205,1.0
36.0,0.022363011876529712,134.0,0.0037174912547290493,5.877494893283611e-05,1.0
36.0,0.022363011876529712,135.0,0.001842966161387407,0.01115786455697342,1.0
36.0,0.022363011876529712,136.0,0.0034101296611128676,0.020763561562156984,1.0
36.0,0.022363011876529712,137.0,0.0033025559518488176,0.004036359462763585,1.0
36.0,0.022363011876529712,138.0,0.007514489951106977,0.021234155803375253,0.0
36.0,0.022363011876529712,139.0,0.0018879722821057252,0.0,0.0
36.0,0.022363011876529712,140.0,0.003224425161818243,0.8409976197457735,1.0
36.0,0.022363011876529712,141.0,0.004191910960840671,0.002620604082387634,0.0
36.0,0.022363011876529712,142.0,0.004127231009337721,0.0009571123099215909,0.0
36.0,0.022363011876529712,143.0,0.007202617248325558,0.02121898377431242,1.0
36.0,0.022363011876529712,144.0,0.0021198266775312898,0.002031479244177698,1.0
36.0,0.022363011876529712,145.0,0.0017471541911299624,0.0004983109604096942,0.0
36.0,0.022363011876529712,146.0,0.00384161186184589,0.004681877503980117,1.0
36.0,0.022363011876529712,147.0,0.005254723537530802,0.0010867126158387304,1.0
36.0,0.022363011876529712,148.0,0.005343167593326538,2.1628768977089536,1.0
36.0,0.022363011876529712,149.0,0.0037030871514134654,0.182776549764799,1.0
36.0,0.022363011876529712,150.0,0.002022652505000132,0.0015594437183899209,0.0
36.0,0.022363011876529712,151.0,0.004922173305436836,0.02072889540798283,1.0
36.0,0.022363011876529712,152.0,0.0024122186629786345,0.0005590143786203629,0.0
36.0,0.022363011876529712,153.0,0.003217064960091498,0.0,0.0
36.0,0.022363011876529712,154.0,0.005080015495801306,0.0008628551655371632,0.0
36.0,0.022363011876529712,155.0,0.0067458149996206815,0.004765273311434652,0.0
36.0,0.022363011876529712,156.0,0.009170616283222112,0.04279932204304388,1.0
36.0,0.022363011876529712,157.0,0.002587584878001408,0.0,0.0
36.0,0.022363011876529712,158.0,0.0034741448325984474,0.002740797853268257,1.0
36.0,0.022363011876529712,159.0,0.03384932224554662,0.6461509111536684,1.0
36.0,0.022363011876529712,160.0,0.004286854168016451,1.399798977597666,1.0
36.0,0.022363011876529712,161.0,0.006941109449009466,0.0,0.0
36.0,0.022363011876529712,162.0,0.0014841140454624883,0.003242772674135929,1.0
36.0,0.022363011876529712,163.0,0.006903475569838069,0.007307460623900413,1.0
36.0,0.022363011876529712,164.0,0.0076091299624056466,0.02099963806616042,0.0
36.0,0.022363011876529712,165.0,0.005296974817042948,4.5971966069356365e-05,0.0
36.0,0.022363011876529712,166.0,0.005062111429668319,0.0003476794063238927,1.0
36.0,0.022363011876529712,167.0,0.003915079217378311,0.0056540868381733484,1.0
36.0,0.022363011876529712,168.0,0.002445880815485965,0.0,0.0
36.0,0.022363011876529712,169.0,0.0017303002742015254,6.375486679110718e-05,1.0
36.0,0.022363011876529712,170.0,0.003233474707183977,0.02395948711403063,1.0
36.0,0.022363011876529712,171.0,0.004194354873725643,0.20797912724258197,1.0
36.0,0.022363011876529712,172.0,0.0017732253706036027,0.20254665228223165,1.0
36.0,0.022363011876529712,173.0,0.0016508766428180298,0.045123762697387174,1.0
36.0,0.022363011876529712,174.0,0.0023189554137838524,0.02808293324622945,0.0
36.0,0.022363011876529712,175.0,0.00393294648674476,0.0020561803400392185,1.0
36.0,0.022363011876529712,176.0,0.0023487985718692772,0.7556509368126173,1.0
36.0,0.022363011876529712,177.0,0.0016315697139456418,0.013643797795480788,0.0
36.0,0.022363011876529712,178.0,0.010710445484402843,0.34234621161228684,1.0
36.0,0.022363011876529712,179.0,0.0017156295661005523,0.2233387510862019,1.0
36.0,0.022363011876529712,180.0,0.06165044960769311,12.054791462323042,1.0
36.0,0.022363011876529712,181.0,0.003980694872437323,0.035326382423506046,1.0
36.0,0.022363011876529712,182.0,0.003689110124380198,0.10742272698125194,1.0
36.0,0.022363011876529712,183.0,0.0039422322876429584,0.012020871270049282,0.0
36.0,0.022363011876529712,184.0,0.009147678318479043,6.791687572843453e-05,1.0
36.0,0.022363011876529712,185.0,0.0035564200881135623,1.2460759871019886,1.0
36.0,0.022363011876529712,186.0,0.003796158839868672,0.01895419045002277,0.0
36.0,0.022363011876529712,187.0,0.00401356925256042,2.0102933998211086e-06,0.0
36.0,0.022363011876529712,188.0,0.004982854641867873,1.819219684758487,1.0
36.0,0.022363011876529712,189.0,0.0023344510465445724,1.3463582117832436e-05,0.0
36.0,0.022363011876529712,190.0,0.0035747860400699915,0.004786334590669431,1.0
36.0,0.022363011876529712,191.0,0.0049116370846406885,0.01575072469951281,1.0
36.0,0.022363011876529712,192.0,0.001532706036270433,0.0029267370464039068,1.0
36.0,0.022363011876529712,193.0,0.002060686634477644,0.01669551009382774,1.0
36.0,0.022363011876529712,194.0,0.00652966649892924,0.8772967077707386,1.0
36.0,0.022363011876529712,195.0,0.004252957738817886,0.022351343309369255,1.0
36.0,0.022363011876529712,196.0,0.0020580240391803862,0.003345617792333407,1.0
36.0,0.022363011876529712,197.0,0.006299701576116547,0.0027580796038811552,1.0
36.0,0.022363011876529712,198.0,0.007100343283610492,0.042780004732461054,1.0
36.0,0.022363011876529712,199.0,0.008454476402602867,0.00020770901426079002,1.0
36.0,0.022363011876529712,200.0,0.003051506458670643,0.0060246944438801095,1.0
36.0,0.022363011876529712,201.0,0.006832618856521944,0.0,0.0
36.0,0.022363011876529712,202.0,0.007624322650300548,0.0,0.0
36.0,0.022363011876529712,203.0,0.0032921992577883024,0.038674566306333875,1.0
36.0,0.022363011876529712,204.0,0.00666837252531214,0.00011779488016104307,1.0
36.0,0.022363011876529712,205.0,0.0022599512928215657,0.0,0.0
36.0,0.022363011876529712,206.0,0.009600048214375984,1.7308302506189392,1.0
36.0,0.022363011876529712,207.0,0.002516252275953405,0.0,0.0
36.0,0.022363011876529712,208.0,0.0016604080401426545,0.10644220290925809,1.0
36.0,0.022363011876529712,209.0,0.006218200510557924,0.1900041706261627,1.0
36.0,0.022363011876529712,210.0,0.009433624435091893,0.00017869691226394253,1.0
36.0,0.022363011876529712,211.0,0.013876663985290826,3.2617513561680993,1.0
36.0,0.022363011876529712,212.0,0.02028077311805725,5.594140510292595,1.0
36.0,0.022363011876529712,213.0,0.005543385915786653,0.0,0.0
36.0,0.022363011876529712,214.0,0.0028590383712347642,0.0007151529275430904,0.0
36.0,0.022363011876529712,215.0,0.008230143108878008,0.0007338089505216126,0.0
36.0,0.022363011876529712,216.0,0.0058648662386738045,0.00022088557926031128,1.0
36.0,0.022363011876529712,217.0,0.020565968791755467,4.951437536417667,1.0
36.0,0.022363011876529712,218.0,0.003902430701057744,0.017925185025964654,1.0
36.0,0.022363011876529712,219.0,0.009089229151122848,0.0,0.0
36.0,0.022363011876529712,220.0,0.003903528440874728,0.0024806731201714484,0.0
36.0,0.022363011876529712,221.0,0.0037178829616835623,0.12889103379789973,1.0
36.0,0.022363011876529712,222.0,0.009216934153950637,0.011537059648609533,1.0
36.0,0.022363011876529712,223.0,0.007080157062116524,0.04118883031420105,1.0
36.0,0.022363011876529712,224.0,0.008795087696498153,6.094850441950776e-05,1.0
36.0,0.022363011876529712,225.0,0.0038619692070634547,0.0,0.0
36.0,0.022363011876529712,226.0,0.004529577750929081,1.8864303903507853,1.0
36.0,0.022363011876529712,227.0,0.0015682825373049187,1.8682816770082037e-05,0.0
36.0,0.022363011876529712,228.0,0.0029311124308230934,0.0784284191448652,1.0
36.0,0.022363011876529712,229.0,0.002808254414693549,0.0004374138738485373,1.0
36.0,0.022363011876529712,230.0,0.006833333032849759,0.0011130673355061085,1.0
36.0,0.022363011876529712,231.0,0.003939730119011348,4.447851569560693e-05,0.0
36.0,0.022363011876529712,232.0,0.002097508672152078,0.0,0.0
36.0,0.022363011876529712,233.0,0.0073841215850189235,0.0013943591504421674,0.0
36.0,0.022363011876529712,234.0,0.001612562292108069,0.0005374173255558643,1.0
36.0,0.022363011876529712,235.0,0.0017058989306116123,0.015505266788810602,0.0
36.0,0.022363011876529712,236.0,0.0017663257818061155,2.4959697581665598e-05,0.0
36.0,0.022363011876529712,237.0,0.007712115201961845,3.022757715389713,1.0
36.0,0.022363011876529712,238.0,0.0018423416266361858,1.7466899862073038e-05,1.0
36.0,0.022363011876529712,239.0,0.007093138273121492,0.0,0.0
36.0,0.022363011876529712,240.0,0.001986889804500234,0.0007156064157250938,1.0
36.0,0.022363011876529712,241.0,0.003857226912383697,0.0013236753202582054,0.0
36.0,0.022363011876529712,242.0,0.0087203258717024,0.35583055629837,1.0
36.0,0.022363011876529712,243.0,0.004629319399065834,0.0002355199933305979,1.0
36.0,0.022363011876529712,244.0,0.007599466182257034,0.0,0.0
36.0,0.022363011876529712,245.0,0.008882555195406691,0.0,0.0
36.0,0.022363011876529712,246.0,0.0025312257725810194,9.688524697060578e-06,1.0
36.0,0.022363011876529712,247.0,0.0029870618422779675,0.019841335937967875,0.0
36.0,0.022363011876529712,248.0,0.00438915551747874,0.006711706601828908,1.0
36.0,0.022363011876529712,249.0,0.0029041624617326613,0.00883861935115505,1.0
36.0,0.022363011876529712,250.0,0.0076055053547767265,0.0,0.0
36.0,0.022363011876529712,251.0,0.004048570238012205,0.2365009454532197,1.0
36.0,0.022363011876529712,252.0,0.0014851719121218828,0.013723039774594539,1.0
36.0,0.022363011876529712,253.0,0.007844712874433838,0.010420437516009991,0.0
36.0,0.022363011876529712,254.0,0.0023042747449578227,0.0970494336592988,1.0
36.0,0.022363011876529712,255.0,0.004413220193404853,0.0,0.0
36.0,0.022363011876529712,256.0,0.0025869830379726647,3.135993862817402e-05,1.0
36.0,0.022363011876529712,257.0,0.0061974905569952745,0.15721439480454175,1.0
36.0,0.022363011876529712,258.0,0.001830931210700006,2.489263802684949e-05,0.0
36.0,0.022363011876529712,259.0,0.003782634882023928,2.4885334229728583e-06,0.0
36.0,0.022363011876529712,260.0,0.004279006254088304,0.0,0.0
36.0,0.022363011876529712,261.0,0.0020889570975538185,3.391745152998794e-05,1.0
36.0,0.022363011876529712,262.0,0.0027645428679876067,8.918055738889329e-06,0.0
36.0,0.022363011876529712,263.0,0.004515004011974411,0.032598436345236945,1.0
36.0,0.022363011876529712,264.0,0.0017302938550181257,0.0010522723231433286,1.0
36.0,0.022363011876529712,265.0,0.0015751943072423134,0.028772681839431942,1.0
36.0,0.022363011876529712,266.0,0.008144573625958277,0.013172953075036345,1.0
36.0,0.022363011876529712,267.0,0.00460698342035579,0.0018556949286880197,1.0
36.0,0.022363011876529712,268.0,0.008751852155755458,8.575275044156661e-05,0.0
36.0,0.022363011876529712,269.0,0.0037637995944017665,0.01585752602420211,1.0
36.0,0.022363011876529712,270.0,0.0017854535860476995,0.007522964918049655,1.0
36.0,0.022363011876529712,271.0,0.0016638632948551314,0.0031266192615979713,1.0
36.0,0.022363011876529712,272.0,0.008392218370962828,0.0007825302307888309,1.0
36.0,0.022363011876529712,273.0,0.005307211526017179,0.11877051961456143,1.0
36.0,0.022363011876529712,274.0,0.002976916921552364,0.025081840678598775,0.0
36.0,0.022363011876529712,275.0,0.007326631048378133,2.9892439065278302,1.0
36.0,0.022363011876529712,276.0,0.005112788525262388,0.00020213269214176363,0.0
36.0,0.022363011876529712,277.0,0.0024347119334511753,6.884746524603503e-05,1.0
36.0,0.022363011876529712,278.0,0.005427638732423867,0.0,0.0
36.0,0.022363011876529712,279.0,0.0033443681728667655,0.00035855060783567607,1.0
36.0,0.022363011876529712,280.0,0.004571864853977361,0.00011650516614744935,1.0
36.0,0.022363011876529712,281.0,0.004124657402605496,0.0,0.0
36.0,0.022363011876529712,282.0,0.00301250866849142,0.10937474679111832,1.0
36.0,0.022363011876529712,283.0,0.019646176941988863,5.976532491791285,1.0
36.0,0.022363011876529712,284.0,0.008560561289242812,0.0,0.0
36.0,0.022363011876529712,285.0,0.0039604404240688035,0.0,0.0
36.0,0.022363011876529712,286.0,0.04042091453045292,9.789316951822583,1.0
36.0,0.022363011876529712,287.0,0.002111896420493295,0.0029654143923280424,1.0
36.0,0.022363011876529712,288.0,0.003268069901319999,0.0020698303578328904,0.0
36.0,0.022363011876529712,289.0,0.004100270256280404,8.263039003351493e-06,0.0
36.0,0.022363011876529712,290.0,0.00605743006541612,0.04662412431925933,1.0
36.0,0.022363011876529712,291.0,0.0034054008544996185,0.054741930894941705,1.0
36.0,0.022363011876529712,292.0,0.0019169372909945501,0.028867199420706292,1.0
36.0,0.022363011876529712,293.0,0.002270226691067811,0.007461353497187664,0.0
36.0,0.022363011876529712,294.0,0.007074568576245561,0.1604871775934551,1.0
36.0,0.022363011876529712,295.0,0.002966052347736427,2.7496253493126554e-05,0.0
36.0,0.022363011876529712,296.0,0.005996947898075111,9.775937220344052e-05,1.0
36.0,0.022363011876529712,297.0,0.0027788154962001526,0.0007775196159801257,1.0
36.0,0.022363011876529712,298.0,0.0038945502188564886,1.1490258987763807e-06,0.0
36.0,0.022363011876529712,299.0,0.0017674712986878443,0.052750781070860224,1.0
36.0,0.022363011876529712,300.0,0.005693301981081408,0.0,0.0
36.0,0.022363011876529712,301.0,0.004058856102991301,0.0,0.0
36.0,0.022363011876529712,302.0,0.001665323702420671,0.006152978257886658,1.0
36.0,0.022363011876529712,303.0,0.005717280154334652,0.3755890542372435,1.0
36.0,0.022363011876529712,304.0,0.0020807987561079176,0.019806482873469762,0.0
36.0,0.022363011876529712,305.0,0.0072641007213396095,0.01731135069009561,1.0
36.0,0.022363011876529712,306.0,0.008972059655734608,0.00034961941526056586,0.0
36.0,0.022363011876529712,307.0,0.0042903074130242295,0.0,0.0
36.0,0.022363011876529712,308.0,0.003609070971107516,0.10314278804040736,1.0
36.0,0.022363011876529712,309.0,0.013343271305575359,4.6654721936372265,1.0
36.0,0.022363011876529712,310.0,0.0014215167230157868,8.677886755571351e-05,1.0
36.0,0.022363011876529712,311.0,0.0035059524495830736,0.0023761547594788237,1.0
36.0,0.022363011876529712,312.0,0.0027367237150407162,0.0,0.0
36.0,0.022363011876529712,313.0,0.0039323942701425555,0.001404678271872873,1.0
36.0,0.022363011876529712,314.0,0.0035684361397405645,0.0,0.0
36.0,0.022363011876529712,315.0,0.007247144462884144,0.025141747471394294,1.0
36.0,0.022363011876529712,316.0,0.007035703906045525,0.010117271423549831,1.0
36.0,0.022363011876529712,317.0,0.0038999895488811094,5.7131332579436876e-05,1.0
36.0,0.022363011876529712,318.0,0.012375742960145856,3.1771308152856776,1.0
36.0,0.022363011876529712,319.0,0.001774170573782122,2.563655281653355e-05,0.0
36.0,0.022363011876529712,320.0,0.008064825484165395,0.5054361605533197,1.0
36.0,0.022363011876529712,321.0,0.002512969604101185,0.012233751726244671,1.0
36.0,0.022363011876529712,322.0,0.0015259082788114478,0.05418081605913625,1.0
36.0,0.022363011876529712,323.0,0.0033346933716847755,0.0,0.0
36.0,0.022363011876529712,324.0,0.004224094695237349,0.0,0.0
36.0,0.022363011876529712,325.0,0.003664181310098994,8.61141986456708e-06,1.0
36.0,0.022363011876529712,326.0,0.003876564992544991,0.00037133282775532976,0.0
36.0,0.022363011876529712,327.0,0.00514251844639275,0.13755849395022143,1.0
36.0,0.022363011876529712,328.0,0.002902964266596704,0.012198431116297832,0.0
36.0,0.022363011876529712,329.0,0.002841255165456502,0.005637323568070584,1.0
36.0,0.022363011876529712,330.0,0.0023100785179886803,0.000452578683340513,0.0
36.0,0.022363011876529712,331.0,0.002221833204388523,0.0,0.0
36.0,0.022363011876529712,332.0,0.003866589401102967,0.024323378172224647,1.0
36.0,0.022363011876529712,333.0,0.002814067988360866,8.852957124050705e-05,1.0
36.0,0.022363011876529712,334.0,0.00717391709689773,0.07660491479201167,1.0
36.0,0.022363011876529712,335.0,0.003211560291252469,0.008043052268514175,1.0
36.0,0.022363011876529712,336.0,0.0073212188380535875,2.638432284530573e-06,0.0
36.0,0.022363011876529712,337.0,0.008376462061223814,0.0012357511866134914,1.0
36.0,0.022363011876529712,338.0,0.00683389510200038,0.00021931592377701277,0.0
36.0,0.022363011876529712,339.0,0.0027849126461289204,0.2819100313324498,1.0
36.0,0.022363011876529712,340.0,0.002313366054597738,0.0,0.0
36.0,0.022363011876529712,341.0,0.002041916626491606,0.0,0.0
36.0,0.022363011876529712,342.0,0.0037970333352837244,4.321153105969633e-05,0.0
36.0,0.022363011876529712,343.0,0.008721938437519236,0.004878421821897478,1.0
36.0,0.022363011876529712,344.0,0.008422029265402477,0.005545487640897497,1.0
36.0,0.022363011876529712,345.0,0.0015980360861606701,0.027868731641685133,1.0
36.0,0.022363011876529712,346.0,0.001895916667566266,0.00026552541322611475,1.0
36.0,0.022363011876529712,347.0,0.004235579614727175,0.0,0.0
36.0,0.022363011876529712,348.0,0.004166119058540061,0.0,0.0
36.0,0.022363011876529712,349.0,0.0038300106603342265,0.0016284446573084385,1.0
36.0,0.022363011876529712,350.0,0.002198321832135544,4.0124678058649177e-05,0.0
36.0,0.022363011876529712,351.0,0.016475319183138982,4.154178399502807,1.0
36.0,0.022363011876529712,352.0,0.002759020972881809,0.0,0.0
36.0,0.022363011876529712,353.0,0.0017228331097491455,0.0011124628979894556,1.0
36.0,0.022363011876529712,354.0,0.0014516324263551183,0.019857746410573602,1.0
36.0,0.022363011876529712,355.0,0.004668310459880635,0.0,0.0
36.0,0.022363011876529712,356.0,0.00573957224334704,0.0026891377663353314,1.0
36.0,0.022363011876529712,357.0,0.008411952853158277,0.0060697498835878515,1.0
36.0,0.022363011876529712,358.0,0.008477558959408323,0.007159811983632258,1.0
36.0,0.022363011876529712,359.0,0.007227412815678148,0.0011041237438021714,0.0
36.0,0.022363011876529712,360.0,0.0024892369276495008,0.10488118324836745,1.0
36.0,0.022363011876529712,361.0,0.0029719440825971073,0.03621215768627506,1.0
36.0,0.022363011876529712,362.0,0.0015617912415931256,0.02167699854117586,1.0
36.0,0.022363011876529712,363.0,0.002167630751569971,0.0,0.0
36.0,0.022363011876529712,364.0,0.005787230306312193,0.003201798940466844,1.0
36.0,0.022363011876529712,365.0,0.007078389639013186,0.024465240893936042,1.0
36.0,0.022363011876529712,366.0,0.009347558483219392,8.074917950699122e-06,0.0
36.0,0.022363011876529712,367.0,0.003463999033676203,7.854405074853608e-07,0.0
36.0,0.022363011876529712,368.0,0.004668143446574315,0.0030602569212079714,0.0
36.0,0.022363011876529712,369.0,0.0015379689778981876,0.00015281530174931387,0.0
36.0,0.022363011876529712,370.0,0.00237760567092634,0.014481286164792974,1.0
36.0,0.022363011876529712,371.0,0.003000440409615369,7.916858586022538e-05,0.0
36.0,0.022363011876529712,372.0,0.0034482166020862095,0.13243690540372208,1.0
36.0,0.022363011876529712,373.0,0.018450197132075432,3.8715566797532475,1.0
36.0,0.022363011876529712,374.0,0.007321003427639474,0.0,0.0
36.0,0.022363011876529712,375.0,0.0030075345525939164,0.007087909811716329,1.0
36.0,0.022363011876529712,376.0,0.03571140137363168,7.906324638987493,1.0
36.0,0.022363011876529712,377.0,0.02452970984074023,7.367100795477687,1.0
36.0,0.022363011876529712,378.0,0.0025110263355794496,0.0,0.0
36.0,0.022363011876529712,379.0,0.002019644859324538,0.0,0.0
36.0,0.022363011876529712,380.0,0.0032971484998609323,0.03848572679548009,1.0
36.0,0.022363011876529712,381.0,0.0046283947733979465,1.9086897688994857,1.0
36.0,0.022363011876529712,382.0,0.0041654522685468974,0.0,0.0
36.0,0.022363011876529712,383.0,0.0018186851964829079,0.02356756599606954,1.0
36.0,0.022363011876529712,384.0,0.002201311559516171,0.0018668327306432609,1.0
36.0,0.022363011876529712,385.0,0.007606522333629047,0.09735880792949798,1.0
36.0,0.022363011876529712,386.0,0.00902092887525847,0.3922770512101665,1.0
36.0,0.022363011876529712,387.0,0.008631856513000509,7.190048401481621e-05,1.0
36.0,0.022363011876529712,388.0,0.003957828481732337,0.0013261595788779642,1.0
36.0,0.022363011876529712,389.0,0.002722070707105121,0.028460963166294716,1.0
36.0,0.022363011876529712,390.0,0.001610824983683129,0.0024583182996397814,1.0
36.0,0.022363011876529712,391.0,0.003933741951628836,0.0,0.0
36.0,0.022363011876529712,392.0,0.004216219278364981,0.006667001312085993,0.0
36.0,0.022363011876529712,393.0,0.002351203213523819,0.0,0.0
36.0,0.022363011876529712,394.0,0.01537337990426707,4.994961477863142,1.0
36.0,0.022363011876529712,395.0,0.004012813794468061,8.521592031340407e-07,0.0
36.0,0.022363011876529712,396.0,0.002696723751906148,0.0004543190232620812,0.0
36.0,0.022363011876529712,397.0,0.003176617454128277,0.26928683182907626,1.0
36.0,0.022363011876529712,398.0,0.0012805023438727096,0.032262611495400974,1.0
36.0,0.022363011876529712,399.0,0.00406920925098769,0.0023079115835387977,1.0
36.0,0.06708903562958914,0.0,0.006736908019775824,0.006837909700955517,1.0
36.0,0.06708903562958914,1.0,0.0033761402479294263,0.047374109690524635,1.0
36.0,0.06708903562958914,2.0,0.0034327303492532545,0.003967052073955954,1.0
36.0,0.06708903562958914,3.0,0.003062824840991739,0.0011959467041867814,1.0
36.0,0.06708903562958914,4.0,0.0015938133287682883,0.007900852893193396,1.0
36.0,0.06708903562958914,5.0,0.0031186229010885984,0.0007658011703268658,1.0
36.0,0.06708903562958914,6.0,0.004552659901903502,0.0,0.0
36.0,0.06708903562958914,7.0,0.008583778964150595,0.0,0.0
36.0,0.06708903562958914,8.0,0.008560499277873107,0.006904883979204095,1.0
36.0,0.06708903562958914,9.0,0.006900269438944378,0.0007322145425594778,1.0
36.0,0.06708903562958914,10.0,0.0027260185329851766,0.02180417734880197,1.0
36.0,0.06708903562958914,11.0,0.004014866851944901,0.06088732035374249,1.0
36.0,0.06708903562958914,12.0,0.007390150152664626,0.0,0.0
36.0,0.06708903562958914,13.0,0.007939882328104681,0.0,0.0
36.0,0.06708903562958914,14.0,0.00802439831906828,0.01578834490000505,1.0
36.0,0.06708903562958914,15.0,0.008954468134407825,0.0,0.0
36.0,0.06708903562958914,16.0,0.026617031548325145,3.469383243923109e-08,0.0
36.0,0.06708903562958914,17.0,0.00840860947298788,0.004923662810928403,1.0
36.0,0.06708903562958914,18.0,0.007940427770843096,4.455825720997448e-05,0.0
36.0,0.06708903562958914,19.0,0.006757276324307643,0.0005109034307587656,1.0
36.0,0.06708903562958914,20.0,0.01102868910984825,0.8089929048868348,1.0
36.0,0.06708903562958914,21.0,0.007674088382246266,4.46817534466421e-06,0.0
36.0,0.06708903562958914,22.0,0.002004879871411954,0.0,0.0
36.0,0.06708903562958914,23.0,0.009610541896073738,0.0014318539835366862,1.0
36.0,0.06708903562958914,24.0,0.0043794323448810525,0.00029601684594233747,0.0
36.0,0.06708903562958914,25.0,0.0042871012108091616,0.037609038353790585,1.0
36.0,0.06708903562958914,26.0,0.0015385228569055882,0.00016552338882332138,0.0
36.0,0.06708903562958914,27.0,0.007335236206582221,0.029682765758956026,1.0
36.0,0.06708903562958914,28.0,0.014141004160559998,2.039884174552957,1.0
36.0,0.06708903562958914,29.0,0.003296787115694493,0.007070893966230044,1.0
36.0,0.06708903562958914,30.0,0.012926588459746554,2.868616550653351e-05,1.0
36.0,0.06708903562958914,31.0,0.004264574769723032,0.010291013308979783,1.0
36.0,0.06708903562958914,32.0,0.007071253409169168,0.0004075691011381167,1.0
36.0,0.06708903562958914,33.0,0.0017761170172697646,0.012827351325946116,1.0
36.0,0.06708903562958914,34.0,0.007315803828085945,1.536196457977786,1.0
36.0,0.06708903562958914,35.0,0.008396293380447275,0.0013855026481530953,0.0
36.0,0.06708903562958914,36.0,0.008388673422973787,0.002384938014085731,1.0
36.0,0.06708903562958914,37.0,0.0014509160896528036,0.0007312728990615244,1.0
36.0,0.06708903562958914,38.0,0.026278573151660583,0.044189036815636094,1.0
36.0,0.06708903562958914,39.0,0.004269542071748941,0.07646155162969132,1.0
36.0,0.06708903562958914,40.0,0.008373255039986349,0.015204234387311808,0.0
36.0,0.06708903562958914,41.0,0.007258250306037519,0.0,0.0
36.0,0.06708903562958914,42.0,0.002841882788999221,0.007409059331252022,1.0
36.0,0.06708903562958914,43.0,0.007594379652252383,0.019178036730103525,0.0
36.0,0.06708903562958914,44.0,0.02035684742809182,4.575178011834911,1.0
36.0,0.06708903562958914,45.0,0.009081502727578824,0.0,0.0
36.0,0.06708903562958914,46.0,0.004797024139087639,0.0,0.0
36.0,0.06708903562958914,47.0,0.013973175586368758,2.2908628157142337,1.0
36.0,0.06708903562958914,48.0,0.008674142135201906,0.0005438121530273383,1.0
36.0,0.06708903562958914,49.0,0.024494945597415305,0.005035192398237372,0.0
36.0,0.06708903562958914,50.0,0.004011208567090234,0.14547387728410996,1.0
36.0,0.06708903562958914,51.0,0.008963237001151944,0.6851046583832577,1.0
36.0,0.06708903562958914,52.0,0.007552086898760358,0.0018474991324543403,0.0
36.0,0.06708903562958914,53.0,0.0038924878438506435,0.019472897313663584,1.0
36.0,0.06708903562958914,54.0,0.008342203937064101,1.7879848202806177,1.0
36.0,0.06708903562958914,55.0,0.010688381966279817,0.3461817958834725,1.0
36.0,0.06708903562958914,56.0,0.004455312001697422,0.0009730673946920606,1.0
36.0,0.06708903562958914,57.0,0.005959413836020298,2.518695673350352,1.0
36.0,0.06708903562958914,58.0,0.008752065709661059,1.6318131445931832e-05,1.0
36.0,0.06708903562958914,59.0,0.0036079016936615893,0.0,0.0
36.0,0.06708903562958914,60.0,0.009021560000100402,0.0,0.0
36.0,0.06708903562958914,61.0,0.004326104570308246,0.0,0.0
36.0,0.06708903562958914,62.0,0.006869832660055485,1.2886593160807682,1.0
36.0,0.06708903562958914,63.0,0.009060149268770738,0.0,0.0
36.0,0.06708903562958914,64.0,0.004846786861079301,0.002309966336458849,0.0
36.0,0.06708903562958914,65.0,0.0018960518360969837,0.0003142234133974683,0.0
36.0,0.06708903562958914,66.0,0.004099170229841871,0.02290720993876841,1.0
36.0,0.06708903562958914,67.0,0.006749678164856557,0.0813648777368722,1.0
36.0,0.06708903562958914,68.0,0.004535881484043496,0.0,0.0
36.0,0.06708903562958914,69.0,0.03269672318920709,3.058627601036997e-05,0.0
36.0,0.06708903562958914,70.0,0.008801668289387426,0.16057505862721938,1.0
36.0,0.06708903562958914,71.0,0.00820999576186483,0.0008302695381697352,1.0
36.0,0.06708903562958914,72.0,0.0085579248600092,0.022622809311981566,1.0
36.0,0.06708903562958914,73.0,0.0066431093291342835,4.13602657519848e-06,0.0
36.0,0.06708903562958914,74.0,0.0021224246565317443,0.0,0.0
36.0,0.06708903562958914,75.0,0.008401795925208802,2.6393670587694738,1.0
36.0,0.06708903562958914,76.0,0.004591889071921392,2.102450312214539,1.0
36.0,0.06708903562958914,77.0,0.0067194899320779655,0.08610825458515046,1.0
36.0,0.06708903562958914,78.0,0.0039888543793656205,0.0,0.0
36.0,0.06708903562958914,79.0,0.00895899541054044,0.0,0.0
36.0,0.06708903562958914,80.0,0.004579250420290686,0.0,0.0
36.0,0.06708903562958914,81.0,0.004373643630902232,0.0009495568933408498,0.0
36.0,0.06708903562958914,82.0,0.00937534146764369,0.07227221724018554,1.0
36.0,0.06708903562958914,83.0,0.003517651683424208,0.01489677199364613,1.0
36.0,0.06708903562958914,84.0,0.012053679818082395,0.3425486418905965,1.0
36.0,0.06708903562958914,85.0,0.008962446219911893,0.0004550296409530266,1.0
36.0,0.06708903562958914,86.0,0.003975307263737262,0.00042616862951114757,1.0
36.0,0.06708903562958914,87.0,0.004476665243180144,0.003561154052689841,0.0
36.0,0.06708903562958914,88.0,0.004418576550756612,0.0017586669005292149,0.0
36.0,0.06708903562958914,89.0,0.01956842648387847,6.153369441499374,1.0
36.0,0.06708903562958914,90.0,0.0016870117787421905,0.0038114951532010506,1.0
36.0,0.06708903562958914,91.0,0.003805247787294849,0.011579341762137083,1.0
36.0,0.06708903562958914,92.0,0.016093410054854346,3.3007137246353833,1.0
36.0,0.06708903562958914,93.0,0.0019955467470550723,0.001435391060725391,0.0
36.0,0.06708903562958914,94.0,0.0041666620424014355,0.0018367326796885244,1.0
36.0,0.06708903562958914,95.0,0.004665224194769855,0.02036294823968923,0.0
36.0,0.06708903562958914,96.0,0.007328737473449998,0.023862876388310066,0.0
36.0,0.06708903562958914,97.0,0.008850669739795126,0.0005218553873802592,1.0
36.0,0.06708903562958914,98.0,0.0018173841960297738,0.0020417218435976594,1.0
36.0,0.06708903562958914,99.0,0.00880283767001161,0.021656646010884805,0.0
36.0,0.06708903562958914,100.0,0.008515202577897195,0.01006173602647815,1.0
36.0,0.06708903562958914,101.0,0.005421624018883337,0.030692178114652233,1.0
36.0,0.06708903562958914,102.0,0.00670347445187029,0.0010207697812814787,0.0
36.0,0.06708903562958914,103.0,0.007077902722859218,0.001122161656104868,1.0
36.0,0.06708903562958914,104.0,0.003769293042407888,0.0021628759095630064,1.0
36.0,0.06708903562958914,105.0,0.002088500429759363,0.0,0.0
36.0,0.06708903562958914,106.0,0.009164715867464705,0.6095582295041766,1.0
36.0,0.06708903562958914,107.0,0.025878367719107294,0.0,0.0
36.0,0.06708903562958914,108.0,0.009057805814849124,0.3714446031012432,1.0
36.0,0.06708903562958914,109.0,0.007803471632500441,0.0,0.0
36.0,0.06708903562958914,110.0,0.001474508418712644,0.00018775868309080888,1.0
36.0,0.06708903562958914,111.0,0.017234190285327407,3.310082516917301,1.0
36.0,0.06708903562958914,112.0,0.009052905721168843,0.0014412756142586755,1.0
36.0,0.06708903562958914,113.0,0.00941704138155449,0.23184415030055897,1.0
36.0,0.06708903562958914,114.0,0.006511854650956137,0.0020988333563518036,1.0
36.0,0.06708903562958914,115.0,0.006701395715354123,0.00016164793060303873,1.0
36.0,0.06708903562958914,116.0,0.0019714379151551616,0.0,0.0
36.0,0.06708903562958914,117.0,0.009064646946906757,0.0,0.0
36.0,0.06708903562958914,118.0,0.008032868780230412,0.045645305872250345,0.0
36.0,0.06708903562958914,119.0,0.0059539014198292314,0.0033687773400414896,1.0
36.0,0.06708903562958914,120.0,0.008266741591259646,0.03607131151364295,1.0
36.0,0.06708903562958914,121.0,0.008720564190792125,0.05772932532622339,0.0
36.0,0.06708903562958914,122.0,0.00738887527420865,1.3439405502035369,1.0
36.0,0.06708903562958914,123.0,0.004111321182007603,0.010178744223799076,1.0
36.0,0.06708903562958914,124.0,0.006942898749381488,0.005095572467125382,1.0
36.0,0.06708903562958914,125.0,0.0033183106515591774,0.0004957269253396757,1.0
36.0,0.06708903562958914,126.0,0.011850615380120413,0.7499967770992876,1.0
36.0,0.06708903562958914,127.0,0.007749444415132101,0.02035272003566449,0.0
36.0,0.06708903562958914,128.0,0.009012889847741908,0.4448010369077609,1.0
36.0,0.06708903562958914,129.0,0.0019105949536412257,0.023574587085337544,1.0
36.0,0.06708903562958914,130.0,0.0014516971678042408,0.000531656993200616,1.0
36.0,0.06708903562958914,131.0,0.002755984959386592,0.006893957037985508,1.0
36.0,0.06708903562958914,132.0,0.007440800563329891,0.0,0.0
36.0,0.06708903562958914,133.0,0.00819641051510038,3.3198467143890205,1.0
36.0,0.06708903562958914,134.0,0.006666058265063872,4.799630600615647e-05,1.0
36.0,0.06708903562958914,135.0,0.0037410643923555427,0.011069129284604368,1.0
36.0,0.06708903562958914,136.0,0.0034101296611128676,0.020763561562156984,1.0
36.0,0.06708903562958914,137.0,0.0033025559518488176,0.004036359462763585,1.0
36.0,0.06708903562958914,138.0,0.00962281957022562,0.020794981715450595,0.0
36.0,0.06708903562958914,139.0,0.0018879722821057252,0.0,0.0
36.0,0.06708903562958914,140.0,0.005696727959596061,0.7613005345470584,1.0
36.0,0.06708903562958914,141.0,0.00731163772465975,0.002620221205192963,0.0
36.0,0.06708903562958914,142.0,0.004127231009337721,0.0009571123099215909,0.0
36.0,0.06708903562958914,143.0,0.0090962616979379,0.01989632512877417,1.0
36.0,0.06708903562958914,144.0,0.004169525815429454,0.001958454723536488,1.0
36.0,0.06708903562958914,145.0,0.0017471541911299624,0.0004983109604096942,0.0
36.0,0.06708903562958914,146.0,0.006838522285666898,0.003924772133005858,0.0
36.0,0.06708903562958914,147.0,0.0071851392376503275,0.0009379439582468179,1.0
36.0,0.06708903562958914,148.0,0.005343167593326538,2.1628768977089536,1.0
36.0,0.06708903562958914,149.0,0.0037030871514134654,0.182776549764799,1.0
36.0,0.06708903562958914,150.0,0.004061909317813181,0.0015073200941200073,0.0
36.0,0.06708903562958914,151.0,0.006762134857904249,0.019061198557988535,1.0
36.0,0.06708903562958914,152.0,0.00463711772873203,0.0005588866485854323,0.0
36.0,0.06708903562958914,153.0,0.004626508270401679,0.0,0.0
36.0,0.06708903562958914,154.0,0.007070164584283018,0.0008460714027772064,0.0
36.0,0.06708903562958914,155.0,0.01067628028896547,0.004334800323261545,0.0
36.0,0.06708903562958914,156.0,0.009170616283222112,0.04279932204304388,1.0
36.0,0.06708903562958914,157.0,0.004858464860608119,0.0,0.0
36.0,0.06708903562958914,158.0,0.006346555028938477,0.0018642757549852745,1.0
36.0,0.06708903562958914,159.0,0.03384932224554662,0.6461509111536684,1.0
36.0,0.06708903562958914,160.0,0.004286854168016451,1.399798977597666,1.0
36.0,0.06708903562958914,161.0,0.009092021013052174,0.0,0.0
36.0,0.06708903562958914,162.0,0.0014841140454624883,0.003242772674135929,1.0
36.0,0.06708903562958914,163.0,0.00894239116493981,0.006469146249277375,1.0
36.0,0.06708903562958914,164.0,0.009718913047338783,0.02045548584093957,0.0
36.0,0.06708903562958914,165.0,0.007403949688578473,4.5778206982648565e-05,0.0
36.0,0.06708903562958914,166.0,0.006969270399059284,0.000291742096627156,1.0
36.0,0.06708903562958914,167.0,0.003915079217378311,0.0056540868381733484,1.0
36.0,0.06708903562958914,168.0,0.004665275136012999,0.0,0.0
36.0,0.06708903562958914,169.0,0.0017303002742015254,6.375486679110718e-05,1.0
36.0,0.06708903562958914,170.0,0.003233474707183977,0.02395948711403063,1.0
36.0,0.06708903562958914,171.0,0.007207772689263131,0.18746570739544802,1.0
36.0,0.06708903562958914,172.0,0.0017732253706036027,0.20254665228223165,1.0
36.0,0.06708903562958914,173.0,0.0016508766428180298,0.045123762697387174,1.0
36.0,0.06708903562958914,174.0,0.004471050901285745,0.027050838535735602,0.0
36.0,0.06708903562958914,175.0,0.00393294648674476,0.0020561803400392185,1.0
36.0,0.06708903562958914,176.0,0.0023487985718692772,0.7556509368126173,1.0
36.0,0.06708903562958914,177.0,0.0016315697139456418,0.013643797795480788,0.0
36.0,0.06708903562958914,178.0,0.010878811481110936,0.25781718166642387,1.0
36.0,0.06708903562958914,179.0,0.0017156295661005523,0.2233387510862019,1.0
36.0,0.06708903562958914,180.0,0.06165044960769311,12.054791462323042,1.0
36.0,0.06708903562958914,181.0,0.006998850574167626,0.019886561794381908,1.0
36.0,0.06708903562958914,182.0,0.006224433555908264,0.1005197045367478,1.0
36.0,0.06708903562958914,183.0,0.0039422322876429584,0.012020871270049282,0.0
36.0,0.06708903562958914,184.0,0.009147678318479043,6.791687572843453e-05,1.0
36.0,0.06708903562958914,185.0,0.006186884437808135,1.1701796014071626,1.0
36.0,0.06708903562958914,186.0,0.003796158839868672,0.01895419045002277,0.0
36.0,0.06708903562958914,187.0,0.00401356925256042,2.0102933998211086e-06,0.0
36.0,0.06708903562958914,188.0,0.007717831595494326,1.6129650680840728,1.0
36.0,0.06708903562958914,189.0,0.0045677286115468575,1.3333881455651783e-05,0.0
36.0,0.06708903562958914,190.0,0.0035747860400699915,0.004786334590669431,1.0
36.0,0.06708903562958914,191.0,0.006751805189299084,0.015234873824668293,1.0
36.0,0.06708903562958914,192.0,0.001532706036270433,0.0029267370464039068,1.0
36.0,0.06708903562958914,193.0,0.004093624602349093,0.012350391172228465,1.0
36.0,0.06708903562958914,194.0,0.008361267266636253,0.5599304536855124,1.0
36.0,0.06708903562958914,195.0,0.004252957738817886,0.022351343309369255,1.0
36.0,0.06708903562958914,196.0,0.004101364796379644,0.0032116599433147353,1.0
36.0,0.06708903562958914,197.0,0.008116995550143195,0.0024395307031350017,1.0
36.0,0.06708903562958914,198.0,0.008929226957195575,0.03815476336140133,1.0
36.0,0.06708903562958914,199.0,0.008454476402602867,0.00020770901426079002,1.0
36.0,0.06708903562958914,200.0,0.003051506458670643,0.0060246944438801095,1.0
36.0,0.06708903562958914,201.0,0.008865825244879862,0.0,0.0
36.0,0.06708903562958914,202.0,0.009803672780063504,0.0,0.0
36.0,0.06708903562958914,203.0,0.0032921992577883024,0.038674566306333875,1.0
36.0,0.06708903562958914,204.0,0.008663888302542706,7.82454756853257e-05,1.0
36.0,0.06708903562958914,205.0,0.0022599512928215657,0.0,0.0
36.0,0.06708903562958914,206.0,0.01236038376086263,1.6123154123610643,1.0
36.0,0.06708903562958914,207.0,0.00478866288364899,0.0,0.0
36.0,0.06708903562958914,208.0,0.0016604080401426545,0.10644220290925809,1.0
36.0,0.06708903562958914,209.0,0.007803776739736077,0.17107356654914105,1.0
36.0,0.06708903562958914,210.0,0.009433624435091893,0.00017869691226394253,1.0
36.0,0.06708903562958914,211.0,0.016847570743367922,2.9042384902645857,1.0
36.0,0.06708903562958914,212.0,0.02438436191528509,5.176817353214786,1.0
36.0,0.06708903562958914,213.0,0.007690456297167562,0.0,0.0
36.0,0.06708903562958914,214.0,0.0028590383712347642,0.0007151529275430904,0.0
36.0,0.06708903562958914,215.0,0.008230143108878008,0.0007338089505216126,0.0
36.0,0.06708903562958914,216.0,0.008036113505461639,0.0002123717298139225,1.0
36.0,0.06708903562958914,217.0,0.020565968791755467,4.951437536417667,1.0
36.0,0.06708903562958914,218.0,0.006951433617673833,0.015945496226064865,1.0
36.0,0.06708903562958914,219.0,0.009089229151122848,0.0,0.0
36.0,0.06708903562958914,220.0,0.006946358474824991,0.0023950372218102855,0.0
36.0,0.06708903562958914,221.0,0.006524021841157787,0.06900370730796876,1.0
36.0,0.06708903562958914,222.0,0.012832240563077923,0.006729362593174199,1.0
36.0,0.06708903562958914,223.0,0.008978601421497865,0.03794776340943635,1.0
36.0,0.06708903562958914,224.0,0.008795087696498153,6.094850441950776e-05,1.0
36.0,0.06708903562958914,225.0,0.006825477170380208,0.0,0.0
36.0,0.06708903562958914,226.0,0.004529577750929081,1.8864303903507853,1.0
36.0,0.06708903562958914,227.0,0.0015682825373049187,1.8682816770082037e-05,0.0
36.0,0.06708903562958914,228.0,0.0029311124308230934,0.0784284191448652,1.0
36.0,0.06708903562958914,229.0,0.004067588068393421,0.00037302248571341836,1.0
36.0,0.06708903562958914,230.0,0.008905555775010449,0.0010485824538804113,1.0
36.0,0.06708903562958914,231.0,0.0069813296748279415,4.3284224345933176e-05,0.0
36.0,0.06708903562958914,232.0,0.002097508672152078,0.0,0.0
36.0,0.06708903562958914,233.0,0.009450331949858335,0.0013696374857148728,0.0
36.0,0.06708903562958914,234.0,0.001612562292108069,0.0005374173255558643,1.0
36.0,0.06708903562958914,235.0,0.0017058989306116123,0.015505266788810602,0.0
36.0,0.06708903562958914,236.0,0.0017663257818061155,2.4959697581665598e-05,0.0
36.0,0.06708903562958914,237.0,0.010423706833630357,2.603887821639567,1.0
36.0,0.06708903562958914,238.0,0.0018423416266361858,1.7466899862073038e-05,1.0
36.0,0.06708903562958914,239.0,0.009309355253047229,0.0,0.0
36.0,0.06708903562958914,240.0,0.004071518472836891,0.0007002409490057168,1.0
36.0,0.06708903562958914,241.0,0.003857226912383697,0.0013236753202582054,0.0
36.0,0.06708903562958914,242.0,0.0087203258717024,0.35583055629837,1.0
36.0,0.06708903562958914,243.0,0.007108785072244176,0.00018947746505163743,1.0
36.0,0.06708903562958914,244.0,0.009730331441497207,0.0,0.0
36.0,0.06708903562958914,245.0,0.008882555195406691,0.0,0.0
36.0,0.06708903562958914,246.0,0.004787927924238285,9.333793095204116e-06,0.0
36.0,0.06708903562958914,247.0,0.0029870618422779675,0.019841335937967875,0.0
36.0,0.06708903562958914,248.0,0.006526392524813746,0.005917537492072485,1.0
36.0,0.06708903562958914,249.0,0.005158872088030352,0.007794494399990442,1.0
36.0,0.06708903562958914,250.0,0.009776758246144188,0.0,0.0
36.0,0.06708903562958914,251.0,0.004048570238012205,0.2365009454532197,1.0
36.0,0.06708903562958914,252.0,0.0014851719121218828,0.013723039774594539,1.0
36.0,0.06708903562958914,253.0,0.011654993413380452,0.009793130306854336,0.0
36.0,0.06708903562958914,254.0,0.004455514152303724,0.07551727765962143,1.0
36.0,0.06708903562958914,255.0,0.004413220193404853,0.0,0.0
36.0,0.06708903562958914,256.0,0.004826300841436324,2.7990881710085285e-05,1.0
36.0,0.06708903562958914,257.0,0.0061974905569952745,0.15721439480454175,1.0
36.0,0.06708903562958914,258.0,0.0038729291918279175,2.2940885561905755e-05,0.0
36.0,0.06708903562958914,259.0,0.006787117808434776,2.4302785024543925e-06,0.0
36.0,0.06708903562958914,260.0,0.006659101768842423,0.0,0.0
36.0,0.06708903562958914,261.0,0.004221667868263625,3.073883836461491e-05,1.0
36.0,0.06708903562958914,262.0,0.004099027305955429,8.921438241496057e-06,0.0
36.0,0.06708903562958914,263.0,0.004515004011974411,0.032598436345236945,1.0
36.0,0.06708903562958914,264.0,0.0037003269587398825,0.000994315595007488,1.0
36.0,0.06708903562958914,265.0,0.0015751943072423134,0.028772681839431942,1.0
36.0,0.06708903562958914,266.0,0.008144573625958277,0.013172953075036345,1.0
36.0,0.06708903562958914,267.0,0.00460698342035579,0.0018556949286880197,1.0
36.0,0.06708903562958914,268.0,0.008751852155755458,8.575275044156661e-05,0.0
36.0,0.06708903562958914,269.0,0.0037637995944017665,0.01585752602420211,1.0
36.0,0.06708903562958914,270.0,0.0037008268458478613,0.00707834028941587,1.0
36.0,0.06708903562958914,271.0,0.0016638632948551314,0.0031266192615979713,1.0
36.0,0.06708903562958914,272.0,0.008392218370962828,0.0007825302307888309,1.0
36.0,0.06708903562958914,273.0,0.005307211526017179,0.11877051961456143,1.0
36.0,0.06708903562958914,274.0,0.005213338952971451,0.024820066989913712,0.0
36.0,0.06708903562958914,275.0,0.01027605320960808,2.660141006035962,1.0
36.0,0.06708903562958914,276.0,0.007096350695486431,0.00020034989949933383,0.0
36.0,0.06708903562958914,277.0,0.0024347119334511753,6.884746524603503e-05,1.0
36.0,0.06708903562958914,278.0,0.007555600386264833,0.0,0.0
36.0,0.06708903562958914,279.0,0.0033443681728667655,0.00035855060783567607,1.0
36.0,0.06708903562958914,280.0,0.004571864853977361,0.00011650516614744935,1.0
36.0,0.06708903562958914,281.0,0.004124657402605496,0.0,0.0
36.0,0.06708903562958914,282.0,0.00301250866849142,0.10937474679111832,1.0
36.0,0.06708903562958914,283.0,0.023931195829334995,5.514154188899619,1.0
36.0,0.06708903562958914,284.0,0.008560561289242812,0.0,0.0
36.0,0.06708903562958914,285.0,0.006977191573330214,0.0,0.0
36.0,0.06708903562958914,286.0,0.04042091453045292,9.789316951822583,1.0
36.0,0.06708903562958914,287.0,0.004109830068100819,0.0024178117419953325,1.0
36.0,0.06708903562958914,288.0,0.003268069901319999,0.0020698303578328904,0.0
36.0,0.06708903562958914,289.0,0.0071879271879476125,8.071308524591215e-06,0.0
36.0,0.06708903562958914,290.0,0.008494200235692764,0.042786388033056774,1.0
36.0,0.06708903562958914,291.0,0.0034054008544996185,0.054741930894941705,1.0
36.0,0.06708903562958914,292.0,0.003882893721497237,0.02856143121146393,1.0
36.0,0.06708903562958914,293.0,0.004494527989296502,0.007451809264838188,0.0
36.0,0.06708903562958914,294.0,0.00907516083979385,0.1476260225233034,1.0
36.0,0.06708903562958914,295.0,0.002966052347736427,2.7496253493126554e-05,0.0
36.0,0.06708903562958914,296.0,0.005996947898075111,9.775937220344052e-05,1.0
36.0,0.06708903562958914,297.0,0.005045657193289876,0.0007362000278069385,1.0
36.0,0.06708903562958914,298.0,0.006960205092647349,1.1205214875066352e-06,0.0
36.0,0.06708903562958914,299.0,0.0017674712986878443,0.052750781070860224,1.0
36.0,0.06708903562958914,300.0,0.007902857654792846,0.0,0.0
36.0,0.06708903562958914,301.0,0.0071108796119903886,0.0,0.0
36.0,0.06708903562958914,302.0,0.001665323702420671,0.006152978257886658,1.0
36.0,0.06708903562958914,303.0,0.005717280154334652,0.3755890542372435,1.0
36.0,0.06708903562958914,304.0,0.0020807987561079176,0.019806482873469762,0.0
36.0,0.06708903562958914,305.0,0.0072641007213396095,0.01731135069009561,1.0
36.0,0.06708903562958914,306.0,0.013151681139103427,0.00033619573662814733,0.0
36.0,0.06708903562958914,307.0,0.007421498325906828,0.0,0.0
36.0,0.06708903562958914,308.0,0.0064793776285547435,0.08504074386755939,1.0
36.0,0.06708903562958914,309.0,0.013343271305575359,4.6654721936372265,1.0
36.0,0.06708903562958914,310.0,0.0014215167230157868,8.677886755571351e-05,1.0
36.0,0.06708903562958914,311.0,0.0035059524495830736,0.0023761547594788237,1.0
36.0,0.06708903562958914,312.0,0.004992998864401057,0.0,0.0
36.0,0.06708903562958914,313.0,0.0069146226953662225,0.0010863963994876466,1.0
36.0,0.06708903562958914,314.0,0.006118913399041428,0.0,0.0
36.0,0.06708903562958914,315.0,0.009150841872276685,0.020815742172407822,1.0
36.0,0.06708903562958914,316.0,0.008756179491647418,0.008508718262923902,1.0
36.0,0.06708903562958914,317.0,0.0038999895488811094,5.7131332579436876e-05,1.0
36.0,0.06708903562958914,318.0,0.015247457453966837,2.6177427532351243,1.0
36.0,0.06708903562958914,319.0,0.001774170573782122,2.563655281653355e-05,0.0
36.0,0.06708903562958914,320.0,0.0119769591605283,0.4339795733706167,1.0
36.0,0.06708903562958914,321.0,0.003837637701508077,0.012087854045136676,1.0
36.0,0.06708903562958914,322.0,0.0015259082788114478,0.05418081605913625,1.0
36.0,0.06708903562958914,323.0,0.004841388322724061,0.0,0.0
36.0,0.06708903562958914,324.0,0.007342261769246297,0.0,0.0
36.0,0.06708903562958914,325.0,0.006593064258274617,6.355296056454841e-06,1.0
36.0,0.06708903562958914,326.0,0.003876564992544991,0.00037133282775532976,0.0
36.0,0.06708903562958914,327.0,0.007054935940119977,0.11145847708949401,1.0
36.0,0.06708903562958914,328.0,0.004150096100064439,0.012058054751643425,0.0
36.0,0.06708903562958914,329.0,0.00406403049944075,0.005464128354907514,1.0
36.0,0.06708903562958914,330.0,0.0045109706324351325,0.00043304993599682624,0.0
36.0,0.06708903562958914,331.0,0.002221833204388523,0.0,0.0
36.0,0.06708903562958914,332.0,0.006819841933200988,0.02055912721340934,1.0
36.0,0.06708903562958914,333.0,0.0041305331367338044,8.447282913435555e-05,1.0
36.0,0.06708903562958914,334.0,0.009081964340147559,0.07091018019039072,1.0
36.0,0.06708903562958914,335.0,0.003211560291252469,0.008043052268514175,1.0
36.0,0.06708903562958914,336.0,0.009328786098470564,2.6367353998977637e-06,0.0
36.0,0.06708903562958914,337.0,0.012122037633328586,0.0006065810866625645,1.0
36.0,0.06708903562958914,338.0,0.008885562052217263,0.00021763728865611373,0.0
36.0,0.06708903562958914,339.0,0.0027849126461289204,0.2819100313324498,1.0
36.0,0.06708903562958914,340.0,0.004598059524915963,0.0,0.0
36.0,0.06708903562958914,341.0,0.002041916626491606,0.0,0.0
36.0,0.06708903562958914,342.0,0.0037970333352837244,4.321153105969633e-05,0.0
36.0,0.06708903562958914,343.0,0.008721938437519236,0.004878421821897478,1.0
36.0,0.06708903562958914,344.0,0.008422029265402477,0.005545487640897497,1.0
36.0,0.06708903562958914,345.0,0.003518384823078043,0.023582389383172614,1.0
36.0,0.06708903562958914,346.0,0.0038802017103359756,0.0002252481423223828,1.0
36.0,0.06708903562958914,347.0,0.007386413981478725,0.0,0.0
36.0,0.06708903562958914,348.0,0.004166119058540061,0.0,0.0
36.0,0.06708903562958914,349.0,0.006150591333961135,0.001079852660297024,1.0
36.0,0.06708903562958914,350.0,0.004437370398368309,4.008092451763095e-05,0.0
36.0,0.06708903562958914,351.0,0.01948855920250938,3.6938176765341115,1.0
36.0,0.06708903562958914,352.0,0.004007180004004324,0.0,0.0
36.0,0.06708903562958914,353.0,0.0037329385237835073,0.001095940504327683,1.0
36.0,0.06708903562958914,354.0,0.0014516324263551183,0.019857746410573602,1.0
36.0,0.06708903562958914,355.0,0.004668310459880635,0.0,0.0
36.0,0.06708903562958914,356.0,0.007861045611958299,0.0013463746506870383,0.0
36.0,0.06708903562958914,357.0,0.008411952853158277,0.0060697498835878515,1.0
36.0,0.06708903562958914,358.0,0.008477558959408323,0.007159811983632258,1.0
36.0,0.06708903562958914,359.0,0.009180362802602487,0.0009182694420337364,0.0
36.0,0.06708903562958914,360.0,0.0024892369276495008,0.10488118324836745,1.0
36.0,0.06708903562958914,361.0,0.0029719440825971073,0.03621215768627506,1.0
36.0,0.06708903562958914,362.0,0.0015617912415931256,0.02167699854117586,1.0
36.0,0.06708903562958914,363.0,0.004312970887146106,0.0,0.0
36.0,0.06708903562958914,364.0,0.008155272839056432,0.0030261837696121756,1.0
36.0,0.06708903562958914,365.0,0.008956068980369195,0.024289761151620137,1.0
36.0,0.06708903562958914,366.0,0.009347558483219392,8.074917950699122e-06,0.0
36.0,0.06708903562958914,367.0,0.003463999033676203,7.854405074853608e-07,0.0
36.0,0.06708903562958914,368.0,0.004668143446574315,0.0030602569212079714,0.0
36.0,0.06708903562958914,369.0,0.0015379689778981876,0.00015281530174931387,0.0
36.0,0.06708903562958914,370.0,0.00237760567092634,0.014481286164792974,1.0
36.0,0.06708903562958914,371.0,0.0043227286761006595,7.701936479904305e-05,0.0
36.0,0.06708903562958914,372.0,0.0034482166020862095,0.13243690540372208,1.0
36.0,0.06708903562958914,373.0,0.018450197132075432,3.8715566797532475,1.0
36.0,0.06708903562958914,374.0,0.009323086008091013,0.0,0.0
36.0,0.06708903562958914,375.0,0.0030075345525939164,0.007087909811716329,1.0
36.0,0.06708903562958914,376.0,0.03571140137363168,7.906324638987493,1.0
36.0,0.06708903562958914,377.0,0.02924266354160943,6.926851670208105,1.0
36.0,0.06708903562958914,378.0,0.004808298021731004,0.0,0.0
36.0,0.06708903562958914,379.0,0.002019644859324538,0.0,0.0
36.0,0.06708903562958914,380.0,0.0032971484998609323,0.03848572679548009,1.0
36.0,0.06708903562958914,381.0,0.0046283947733979465,1.9086897688994857,1.0
36.0,0.06708903562958914,382.0,0.007250097296746208,0.0,0.0
36.0,0.06708903562958914,383.0,0.0038103293986274226,0.023051565986001547,1.0
36.0,0.06708903562958914,384.0,0.004223392519502682,0.0016805752194801492,1.0
36.0,0.06708903562958914,385.0,0.00963069122753033,0.05801692269524719,1.0
36.0,0.06708903562958914,386.0,0.00902092887525847,0.3922770512101665,1.0
36.0,0.06708903562958914,387.0,0.008631856513000509,7.190048401481621e-05,1.0
36.0,0.06708903562958914,388.0,0.00698926089290024,0.001134661821232296,1.0
36.0,0.06708903562958914,389.0,0.0040053199185479055,0.02845226879916326,1.0
36.0,0.06708903562958914,390.0,0.0034428913610393547,0.0022347177316986615,1.0
36.0,0.06708903562958914,391.0,0.006910201926222804,0.0,0.0
36.0,0.06708903562958914,392.0,0.007353920050792605,0.006583154070587142,0.0
36.0,0.06708903562958914,393.0,0.004585329370594124,0.0,0.0
36.0,0.06708903562958914,394.0,0.01967071746300242,4.682933523715798,1.0
36.0,0.06708903562958914,395.0,0.004012813794468061,8.521592031340407e-07,0.0
36.0,0.06708903562958914,396.0,0.004003911081738973,0.0004538755502869724,0.0
36.0,0.06708903562958914,397.0,0.004541721856203209,0.2571559184186235,1.0
36.0,0.06708903562958914,398.0,0.0012805023438727096,0.032262611495400974,1.0
36.0,0.06708903562958914,399.0,0.00406920925098769,0.0023079115835387977,1.0
36.0,0.13417807125917827,0.0,0.00946130452309321,0.006092615540763313,1.0
36.0,0.13417807125917827,1.0,0.0033761402479294263,0.047374109690524635,1.0
36.0,0.13417807125917827,2.0,0.0034327303492532545,0.003967052073955954,1.0
36.0,0.13417807125917827,3.0,0.003062824840991739,0.0011959467041867814,1.0
36.0,0.13417807125917827,4.0,0.005315667630920857,0.005475086965978814,1.0
36.0,0.13417807125917827,5.0,0.0031186229010885984,0.0007658011703268658,1.0
36.0,0.13417807125917827,6.0,0.004552659901903502,0.0,0.0
36.0,0.13417807125917827,7.0,0.018963224731644125,0.0,0.0
36.0,0.13417807125917827,8.0,0.01806536766267949,0.004589013983289081,1.0
36.0,0.13417807125917827,9.0,0.009673246590374801,0.0006101592653247589,1.0
36.0,0.13417807125917827,10.0,0.0027260185329851766,0.02180417734880197,1.0
36.0,0.13417807125917827,11.0,0.004014866851944901,0.06088732035374249,1.0
36.0,0.13417807125917827,12.0,0.007390150152664626,0.0,0.0
36.0,0.13417807125917827,13.0,0.011031688883048892,0.0,0.0
36.0,0.13417807125917827,14.0,0.0177268865157999,0.010275689420114182,1.0
36.0,0.13417807125917827,15.0,0.012376104614485598,0.0,0.0
36.0,0.13417807125917827,16.0,0.03419159185491064,3.4374219979881285e-08,0.0
36.0,0.13417807125917827,17.0,0.018639144008190354,0.003449432553522821,1.0
36.0,0.13417807125917827,18.0,0.011156378013948136,4.128929851278263e-05,0.0
36.0,0.13417807125917827,19.0,0.009517297856232638,0.000401286328694949,1.0
36.0,0.13417807125917827,20.0,0.013637711774036538,0.742309604415888,1.0
36.0,0.13417807125917827,21.0,0.010780152492439042,4.000897416628229e-06,0.0
36.0,0.13417807125917827,22.0,0.007289948927863669,0.0,0.0
36.0,0.13417807125917827,23.0,0.012545378709157784,0.0006124856373893059,1.0
36.0,0.13417807125917827,24.0,0.0043794323448810525,0.00029601684594233747,0.0
36.0,0.13417807125917827,25.0,0.0042871012108091616,0.037609038353790585,1.0
36.0,0.13417807125917827,26.0,0.005211672730468171,0.00015526068503738996,0.0
36.0,0.13417807125917827,27.0,0.010222216186081382,0.027670822688905028,1.0
36.0,0.13417807125917827,28.0,0.017029279382073575,1.6417468101302957,1.0
36.0,0.13417807125917827,29.0,0.003296787115694493,0.007070893966230044,1.0
36.0,0.13417807125917827,30.0,0.0199993850318169,2.6996818937050796e-05,1.0
36.0,0.13417807125917827,31.0,0.004264574769723032,0.010291013308979783,1.0
36.0,0.13417807125917827,32.0,0.009921270994313891,0.00028371232106841343,1.0
36.0,0.13417807125917827,33.0,0.007044386242192926,0.010936440546580663,1.0
36.0,0.13417807125917827,34.0,0.007315803828085945,1.536196457977786,1.0
36.0,0.13417807125917827,35.0,0.011410391697770458,0.0012492108850478737,0.0
36.0,0.13417807125917827,36.0,0.0186882458684874,0.0023766985028585,0.0
36.0,0.13417807125917827,37.0,0.006209538994220723,0.0006880707698869299,1.0
36.0,0.13417807125917827,38.0,0.03886755236950488,0.01340280747500776,1.0
36.0,0.13417807125917827,39.0,0.004269542071748941,0.07646155162969132,1.0
36.0,0.13417807125917827,40.0,0.01855751988644855,0.0044726441224789215,0.0
36.0,0.13417807125917827,41.0,0.007258250306037519,0.0,0.0
36.0,0.13417807125917827,42.0,0.002841882788999221,0.007409059331252022,1.0
36.0,0.13417807125917827,43.0,0.007594379652252383,0.019178036730103525,0.0
36.0,0.13417807125917827,44.0,0.02035684742809182,4.575178011834911,1.0
36.0,0.13417807125917827,45.0,0.02003226475677058,0.0,0.0
36.0,0.13417807125917827,46.0,0.004797024139087639,0.0,0.0
36.0,0.13417807125917827,47.0,0.019656658671373284,0.1508817479715671,1.0
36.0,0.13417807125917827,48.0,0.01929339806352506,0.0004323459137790669,1.0
36.0,0.13417807125917827,49.0,0.03256251455282309,0.004573186199120994,0.0
36.0,0.13417807125917827,50.0,0.004011208567090234,0.14547387728410996,1.0
36.0,0.13417807125917827,51.0,0.011874586855859005,0.5080367090734496,1.0
36.0,0.13417807125917827,52.0,0.010480289872531407,0.001832913995198449,0.0
36.0,0.13417807125917827,53.0,0.0038924878438506435,0.019472897313663584,1.0
36.0,0.13417807125917827,54.0,0.008342203937064101,1.7879848202806177,1.0
36.0,0.13417807125917827,55.0,0.018494168849424585,0.04547806993735876,1.0
36.0,0.13417807125917827,56.0,0.004455312001697422,0.0009730673946920606,1.0
36.0,0.13417807125917827,57.0,0.010252549630924444,1.4108629044824808,1.0
36.0,0.13417807125917827,58.0,0.01959582372630111,5.975718110053442e-06,1.0
36.0,0.13417807125917827,59.0,0.0036079016936615893,0.0,0.0
36.0,0.13417807125917827,60.0,0.011996638388855068,0.0,0.0
36.0,0.13417807125917827,61.0,0.004326104570308246,0.0,0.0
36.0,0.13417807125917827,62.0,0.006869832660055485,1.2886593160807682,1.0
36.0,0.13417807125917827,63.0,0.020530695242838855,0.0,0.0
36.0,0.13417807125917827,64.0,0.004846786861079301,0.002309966336458849,0.0
36.0,0.13417807125917827,65.0,0.007359816232934969,0.00031320632743846486,0.0
36.0,0.13417807125917827,66.0,0.004099170229841871,0.02290720993876841,1.0
36.0,0.13417807125917827,67.0,0.009507033199095372,0.07099921080838616,1.0
36.0,0.13417807125917827,68.0,0.004535881484043496,0.0,0.0
36.0,0.13417807125917827,69.0,0.04422411976373257,3.0513408178287178e-05,0.0
36.0,0.13417807125917827,70.0,0.01827205312396147,0.09315862966177625,1.0
36.0,0.13417807125917827,71.0,0.01097069125830517,0.0007730039784744747,1.0
36.0,0.13417807125917827,72.0,0.018991306310694376,0.02121311851510095,1.0
36.0,0.13417807125917827,73.0,0.0066431093291342835,4.13602657519848e-06,0.0
36.0,0.13417807125917827,74.0,0.006217263011401343,0.0,0.0
36.0,0.13417807125917827,75.0,0.008401795925208802,2.6393670587694738,1.0
36.0,0.13417807125917827,76.0,0.00874562624022993,1.0862786478240536,1.0
36.0,0.13417807125917827,77.0,0.0067194899320779655,0.08610825458515046,1.0
36.0,0.13417807125917827,78.0,0.0039888543793656205,0.0,0.0
36.0,0.13417807125917827,79.0,0.01954886606762646,0.0,0.0
36.0,0.13417807125917827,80.0,0.004579250420290686,0.0,0.0
36.0,0.13417807125917827,81.0,0.004373643630902232,0.0009495568933408498,0.0
36.0,0.13417807125917827,82.0,0.01224621475504741,0.06662960135322259,1.0
36.0,0.13417807125917827,83.0,0.003517651683424208,0.01489677199364613,1.0
36.0,0.13417807125917827,84.0,0.018524140903055836,0.0496706585949621,1.0
36.0,0.13417807125917827,85.0,0.011766514199200986,0.0004522027880463729,1.0
36.0,0.13417807125917827,86.0,0.003975307263737262,0.00042616862951114757,1.0
36.0,0.13417807125917827,87.0,0.004476665243180144,0.003561154052689841,0.0
36.0,0.13417807125917827,88.0,0.004418576550756612,0.0017586669005292149,0.0
36.0,0.13417807125917827,89.0,0.02729675411325995,5.08898058556258,1.0
36.0,0.13417807125917827,90.0,0.006713715375438127,0.003791192614126612,1.0
36.0,0.13417807125917827,91.0,0.003805247787294849,0.011579341762137083,1.0
36.0,0.13417807125917827,92.0,0.020170193226944893,3.032466598219706,1.0
36.0,0.13417807125917827,93.0,0.007348402407332292,0.0014234797658547885,0.0
36.0,0.13417807125917827,94.0,0.0041666620424014355,0.0018367326796885244,1.0
36.0,0.13417807125917827,95.0,0.004665224194769855,0.02036294823968923,0.0
36.0,0.13417807125917827,96.0,0.010273493857137378,0.023861970268829306,0.0
36.0,0.13417807125917827,97.0,0.011558823287040774,0.00038128652640243726,1.0
36.0,0.13417807125917827,98.0,0.005659242442388106,0.0020418119540968212,1.0
36.0,0.13417807125917827,99.0,0.01948583991970548,0.02051874228522705,0.0
36.0,0.13417807125917827,100.0,0.018202155166320105,0.004193795688950869,1.0
36.0,0.13417807125917827,101.0,0.005421624018883337,0.030692178114652233,1.0
36.0,0.13417807125917827,102.0,0.00670347445187029,0.0010207697812814787,0.0
36.0,0.13417807125917827,103.0,0.007077902722859218,0.001122161656104868,1.0
36.0,0.13417807125917827,104.0,0.003769293042407888,0.0021628759095630064,1.0
36.0,0.13417807125917827,105.0,0.0077603115402248265,0.0,0.0
36.0,0.13417807125917827,106.0,0.019425784585189662,0.24400234789520706,1.0
36.0,0.13417807125917827,107.0,0.038662151794286476,0.0,0.0
36.0,0.13417807125917827,108.0,0.01909309001974622,0.08786071838360127,1.0
36.0,0.13417807125917827,109.0,0.007803471632500441,0.0,0.0
36.0,0.13417807125917827,110.0,0.005027792358088275,0.00014536765200414244,1.0
36.0,0.13417807125917827,111.0,0.020950226905988845,2.977785805753148,1.0
36.0,0.13417807125917827,112.0,0.01187871642374699,0.0014051278983856408,1.0
36.0,0.13417807125917827,113.0,0.012293265548297164,0.13091424005337085,1.0
36.0,0.13417807125917827,114.0,0.006511854650956137,0.0020988333563518036,1.0
36.0,0.13417807125917827,115.0,0.006701395715354123,0.00016164793060303873,1.0
36.0,0.13417807125917827,116.0,0.005921720801144314,0.0,0.0
36.0,0.13417807125917827,117.0,0.019954137881888986,0.0,0.0
36.0,0.13417807125917827,118.0,0.018517762096330416,0.028908787205325963,0.0
36.0,0.13417807125917827,119.0,0.0059539014198292314,0.0033687773400414896,1.0
36.0,0.13417807125917827,120.0,0.010962149575290311,0.021879497786288043,1.0
36.0,0.13417807125917827,121.0,0.01939607676909213,0.04790931515791155,0.0
36.0,0.13417807125917827,122.0,0.00738887527420865,1.3439405502035369,1.0
36.0,0.13417807125917827,123.0,0.004111321182007603,0.010178744223799076,1.0
36.0,0.13417807125917827,124.0,0.006942898749381488,0.005095572467125382,1.0
36.0,0.13417807125917827,125.0,0.0033183106515591774,0.0004957269253396757,1.0
36.0,0.13417807125917827,126.0,0.01806018145745976,0.39657566831429675,1.0
36.0,0.13417807125917827,127.0,0.010776135873123836,0.020244708215451004,0.0
36.0,0.13417807125917827,128.0,0.018731046099844155,0.09694965307567358,1.0
36.0,0.13417807125917827,129.0,0.007277006283699834,0.01902992075609687,1.0
36.0,0.13417807125917827,130.0,0.004988673875008769,0.0004802823679336679,1.0
36.0,0.13417807125917827,131.0,0.002755984959386592,0.006893957037985508,1.0
36.0,0.13417807125917827,132.0,0.007440800563329891,0.0,0.0
36.0,0.13417807125917827,133.0,0.014712666863612243,2.595521773482032,1.0
36.0,0.13417807125917827,134.0,0.006666058265063872,4.799630600615647e-05,1.0
36.0,0.13417807125917827,135.0,0.0037410643923555427,0.011069129284604368,1.0
36.0,0.13417807125917827,136.0,0.0034101296611128676,0.020763561562156984,1.0
36.0,0.13417807125917827,137.0,0.0033025559518488176,0.004036359462763585,1.0
36.0,0.13417807125917827,138.0,0.0126281158905327,0.020464702459788438,0.0
36.0,0.13417807125917827,139.0,0.007307342671894189,0.0,0.0
36.0,0.13417807125917827,140.0,0.005696727959596061,0.7613005345470584,1.0
36.0,0.13417807125917827,141.0,0.00731163772465975,0.002620221205192963,0.0
36.0,0.13417807125917827,142.0,0.004127231009337721,0.0009571123099215909,0.0
36.0,0.13417807125917827,143.0,0.011903764277069625,0.018567328149777795,1.0
36.0,0.13417807125917827,144.0,0.004169525815429454,0.001958454723536488,1.0
36.0,0.13417807125917827,145.0,0.005494723821926842,0.0004981286958567585,0.0
36.0,0.13417807125917827,146.0,0.006838522285666898,0.003924772133005858,0.0
36.0,0.13417807125917827,147.0,0.010037753758303443,0.0007670430075846687,1.0
36.0,0.13417807125917827,148.0,0.010917822141896247,1.4323624887101365,1.0
36.0,0.13417807125917827,149.0,0.0037030871514134654,0.182776549764799,1.0
36.0,0.13417807125917827,150.0,0.004061909317813181,0.0015073200941200073,0.0
36.0,0.13417807125917827,151.0,0.009543372607411237,0.016903987753946165,1.0
36.0,0.13417807125917827,152.0,0.00463711772873203,0.0005588866485854323,0.0
36.0,0.13417807125917827,153.0,0.004626508270401679,0.0,0.0
36.0,0.13417807125917827,154.0,0.009964553898693058,0.0008357855368199603,0.0
36.0,0.13417807125917827,155.0,0.017442869640632706,0.004051707464976774,0.0
36.0,0.13417807125917827,156.0,0.018658545268961896,0.023796725942604312,1.0
36.0,0.13417807125917827,157.0,0.004858464860608119,0.0,0.0
36.0,0.13417807125917827,158.0,0.006346555028938477,0.0018642757549852745,1.0
36.0,0.13417807125917827,159.0,0.0474807708168883,0.06682579932680123,1.0
36.0,0.13417807125917827,160.0,0.01085483508457216,1.1471300575150234,1.0
36.0,0.13417807125917827,161.0,0.01213374273868568,0.0,0.0
36.0,0.13417807125917827,162.0,0.006319766623172564,0.002325058680715979,1.0
36.0,0.13417807125917827,163.0,0.011696356400387275,0.005424534644405174,1.0
36.0,0.13417807125917827,164.0,0.012714925535002607,0.020109188257104536,0.0
36.0,0.13417807125917827,165.0,0.010425192721025637,4.5591528465373015e-05,0.0
36.0,0.13417807125917827,166.0,0.009783700175323321,0.00023639035928877286,1.0
36.0,0.13417807125917827,167.0,0.003915079217378311,0.0056540868381733484,1.0
36.0,0.13417807125917827,168.0,0.004665275136012999,0.0,0.0
36.0,0.13417807125917827,169.0,0.005575343105016599,4.437661968668763e-05,1.0
36.0,0.13417807125917827,170.0,0.003233474707183977,0.02395948711403063,1.0
36.0,0.13417807125917827,171.0,0.007207772689263131,0.18746570739544802,1.0
36.0,0.13417807125917827,172.0,0.006739271097587835,0.13786964499747578,1.0
36.0,0.13417807125917827,173.0,0.006589877904963125,0.036958548587205514,1.0
36.0,0.13417807125917827,174.0,0.004471050901285745,0.027050838535735602,0.0
36.0,0.13417807125917827,175.0,0.00393294648674476,0.0020561803400392185,1.0
36.0,0.13417807125917827,176.0,0.007745022331196082,0.6326538216252543,1.0
36.0,0.13417807125917827,177.0,0.005320196804958266,0.013642480724019586,0.0
36.0,0.13417807125917827,178.0,0.013082042395939578,0.17593380091521452,1.0
36.0,0.13417807125917827,179.0,0.006598244117326494,0.13751461956004302,0.0
36.0,0.13417807125917827,180.0,0.06165044960769311,12.054791462323042,1.0
36.0,0.13417807125917827,181.0,0.006998850574167626,0.019886561794381908,1.0
36.0,0.13417807125917827,182.0,0.006224433555908264,0.1005197045367478,1.0
36.0,0.13417807125917827,183.0,0.0039422322876429584,0.012020871270049282,0.0
36.0,0.13417807125917827,184.0,0.019303433653834166,3.048830815870406e-05,1.0
36.0,0.13417807125917827,185.0,0.006186884437808135,1.1701796014071626,1.0
36.0,0.13417807125917827,186.0,0.003796158839868672,0.01895419045002277,0.0
36.0,0.13417807125917827,187.0,0.00401356925256042,2.0102933998211086e-06,0.0
36.0,0.13417807125917827,188.0,0.007717831595494326,1.6129650680840728,1.0
36.0,0.13417807125917827,189.0,0.0045677286115468575,1.3333881455651783e-05,0.0
36.0,0.13417807125917827,190.0,0.0035747860400699915,0.004786334590669431,1.0
36.0,0.13417807125917827,191.0,0.009481109962286367,0.014845908198620071,1.0
36.0,0.13417807125917827,192.0,0.0052217724406796355,0.002107373400764974,1.0
36.0,0.13417807125917827,193.0,0.004093624602349093,0.012350391172228465,1.0
36.0,0.13417807125917827,194.0,0.011056681900690674,0.3638375833219348,1.0
36.0,0.13417807125917827,195.0,0.009649933277783684,0.019630878166840688,1.0
36.0,0.13417807125917827,196.0,0.004101364796379644,0.0032116599433147353,1.0
36.0,0.13417807125917827,197.0,0.010821311161072702,0.0021152919896500373,1.0
36.0,0.13417807125917827,198.0,0.01161977809183248,0.032446610985335717,1.0
36.0,0.13417807125917827,199.0,0.01887600507016702,0.00018066057828773573,1.0
36.0,0.13417807125917827,200.0,0.003051506458670643,0.0060246944438801095,1.0
36.0,0.13417807125917827,201.0,0.011762626655598346,0.0,0.0
36.0,0.13417807125917827,202.0,0.012885417079211115,0.0,0.0
36.0,0.13417807125917827,203.0,0.0032921992577883024,0.038674566306333875,1.0
36.0,0.13417807125917827,204.0,0.011543780271344287,4.491117454681375e-05,1.0
36.0,0.13417807125917827,205.0,0.00781953756211922,0.0,0.0
36.0,0.13417807125917827,206.0,0.015772274310308712,1.4849164961126093,1.0
36.0,0.13417807125917827,207.0,0.00478866288364899,0.0,0.0
36.0,0.13417807125917827,208.0,0.005252574867692735,0.08614543102573748,1.0
36.0,0.13417807125917827,209.0,0.010388856476244194,0.15198861396103125,1.0
36.0,0.13417807125917827,210.0,0.019469648960600824,3.852056443475414e-05,1.0
36.0,0.13417807125917827,211.0,0.020303170416302883,2.5447541059097625,1.0
36.0,0.13417807125917827,212.0,0.02897208519131904,4.7553864640629975,1.0
36.0,0.13417807125917827,213.0,0.010745653486841764,0.0,0.0
36.0,0.13417807125917827,214.0,0.0028590383712347642,0.0007151529275430904,0.0
36.0,0.13417807125917827,215.0,0.018306214903416784,0.00032289996830275484,0.0
36.0,0.13417807125917827,216.0,0.011199297766757679,0.00020391521270426177,1.0
36.0,0.13417807125917827,217.0,0.020565968791755467,4.951437536417667,1.0
36.0,0.13417807125917827,218.0,0.006951433617673833,0.015945496226064865,1.0
36.0,0.13417807125917827,219.0,0.01990708124400814,0.0,0.0
36.0,0.13417807125917827,220.0,0.006946358474824991,0.0023950372218102855,0.0
36.0,0.13417807125917827,221.0,0.006524021841157787,0.06900370730796876,1.0
36.0,0.13417807125917827,222.0,0.019714395082801865,0.0013349934500443534,1.0
36.0,0.13417807125917827,223.0,0.011785334420888052,0.034657551688183734,1.0
36.0,0.13417807125917827,224.0,0.01944366922238395,3.542886958826396e-05,1.0
36.0,0.13417807125917827,225.0,0.006825477170380208,0.0,0.0
36.0,0.13417807125917827,226.0,0.009665873899365655,1.1917095487699314,1.0
36.0,0.13417807125917827,227.0,0.006452176769017927,1.6690890305204557e-05,0.0
36.0,0.13417807125917827,228.0,0.0029311124308230934,0.0784284191448652,1.0
36.0,0.13417807125917827,229.0,0.004067588068393421,0.00037302248571341836,1.0
36.0,0.13417807125917827,230.0,0.011866237082257423,0.0009812740175466183,1.0
36.0,0.13417807125917827,231.0,0.0069813296748279415,4.3284224345933176e-05,0.0
36.0,0.13417807125917827,232.0,0.006123015295989656,0.0,0.0
36.0,0.13417807125917827,233.0,0.01241381110438484,0.0013482886920755345,0.0
36.0,0.13417807125917827,234.0,0.005250685751273254,0.000346142554795181,1.0
36.0,0.13417807125917827,235.0,0.00679541931660793,0.008800790203572585,0.0
36.0,0.13417807125917827,236.0,0.006843464408580582,2.0747140323000987e-05,0.0
36.0,0.13417807125917827,237.0,0.010423706833630357,2.603887821639567,1.0
36.0,0.13417807125917827,238.0,0.005764451078514043,1.4014352712216106e-05,1.0
36.0,0.13417807125917827,239.0,0.012397912725118847,0.0,0.0
36.0,0.13417807125917827,240.0,0.004071518472836891,0.0007002409490057168,1.0
36.0,0.13417807125917827,241.0,0.003857226912383697,0.0013236753202582054,0.0
36.0,0.13417807125917827,242.0,0.018256084816109266,0.04359855076573182,1.0
36.0,0.13417807125917827,243.0,0.010504079312761153,0.00014909408778276292,1.0
36.0,0.13417807125917827,244.0,0.012730687788123356,0.0,0.0
36.0,0.13417807125917827,245.0,0.019736103084668694,0.0,0.0
36.0,0.13417807125917827,246.0,0.008003217531955391,9.097882533711175e-06,0.0
36.0,0.13417807125917827,247.0,0.0029870618422779675,0.019841335937967875,0.0
36.0,0.13417807125917827,248.0,0.009542814733917616,0.005467013318166578,1.0
36.0,0.13417807125917827,249.0,0.008453608299887425,0.00670145921818754,1.0
36.0,0.13417807125917827,250.0,0.012823706690912338,0.0,0.0
36.0,0.13417807125917827,251.0,0.015194750355401916,0.10002635401784567,1.0
36.0,0.13417807125917827,252.0,0.006221353570877951,0.009788841562659785,1.0
36.0,0.13417807125917827,253.0,0.018321864325890863,0.009572104375084671,0.0
36.0,0.13417807125917827,254.0,0.004455514152303724,0.07551727765962143,1.0
36.0,0.13417807125917827,255.0,0.004413220193404853,0.0,0.0
36.0,0.13417807125917827,256.0,0.008005644758954683,2.5143877990452155e-05,1.0
36.0,0.13417807125917827,257.0,0.0061974905569952745,0.15721439480454175,1.0
36.0,0.13417807125917827,258.0,0.0038729291918279175,2.2940885561905755e-05,0.0
36.0,0.13417807125917827,259.0,0.006787117808434776,2.4302785024543925e-06,0.0
36.0,0.13417807125917827,260.0,0.009924830676161405,0.0,0.0
36.0,0.13417807125917827,261.0,0.004221667868263625,3.073883836461491e-05,1.0
36.0,0.13417807125917827,262.0,0.004099027305955429,8.921438241496057e-06,0.0
36.0,0.13417807125917827,263.0,0.004515004011974411,0.032598436345236945,1.0
36.0,0.13417807125917827,264.0,0.0037003269587398825,0.000994315595007488,1.0
36.0,0.13417807125917827,265.0,0.006532028660601227,0.019190390277939593,1.0
36.0,0.13417807125917827,266.0,0.01811856679070068,0.00646389754563317,1.0
36.0,0.13417807125917827,267.0,0.00460698342035579,0.0018556949286880197,1.0
36.0,0.13417807125917827,268.0,0.019463815823345172,7.672124729691526e-05,0.0
36.0,0.13417807125917827,269.0,0.015139983574634258,0.004985327634611939,1.0
36.0,0.13417807125917827,270.0,0.0037008268458478613,0.00707834028941587,1.0
36.0,0.13417807125917827,271.0,0.00527648775431713,0.001857416288392944,1.0
36.0,0.13417807125917827,272.0,0.018390040357372905,0.0003116191845581002,1.0
36.0,0.13417807125917827,273.0,0.005307211526017179,0.11877051961456143,1.0
36.0,0.13417807125917827,274.0,0.008403800186623263,0.02461235856717911,0.0
36.0,0.13417807125917827,275.0,0.01027605320960808,2.660141006035962,1.0
36.0,0.13417807125917827,276.0,0.009993637573825058,0.00019894829035754262,0.0
36.0,0.13417807125917827,277.0,0.0024347119334511753,6.884746524603503e-05,1.0
36.0,0.13417807125917827,278.0,0.010583816997441493,0.0,0.0
36.0,0.13417807125917827,279.0,0.0033443681728667655,0.00035855060783567607,1.0
36.0,0.13417807125917827,280.0,0.016686499677121856,5.196019764177821e-05,0.0
36.0,0.13417807125917827,281.0,0.004124657402605496,0.0,0.0
36.0,0.13417807125917827,282.0,0.00301250866849142,0.10937474679111832,1.0
36.0,0.13417807125917827,283.0,0.023931195829334995,5.514154188899619,1.0
36.0,0.13417807125917827,284.0,0.01893729806426103,0.0,0.0
36.0,0.13417807125917827,285.0,0.006977191573330214,0.0,0.0
36.0,0.13417807125917827,286.0,0.04042091453045292,9.789316951822583,1.0
36.0,0.13417807125917827,287.0,0.007057038531747131,0.001643010618467601,1.0
36.0,0.13417807125917827,288.0,0.009017028236249195,0.002068421103296268,0.0
36.0,0.13417807125917827,289.0,0.0071879271879476125,8.071308524591215e-06,0.0
36.0,0.13417807125917827,290.0,0.011563193235835208,0.03907405149870623,1.0
36.0,0.13417807125917827,291.0,0.0034054008544996185,0.054741930894941705,1.0
36.0,0.13417807125917827,292.0,0.003882893721497237,0.02856143121146393,1.0
36.0,0.13417807125917827,293.0,0.004494527989296502,0.007451809264838188,0.0
36.0,0.13417807125917827,294.0,0.011792247715585884,0.13417195846673083,1.0
36.0,0.13417807125917827,295.0,0.002966052347736427,2.7496253493126554e-05,0.0
36.0,0.13417807125917827,296.0,0.01826782565540297,2.0911822268863025e-05,1.0
36.0,0.13417807125917827,297.0,0.00823528245919811,0.0006934321146147242,1.0
36.0,0.13417807125917827,298.0,0.006960205092647349,1.1205214875066352e-06,0.0
36.0,0.13417807125917827,299.0,0.00545954662903491,0.041953401945107084,1.0
36.0,0.13417807125917827,300.0,0.011010328671626345,0.0,0.0
36.0,0.13417807125917827,301.0,0.0071108796119903886,0.0,0.0
36.0,0.13417807125917827,302.0,0.00539500844556071,0.005484928662930883,1.0
36.0,0.13417807125917827,303.0,0.01726028035248285,0.20660421863480397,1.0
36.0,0.13417807125917827,304.0,0.007386162979313369,0.019329998612758848,0.0
36.0,0.13417807125917827,305.0,0.01558994692559874,0.01045820117190522,1.0
36.0,0.13417807125917827,306.0,0.019933247005605025,0.0003354202279846451,0.0
36.0,0.13417807125917827,307.0,0.007421498325906828,0.0,0.0
36.0,0.13417807125917827,308.0,0.0064793776285547435,0.08504074386755939,1.0
36.0,0.13417807125917827,309.0,0.020234043957446306,3.6981273521746476,1.0
36.0,0.13417807125917827,310.0,0.00500481443999102,8.378244399239186e-05,0.0
36.0,0.13417807125917827,311.0,0.0035059524495830736,0.0023761547594788237,1.0
36.0,0.13417807125917827,312.0,0.008183853287133959,0.0,0.0
36.0,0.13417807125917827,313.0,0.0069146226953662225,0.0010863963994876466,1.0
36.0,0.13417807125917827,314.0,0.009632450268743063,0.0,0.0
36.0,0.13417807125917827,315.0,0.011950251615628054,0.019106597360828086,1.0
36.0,0.13417807125917827,316.0,0.011391840689149382,0.006959747842323063,1.0
36.0,0.13417807125917827,317.0,0.0038999895488811094,5.7131332579436876e-05,1.0
36.0,0.13417807125917827,318.0,0.015247457453966837,2.6177427532351243,1.0
36.0,0.13417807125917827,319.0,0.005798723638687849,2.6344838907292104e-05,0.0
36.0,0.13417807125917827,320.0,0.01839830650485819,0.35906407371626947,1.0
36.0,0.13417807125917827,321.0,0.003837637701508077,0.012087854045136676,1.0
36.0,0.13417807125917827,322.0,0.005036330250891572,0.040023198568210114,1.0
36.0,0.13417807125917827,323.0,0.004841388322724061,0.0,0.0
36.0,0.13417807125917827,324.0,0.007342261769246297,0.0,0.0
36.0,0.13417807125917827,325.0,0.006593064258274617,6.355296056454841e-06,1.0
36.0,0.13417807125917827,326.0,0.003876564992544991,0.00037133282775532976,0.0
36.0,0.13417807125917827,327.0,0.00983075864085998,0.08696728423627922,1.0
36.0,0.13417807125917827,328.0,0.004150096100064439,0.012058054751643425,0.0
36.0,0.13417807125917827,329.0,0.00406403049944075,0.005464128354907514,1.0
36.0,0.13417807125917827,330.0,0.0045109706324351325,0.00043304993599682624,0.0
36.0,0.13417807125917827,331.0,0.0063963547018878065,0.0,0.0
36.0,0.13417807125917827,332.0,0.006819841933200988,0.02055912721340934,1.0
36.0,0.13417807125917827,333.0,0.0041305331367338044,8.447282913435555e-05,1.0
36.0,0.13417807125917827,334.0,0.011873858846942309,0.06477897078031947,1.0
36.0,0.13417807125917827,335.0,0.0084816883568076,0.006931222685877953,1.0
36.0,0.13417807125917827,336.0,0.012212399344999838,2.635743651435882e-06,0.0
36.0,0.13417807125917827,337.0,0.018553538498717402,0.000417643774291996,1.0
36.0,0.13417807125917827,338.0,0.011855937181147544,0.00021659711734791837,0.0
36.0,0.13417807125917827,339.0,0.0027849126461289204,0.2819100313324498,1.0
36.0,0.13417807125917827,340.0,0.004598059524915963,0.0,0.0
36.0,0.13417807125917827,341.0,0.00740423043466011,0.0,0.0
36.0,0.13417807125917827,342.0,0.0037970333352837244,4.321153105969633e-05,0.0
36.0,0.13417807125917827,343.0,0.019411220336137062,0.001586307087361646,0.0
36.0,0.13417807125917827,344.0,0.018658551544129372,0.003630105659782282,1.0
36.0,0.13417807125917827,345.0,0.003518384823078043,0.023582389383172614,1.0
36.0,0.13417807125917827,346.0,0.0038802017103359756,0.0002252481423223828,1.0
36.0,0.13417807125917827,347.0,0.007386413981478725,0.0,0.0
36.0,0.13417807125917827,348.0,0.004166119058540061,0.0,0.0
36.0,0.13417807125917827,349.0,0.009354757169905265,0.0006272716942105146,1.0
36.0,0.13417807125917827,350.0,0.004437370398368309,4.008092451763095e-05,0.0
36.0,0.13417807125917827,351.0,0.02250419955154937,3.143957119397568,1.0
36.0,0.13417807125917827,352.0,0.004007180004004324,0.0,0.0
36.0,0.13417807125917827,353.0,0.0037329385237835073,0.001095940504327683,1.0
36.0,0.13417807125917827,354.0,0.00501963008692559,0.019439221259917202,1.0
36.0,0.13417807125917827,355.0,0.016979412350036343,0.0,0.0
36.0,0.13417807125917827,356.0,0.010941167653768446,0.0008729612017039397,0.0
36.0,0.13417807125917827,357.0,0.018578652091983117,0.004485196823765659,1.0
36.0,0.13417807125917827,358.0,0.018983936551976204,0.0024562730702648015,0.0
36.0,0.13417807125917827,359.0,0.01203735118028215,0.0007938132662108255,0.0
36.0,0.13417807125917827,360.0,0.0024892369276495008,0.10488118324836745,1.0
36.0,0.13417807125917827,361.0,0.0029719440825971073,0.03621215768627506,1.0
36.0,0.13417807125917827,362.0,0.005233354379664518,0.021504190536597672,1.0
36.0,0.13417807125917827,363.0,0.004312970887146106,0.0,0.0
36.0,0.13417807125917827,364.0,0.011164926055474277,0.002835483444733365,1.0
36.0,0.13417807125917827,365.0,0.011732759525935504,0.024147065270223252,1.0
36.0,0.13417807125917827,366.0,0.01989120619866488,4.286088659111925e-06,0.0
36.0,0.13417807125917827,367.0,0.003463999033676203,7.854405074853608e-07,0.0
36.0,0.13417807125917827,368.0,0.016990029027477965,0.003049726821730109,0.0
36.0,0.13417807125917827,369.0,0.005176549298812722,0.00014585839902606632,0.0
36.0,0.13417807125917827,370.0,0.00237760567092634,0.014481286164792974,1.0
36.0,0.13417807125917827,371.0,0.0043227286761006595,7.701936479904305e-05,0.0
36.0,0.13417807125917827,372.0,0.014251106101064497,0.05983515431358543,1.0
36.0,0.13417807125917827,373.0,0.025736322383151385,1.766093779691989,1.0
36.0,0.13417807125917827,374.0,0.012205218304385741,0.0,0.0
36.0,0.13417807125917827,375.0,0.0030075345525939164,0.007087909811716329,1.0
36.0,0.13417807125917827,376.0,0.04881574843016878,5.769712509671946,1.0
36.0,0.13417807125917827,377.0,0.02924266354160943,6.926851670208105,1.0
36.0,0.13417807125917827,378.0,0.004808298021731004,0.0,0.0
36.0,0.13417807125917827,379.0,0.006033806274394365,0.0,0.0
36.0,0.13417807125917827,380.0,0.0032971484998609323,0.03848572679548009,1.0
36.0,0.13417807125917827,381.0,0.010011162490515792,1.286070946472747,1.0
36.0,0.13417807125917827,382.0,0.007250097296746208,0.0,0.0
36.0,0.13417807125917827,383.0,0.0038103293986274226,0.023051565986001547,1.0
36.0,0.13417807125917827,384.0,0.0071810563203054045,0.001491303819578571,1.0
36.0,0.13417807125917827,385.0,0.012513677942959194,0.02520911610057485,1.0
36.0,0.13417807125917827,386.0,0.019062691985690227,0.28295688249108714,1.0
36.0,0.13417807125917827,387.0,0.01908063488301909,1.9934979324719598e-05,1.0
36.0,0.13417807125917827,388.0,0.00698926089290024,0.001134661821232296,1.0
36.0,0.13417807125917827,389.0,0.0040053199185479055,0.02845226879916326,1.0
36.0,0.13417807125917827,390.0,0.0062079465686702435,0.0020178023230733493,1.0
36.0,0.13417807125917827,391.0,0.006910201926222804,0.0,0.0
36.0,0.13417807125917827,392.0,0.007353920050792605,0.006583154070587142,0.0
36.0,0.13417807125917827,393.0,0.004585329370594124,0.0,0.0
36.0,0.13417807125917827,394.0,0.01967071746300242,4.682933523715798,1.0
36.0,0.13417807125917827,395.0,0.004012813794468061,8.521592031340407e-07,0.0
36.0,0.13417807125917827,396.0,0.004003911081738973,0.0004538755502869724,0.0
36.0,0.13417807125917827,397.0,0.004541721856203209,0.2571559184186235,1.0
36.0,0.13417807125917827,398.0,0.005900781923656591,0.027232895408055513,1.0
36.0,0.13417807125917827,399.0,0.00406920925098769,0.0023079115835387977,1.0
36.0,0.20126710688876742,0.0,0.011661680597857058,0.005737243470688643,1.0
36.0,0.20126710688876742,1.0,0.0033761402479294263,0.047374109690524635,1.0
36.0,0.20126710688876742,2.0,0.0034327303492532545,0.003967052073955954,1.0
36.0,0.20126710688876742,3.0,0.007390848657336137,0.0011536704292772748,1.0
36.0,0.20126710688876742,4.0,0.015054907797370929,0.0021195282387752663,1.0
36.0,0.20126710688876742,5.0,0.007352969559239875,0.0006627078495452799,1.0
36.0,0.20126710688876742,6.0,0.004552659901903502,0.0,0.0
36.0,0.20126710688876742,7.0,0.049715607073472834,0.0,0.0
36.0,0.20126710688876742,8.0,0.04798217857641736,0.0014470610577682163,1.0
36.0,0.20126710688876742,9.0,0.011928864143463605,0.0005601443752753965,1.0
36.0,0.20126710688876742,10.0,0.0066300666676552015,0.020621694693841015,1.0
36.0,0.20126710688876742,11.0,0.006962518223145702,0.05153611512659937,1.0
36.0,0.20126710688876742,12.0,0.007390150152664626,0.0,0.0
36.0,0.20126710688876742,13.0,0.01336551972921555,0.0,0.0
36.0,0.20126710688876742,14.0,0.04783757040987339,0.003191395606826936,1.0
36.0,0.20126710688876742,15.0,0.015033671182045436,0.0,0.0
36.0,0.20126710688876742,16.0,0.03419159185491064,3.4374219979881285e-08,0.0
36.0,0.20126710688876742,17.0,0.04896245956725059,0.0013342105717837698,1.0
36.0,0.20126710688876742,18.0,0.013467233280053423,4.140722907276789e-05,0.0
36.0,0.20126710688876742,19.0,0.011643810789001875,0.00036688037232685125,1.0
36.0,0.20126710688876742,20.0,0.015879779861724598,0.6988309116547428,1.0
36.0,0.20126710688876742,21.0,0.012956165432258561,3.905357471150555e-06,0.0
36.0,0.20126710688876742,22.0,0.01129715057187997,0.0,0.0
36.0,0.20126710688876742,23.0,0.014644159908509794,0.000391583254554768,1.0
36.0,0.20126710688876742,24.0,0.00747666683173414,0.00029061701354119764,0.0
36.0,0.20126710688876742,25.0,0.0073246170251923025,0.03141046597707198,0.0
36.0,0.20126710688876742,26.0,0.015104925186370216,0.0001452082422018122,0.0
36.0,0.20126710688876742,27.0,0.012284650263459854,0.026974792819829136,1.0
36.0,0.20126710688876742,28.0,0.018975199367663714,1.4044256464136686,1.0
36.0,0.20126710688876742,29.0,0.003296787115694493,0.007070893966230044,1.0
36.0,0.20126710688876742,30.0,0.0199993850318169,2.6996818937050796e-05,1.0
36.0,0.20126710688876742,31.0,0.008251416871624985,0.010280084003830419,1.0
36.0,0.20126710688876742,32.0,0.012007328929621985,0.0002464983169582326,1.0
36.0,0.20126710688876742,33.0,0.011090044499043555,0.00996724474199206,1.0
36.0,0.20126710688876742,34.0,0.007315803828085945,1.536196457977786,1.0
36.0,0.20126710688876742,35.0,0.013563055396297702,0.001193948364914048,0.0
36.0,0.20126710688876742,36.0,0.049635937103526415,0.0023719533513627414,0.0
36.0,0.20126710688876742,37.0,0.009980672183939469,0.00067351737418908,1.0
36.0,0.20126710688876742,38.0,0.05292981971020429,0.0074625655407791125,1.0
36.0,0.20126710688876742,39.0,0.004269542071748941,0.07646155162969132,1.0
36.0,0.20126710688876742,40.0,0.04930943379119304,0.0035900718096808335,0.0
36.0,0.20126710688876742,41.0,0.007258250306037519,0.0,0.0
36.0,0.20126710688876742,42.0,0.00686048449983384,0.005461502881081673,1.0
36.0,0.20126710688876742,43.0,0.007594379652252383,0.019178036730103525,0.0
36.0,0.20126710688876742,44.0,0.02035684742809182,4.575178011834911,1.0
36.0,0.20126710688876742,45.0,0.05224414063661683,0.0,0.0
36.0,0.20126710688876742,46.0,0.008997961205855559,0.0,0.0
36.0,0.20126710688876742,47.0,0.05098626281741074,0.022695486508796114,1.0
36.0,0.20126710688876742,48.0,0.049693810866964984,0.0002618716509275782,1.0
36.0,0.20126710688876742,49.0,0.03256251455282309,0.004573186199120994,0.0
36.0,0.20126710688876742,50.0,0.004011208567090234,0.14547387728410996,1.0
36.0,0.20126710688876742,51.0,0.01415680515709161,0.4308316254931991,1.0
36.0,0.20126710688876742,52.0,0.012670106297743008,0.001827946172293764,0.0
36.0,0.20126710688876742,53.0,0.008784367740918423,0.017590788356447597,1.0
36.0,0.20126710688876742,54.0,0.008342203937064101,1.7879848202806177,1.0
36.0,0.20126710688876742,55.0,0.048777201158565445,0.004724631799071743,1.0
36.0,0.20126710688876742,56.0,0.004455312001697422,0.0009730673946920606,1.0
36.0,0.20126710688876742,57.0,0.01311869254129417,0.9227894039982597,1.0
36.0,0.20126710688876742,58.0,0.05079870677632484,2.6917201530635717e-06,0.0
36.0,0.20126710688876742,59.0,0.008261518398311136,0.0,0.0
36.0,0.20126710688876742,60.0,0.014228820460514624,0.0,0.0
36.0,0.20126710688876742,61.0,0.008291041671375158,0.0,0.0
36.0,0.20126710688876742,62.0,0.011019682665853917,0.9454530223103251,1.0
36.0,0.20126710688876742,63.0,0.05308360952580269,0.0,0.0
36.0,0.20126710688876742,64.0,0.004846786861079301,0.002309966336458849,0.0
36.0,0.20126710688876742,65.0,0.01156393994801621,0.0003129220069177495,0.0
36.0,0.20126710688876742,66.0,0.004099170229841871,0.02290720993876841,1.0
36.0,0.20126710688876742,67.0,0.011521274936655833,0.06567089054194973,1.0
36.0,0.20126710688876742,68.0,0.008715712331666334,0.0,0.0
36.0,0.20126710688876742,69.0,0.04422411976373257,3.0513408178287178e-05,0.0
36.0,0.20126710688876742,70.0,0.04826736499354173,0.011456753017958413,1.0
36.0,0.20126710688876742,71.0,0.013005077913050871,0.0007555221472398498,1.0
36.0,0.20126710688876742,72.0,0.050816810615560405,0.02060508299305678,1.0
36.0,0.20126710688876742,73.0,0.0066431093291342835,4.13602657519848e-06,0.0
36.0,0.20126710688876742,74.0,0.016633578875899217,0.0,0.0
36.0,0.20126710688876742,75.0,0.014321699574180478,2.2603843806315744,1.0
36.0,0.20126710688876742,76.0,0.01141818961222977,0.5937854165065625,1.0
36.0,0.20126710688876742,77.0,0.0067194899320779655,0.08610825458515046,1.0
36.0,0.20126710688876742,78.0,0.0039888543793656205,0.0,0.0
36.0,0.20126710688876742,79.0,0.04960941538931283,0.0,0.0
36.0,0.20126710688876742,80.0,0.008736823272074992,0.0,0.0
36.0,0.20126710688876742,81.0,0.00744575643432272,0.0009490499379431515,0.0
36.0,0.20126710688876742,82.0,0.014604296054348317,0.06263136900426719,1.0
36.0,0.20126710688876742,83.0,0.003517651683424208,0.01489677199364613,1.0
36.0,0.20126710688876742,84.0,0.018524140903055836,0.0496706585949621,1.0
36.0,0.20126710688876742,85.0,0.013921688905059817,0.00045121295790828995,1.0
36.0,0.20126710688876742,86.0,0.006900483977614483,0.0003828057619121833,1.0
36.0,0.20126710688876742,87.0,0.007613941676236431,0.0032747485874563445,0.0
36.0,0.20126710688876742,88.0,0.004418576550756612,0.0017586669005292149,0.0
36.0,0.20126710688876742,89.0,0.031644777115879666,4.548211532250994,1.0
36.0,0.20126710688876742,90.0,0.01063126698467171,0.0037832376301817484,1.0
36.0,0.20126710688876742,91.0,0.003805247787294849,0.011579341762137083,1.0
36.0,0.20126710688876742,92.0,0.02313455386615606,2.9041367355503804,1.0
36.0,0.20126710688876742,93.0,0.011428278854944181,0.0014183203032519273,0.0
36.0,0.20126710688876742,94.0,0.0041666620424014355,0.0018367326796885244,1.0
36.0,0.20126710688876742,95.0,0.008868136264104418,0.020044031403630775,0.0
36.0,0.20126710688876742,96.0,0.012470631937404846,0.023862235040906815,0.0
36.0,0.20126710688876742,97.0,0.01378852920590441,0.00031177507321605673,1.0
36.0,0.20126710688876742,98.0,0.01594358998559893,0.002037421582531307,1.0
36.0,0.20126710688876742,99.0,0.050899413561703216,0.020308564372918985,0.0
36.0,0.20126710688876742,100.0,0.048518364594092644,0.00034111453671456575,1.0
36.0,0.20126710688876742,101.0,0.00965907081005886,0.027493319698583808,1.0
36.0,0.20126710688876742,102.0,0.00670347445187029,0.0010207697812814787,0.0
36.0,0.20126710688876742,103.0,0.007077902722859218,0.001122161656104868,1.0
36.0,0.20126710688876742,104.0,0.003769293042407888,0.0021628759095630064,1.0
36.0,0.20126710688876742,105.0,0.012039645487399601,0.0,0.0
36.0,0.20126710688876742,106.0,0.04959852078189643,0.024181578963091956,1.0
36.0,0.20126710688876742,107.0,0.05255337670677326,0.0,0.0
36.0,0.20126710688876742,108.0,0.05013677978073667,0.011311981190963848,1.0
36.0,0.20126710688876742,109.0,0.007803471632500441,0.0,0.0
36.0,0.20126710688876742,110.0,0.014940459032718822,9.229422844038647e-05,1.0
36.0,0.20126710688876742,111.0,0.0235646116781698,2.7949657703127397,1.0
36.0,0.20126710688876742,112.0,0.014008532444193622,0.0013821202095934597,1.0
36.0,0.20126710688876742,113.0,0.014427490039031769,0.0933830002808584,1.0
36.0,0.20126710688876742,114.0,0.006511854650956137,0.0020988333563518036,1.0
36.0,0.20126710688876742,115.0,0.006701395715354123,0.00016164793060303873,1.0
36.0,0.20126710688876742,116.0,0.016398807781167892,0.0,0.0
36.0,0.20126710688876742,117.0,0.05125072800395619,0.0,0.0
36.0,0.20126710688876742,118.0,0.04941379604706083,0.02240954641934337,0.0
36.0,0.20126710688876742,119.0,0.0059539014198292314,0.0033687773400414896,1.0
36.0,0.20126710688876742,120.0,0.01304920872863326,0.014711032169970327,1.0
36.0,0.20126710688876742,121.0,0.049597796670407174,0.03976656100140227,0.0
36.0,0.20126710688876742,122.0,0.00738887527420865,1.3439405502035369,1.0
36.0,0.20126710688876742,123.0,0.008021384394197705,0.009365229599706476,1.0
36.0,0.20126710688876742,124.0,0.006942898749381488,0.005095572467125382,1.0
36.0,0.20126710688876742,125.0,0.007540482435063468,0.0004560558800148695,1.0
36.0,0.20126710688876742,126.0,0.01806018145745976,0.39657566831429675,1.0
36.0,0.20126710688876742,127.0,0.013009901626759388,0.020198365680562266,0.0
36.0,0.20126710688876742,128.0,0.049363413181378366,0.026150068971441228,1.0
36.0,0.20126710688876742,129.0,0.011472138886493545,0.016803352859968174,1.0
36.0,0.20126710688876742,130.0,0.014816773524129762,0.00037811564298965484,1.0
36.0,0.20126710688876742,131.0,0.0065599332449998915,0.006304911819091989,1.0
36.0,0.20126710688876742,132.0,0.007440800563329891,0.0,0.0
36.0,0.20126710688876742,133.0,0.018762817185259118,2.2352262871629827,1.0
36.0,0.20126710688876742,134.0,0.006666058265063872,4.799630600615647e-05,1.0
36.0,0.20126710688876742,135.0,0.0037410643923555427,0.011069129284604368,1.0
36.0,0.20126710688876742,136.0,0.0034101296611128676,0.020763561562156984,1.0
36.0,0.20126710688876742,137.0,0.0033025559518488176,0.004036359462763585,1.0
36.0,0.20126710688876742,138.0,0.014906247864354953,0.02050630438088139,0.0
36.0,0.20126710688876742,139.0,0.01152039345824739,0.0,0.0
36.0,0.20126710688876742,140.0,0.005696727959596061,0.7613005345470584,1.0
36.0,0.20126710688876742,141.0,0.00731163772465975,0.002620221205192963,0.0
36.0,0.20126710688876742,142.0,0.004127231009337721,0.0009571123099215909,0.0
36.0,0.20126710688876742,143.0,0.014245183403442618,0.0175781441307043,1.0
36.0,0.20126710688876742,144.0,0.007147369402023538,0.001884270310154054,1.0
36.0,0.20126710688876742,145.0,0.015606267113740068,0.0004976160167759247,0.0
36.0,0.20126710688876742,146.0,0.006838522285666898,0.003924772133005858,0.0
36.0,0.20126710688876742,147.0,0.012237926947951129,0.0006961564435828195,1.0
36.0,0.20126710688876742,148.0,0.014683678884578926,1.0948384046467612,1.0
36.0,0.20126710688876742,149.0,0.0037030871514134654,0.182776549764799,1.0
36.0,0.20126710688876742,150.0,0.004061909317813181,0.0015073200941200073,0.0
36.0,0.20126710688876742,151.0,0.011686258697188095,0.015285064512431825,1.0
36.0,0.20126710688876742,152.0,0.00463711772873203,0.0005588866485854323,0.0
36.0,0.20126710688876742,153.0,0.008724071022817458,0.0,0.0
36.0,0.20126710688876742,154.0,0.012039699903363489,0.0008341917493170219,0.0
36.0,0.20126710688876742,155.0,0.017442869640632706,0.004051707464976774,0.0
36.0,0.20126710688876742,156.0,0.04938748903703391,0.0022389127452549806,1.0
36.0,0.20126710688876742,157.0,0.008033258896227672,0.0,0.0
36.0,0.20126710688876742,158.0,0.006346555028938477,0.0018642757549852745,1.0
36.0,0.20126710688876742,159.0,0.06441952239172832,0.028828064373784795,1.0
36.0,0.20126710688876742,160.0,0.015331742144676896,1.0191878609344065,1.0
36.0,0.20126710688876742,161.0,0.014279708525887154,0.0,0.0
36.0,0.20126710688876742,162.0,0.010140451665445974,0.0020417410368725264,1.0
36.0,0.20126710688876742,163.0,0.013804834535541625,0.004813410960558696,1.0
36.0,0.20126710688876742,164.0,0.014907731211743115,0.020193876250372233,0.0
36.0,0.20126710688876742,165.0,0.012575096654501667,4.587431142457989e-05,0.0
36.0,0.20126710688876742,166.0,0.011994091029364171,0.00020983917190171394,1.0
36.0,0.20126710688876742,167.0,0.00842137721135787,0.005114783988040126,1.0
36.0,0.20126710688876742,168.0,0.007794816357587505,0.0,0.0
36.0,0.20126710688876742,169.0,0.015451352757126514,2.976332777657702e-05,0.0
36.0,0.20126710688876742,170.0,0.003233474707183977,0.02395948711403063,1.0
36.0,0.20126710688876742,171.0,0.007207772689263131,0.18746570739544802,1.0
36.0,0.20126710688876742,172.0,0.01057292658075694,0.11184201574783427,1.0
36.0,0.20126710688876742,173.0,0.010412870753504846,0.032877259353790156,1.0
36.0,0.20126710688876742,174.0,0.0075341926639812705,0.026186832901459536,0.0
36.0,0.20126710688876742,175.0,0.00393294648674476,0.0020561803400392185,1.0
36.0,0.20126710688876742,176.0,0.011742808066184024,0.5724043750909176,1.0
36.0,0.20126710688876742,177.0,0.015423755857461051,0.013639882297748132,0.0
36.0,0.20126710688876742,178.0,0.015146120407594102,0.13069900828403241,1.0
36.0,0.20126710688876742,179.0,0.010406532782139901,0.10959993015531447,0.0
36.0,0.20126710688876742,180.0,0.06725266287346635,10.643372356976561,1.0
36.0,0.20126710688876742,181.0,0.006998850574167626,0.019886561794381908,1.0
36.0,0.20126710688876742,182.0,0.006224433555908264,0.1005197045367478,1.0
36.0,0.20126710688876742,183.0,0.0039422322876429584,0.012020871270049282,0.0
36.0,0.20126710688876742,184.0,0.05174003607198115,6.476880978818587e-06,1.0
36.0,0.20126710688876742,185.0,0.006186884437808135,1.1701796014071626,1.0
36.0,0.20126710688876742,186.0,0.003796158839868672,0.01895419045002277,0.0
36.0,0.20126710688876742,187.0,0.00401356925256042,2.0102933998211086e-06,0.0
36.0,0.20126710688876742,188.0,0.011123991641225567,1.406325458275848,1.0
36.0,0.20126710688876742,189.0,0.007752115422360711,1.3222308644298651e-05,0.0
36.0,0.20126710688876742,190.0,0.0035747860400699915,0.004786334590669431,1.0
36.0,0.20126710688876742,191.0,0.011848397106063708,0.014650015425136255,1.0
36.0,0.20126710688876742,192.0,0.015114981319374464,0.0014594633402897701,1.0
36.0,0.20126710688876742,193.0,0.004093624602349093,0.012350391172228465,1.0
36.0,0.20126710688876742,194.0,0.01337978780495157,0.30660782385089963,1.0
36.0,0.20126710688876742,195.0,0.013660446056552488,0.018220347780688356,1.0
36.0,0.20126710688876742,196.0,0.004101364796379644,0.0032116599433147353,1.0
36.0,0.20126710688876742,197.0,0.012963769462396366,0.0019480349299862577,1.0
36.0,0.20126710688876742,198.0,0.013555145600762271,0.028171954763840427,1.0
36.0,0.20126710688876742,199.0,0.050338823619008904,0.0001611600991776902,0.0
36.0,0.20126710688876742,200.0,0.007184419712337095,0.005871827788912457,1.0
36.0,0.20126710688876742,201.0,0.013958316783522625,0.0,0.0
36.0,0.20126710688876742,202.0,0.015182523975612686,0.0,0.0
36.0,0.20126710688876742,203.0,0.0032921992577883024,0.038674566306333875,1.0
36.0,0.20126710688876742,204.0,0.013554143881834685,3.651339341920383e-05,1.0
36.0,0.20126710688876742,205.0,0.011977715844030554,0.0,0.0
36.0,0.20126710688876742,206.0,0.01831076939329578,1.3978701537484868,1.0
36.0,0.20126710688876742,207.0,0.007964005490297965,0.0,0.0
36.0,0.20126710688876742,208.0,0.015226455027044488,0.04729332551175873,1.0
36.0,0.20126710688876742,209.0,0.012574471922509215,0.14072789276871248,1.0
36.0,0.20126710688876742,210.0,0.05246693747801696,8.849005114490552e-06,1.0
36.0,0.20126710688876742,211.0,0.022493699489546607,2.3362240059651103,1.0
36.0,0.20126710688876742,212.0,0.03191897497708183,4.504707567167017,1.0
36.0,0.20126710688876742,213.0,0.013196573123433253,0.0,0.0
36.0,0.20126710688876742,214.0,0.006943586132594748,0.0007124098419166097,0.0
36.0,0.20126710688876742,215.0,0.048992586401421345,0.0002511469457007006,0.0
36.0,0.20126710688876742,216.0,0.013638516251406845,0.00019826754088363122,1.0
36.0,0.20126710688876742,217.0,0.020565968791755467,4.951437536417667,1.0
36.0,0.20126710688876742,218.0,0.006951433617673833,0.015945496226064865,1.0
36.0,0.20126710688876742,219.0,0.051713954710375876,0.0,0.0
36.0,0.20126710688876742,220.0,0.006946358474824991,0.0023950372218102855,0.0
36.0,0.20126710688876742,221.0,0.006524021841157787,0.06900370730796876,1.0
36.0,0.20126710688876742,222.0,0.019714395082801865,0.0013349934500443534,1.0
36.0,0.20126710688876742,223.0,0.013841014804578888,0.03279870876118926,1.0
36.0,0.20126710688876742,224.0,0.05147285275376923,1.4385208252193299e-05,1.0
36.0,0.20126710688876742,225.0,0.006825477170380208,0.0,0.0
36.0,0.20126710688876742,226.0,0.013256761660614663,0.9113769166948549,1.0
36.0,0.20126710688876742,227.0,0.010291388472005114,1.6161435158143118e-05,0.0
36.0,0.20126710688876742,228.0,0.006912584077418937,0.03702243586645317,1.0
36.0,0.20126710688876742,229.0,0.007955647939420545,0.0002446406478155664,1.0
36.0,0.20126710688876742,230.0,0.014033759596005495,0.0009357338497926991,1.0
36.0,0.20126710688876742,231.0,0.0069813296748279415,4.3284224345933176e-05,0.0
36.0,0.20126710688876742,232.0,0.01648633095856572,0.0,0.0
36.0,0.20126710688876742,233.0,0.014571111966348428,0.0013513822745956868,0.0
36.0,0.20126710688876742,234.0,0.015038314069092465,0.0001125615823322621,1.0
36.0,0.20126710688876742,235.0,0.01074630207097084,0.007230041648936911,0.0
36.0,0.20126710688876742,236.0,0.010782576134656507,1.891502339616686e-05,0.0
36.0,0.20126710688876742,237.0,0.010423706833630357,2.603887821639567,1.0
36.0,0.20126710688876742,238.0,0.015766218234017797,9.672387021119159e-06,1.0
36.0,0.20126710688876742,239.0,0.014651330186915952,0.0,0.0
36.0,0.20126710688876742,240.0,0.004071518472836891,0.0007002409490057168,1.0
36.0,0.20126710688876742,241.0,0.003857226912383697,0.0013236753202582054,0.0
36.0,0.20126710688876742,242.0,0.04814389672393663,0.010709577309551284,1.0
36.0,0.20126710688876742,243.0,0.013270898526971454,0.00013279123228585803,1.0
36.0,0.20126710688876742,244.0,0.015062941167336818,0.0,0.0
36.0,0.20126710688876742,245.0,0.05135009828940842,0.0,0.0
36.0,0.20126710688876742,246.0,0.010418212712015205,9.065018724248098e-06,0.0
36.0,0.20126710688876742,247.0,0.007121008142194641,0.01981793644255728,0.0
36.0,0.20126710688876742,248.0,0.011808962970016934,0.005357741717571987,1.0
36.0,0.20126710688876742,249.0,0.011160943913281424,0.006233859011555358,1.0
36.0,0.20126710688876742,250.0,0.015193917511357326,0.0,0.0
36.0,0.20126710688876742,251.0,0.048675763133092784,0.026667390597547986,0.0
36.0,0.20126710688876742,252.0,0.009979743052777185,0.00787498387241404,1.0
36.0,0.20126710688876742,253.0,0.018321864325890863,0.009572104375084671,0.0
36.0,0.20126710688876742,254.0,0.007503261809476877,0.06017802248892021,1.0
36.0,0.20126710688876742,255.0,0.004413220193404853,0.0,0.0
36.0,0.20126710688876742,256.0,0.010352329365104149,2.514118951510614e-05,1.0
36.0,0.20126710688876742,257.0,0.0061974905569952745,0.15721439480454175,1.0
36.0,0.20126710688876742,258.0,0.0038729291918279175,2.2940885561905755e-05,0.0
36.0,0.20126710688876742,259.0,0.006787117808434776,2.4302785024543925e-06,0.0
36.0,0.20126710688876742,260.0,0.012322622799066882,0.0,0.0
36.0,0.20126710688876742,261.0,0.004221667868263625,3.073883836461491e-05,1.0
36.0,0.20126710688876742,262.0,0.008229147926258151,8.873088275992486e-06,0.0
36.0,0.20126710688876742,263.0,0.008640008981621495,0.029504786340323795,1.0
36.0,0.20126710688876742,264.0,0.006597184851885566,0.0009532392017876491,1.0
36.0,0.20126710688876742,265.0,0.010383742558140825,0.014899705711689736,1.0
36.0,0.20126710688876742,266.0,0.04898284631184363,0.0012069640719147203,1.0
36.0,0.20126710688876742,267.0,0.00460698342035579,0.0018556949286880197,1.0
36.0,0.20126710688876742,268.0,0.05078305835261756,7.486961201621907e-05,0.0
36.0,0.20126710688876742,269.0,0.04995852620055758,0.000971254259032791,1.0
36.0,0.20126710688876742,270.0,0.0037008268458478613,0.00707834028941587,1.0
36.0,0.20126710688876742,271.0,0.01504710287100577,0.0006404906736819631,1.0
36.0,0.20126710688876742,272.0,0.048812462337587736,1.7900169093031262e-05,1.0
36.0,0.20126710688876742,273.0,0.009571033794475646,0.10731099218217414,1.0
36.0,0.20126710688876742,274.0,0.010995464314444254,0.024559547897582655,0.0
36.0,0.20126710688876742,275.0,0.01027605320960808,2.660141006035962,1.0
36.0,0.20126710688876742,276.0,0.012201875306830352,0.000198505036991371,0.0
36.0,0.20126710688876742,277.0,0.0061806147019441956,6.295652273806846e-05,1.0
36.0,0.20126710688876742,278.0,0.01298736010804685,0.0,0.0
36.0,0.20126710688876742,279.0,0.0033443681728667655,0.00035855060783567607,1.0
36.0,0.20126710688876742,280.0,0.049766414678125044,2.343811589977401e-05,0.0
36.0,0.20126710688876742,281.0,0.004124657402605496,0.0,0.0
36.0,0.20126710688876742,282.0,0.007112231655489428,0.09307865057999352,1.0
36.0,0.20126710688876742,283.0,0.023931195829334995,5.514154188899619,1.0
36.0,0.20126710688876742,284.0,0.050203585402650575,0.0,0.0
36.0,0.20126710688876742,285.0,0.006977191573330214,0.0,0.0
36.0,0.20126710688876742,286.0,0.04949742109219023,8.928699942246723,1.0
36.0,0.20126710688876742,287.0,0.009444196285011659,0.0013355717568932857,1.0
36.0,0.20126710688876742,288.0,0.013358782802550893,0.002067949508942894,0.0
36.0,0.20126710688876742,289.0,0.0071879271879476125,8.071308524591215e-06,0.0
36.0,0.20126710688876742,290.0,0.013787893259492246,0.03681238091764813,1.0
36.0,0.20126710688876742,291.0,0.0034054008544996185,0.054741930894941705,1.0
36.0,0.20126710688876742,292.0,0.003882893721497237,0.02856143121146393,1.0
36.0,0.20126710688876742,293.0,0.00764114275226132,0.00744387695798234,0.0
36.0,0.20126710688876742,294.0,0.013890932579816403,0.1259025205343798,1.0
36.0,0.20126710688876742,295.0,0.007040326688038876,2.7396248610182716e-05,0.0
36.0,0.20126710688876742,296.0,0.04905910167413195,5.1641697339865865e-06,0.0
36.0,0.20126710688876742,297.0,0.01083151719509533,0.0006628902245858729,1.0
36.0,0.20126710688876742,298.0,0.006960205092647349,1.1205214875066352e-06,0.0
36.0,0.20126710688876742,299.0,0.01541421341306037,0.029329129781565638,1.0
36.0,0.20126710688876742,300.0,0.013376315271124796,0.0,0.0
36.0,0.20126710688876742,301.0,0.0071108796119903886,0.0,0.0
36.0,0.20126710688876742,302.0,0.015366015233489424,0.0041964618785812775,1.0
36.0,0.20126710688876742,303.0,0.048628693233353865,0.018093400488477757,1.0
36.0,0.20126710688876742,304.0,0.01145125537981112,0.019214981017261934,0.0
36.0,0.20126710688876742,305.0,0.02579977435174535,0.00528429365223254,1.0
36.0,0.20126710688876742,306.0,0.019933247005605025,0.0003354202279846451,0.0
36.0,0.20126710688876742,307.0,0.007421498325906828,0.0,0.0
36.0,0.20126710688876742,308.0,0.0064793776285547435,0.08504074386755939,1.0
36.0,0.20126710688876742,309.0,0.024283748010583587,3.214537869622299,1.0
36.0,0.20126710688876742,310.0,0.014999641858180243,7.453925203751378e-05,0.0
36.0,0.20126710688876742,311.0,0.0035059524495830736,0.0023761547594788237,1.0
36.0,0.20126710688876742,312.0,0.010696011096098305,0.0,0.0
36.0,0.20126710688876742,313.0,0.0069146226953662225,0.0010863963994876466,1.0
36.0,0.20126710688876742,314.0,0.012344158310153558,0.0,0.0
36.0,0.20126710688876742,315.0,0.014004415221522418,0.01867101657671119,1.0
36.0,0.20126710688876742,316.0,0.013465407350854712,0.006244225411850717,1.0
36.0,0.20126710688876742,317.0,0.0038999895488811094,5.7131332579436876e-05,1.0
36.0,0.20126710688876742,318.0,0.015247457453966837,2.6177427532351243,1.0
36.0,0.20126710688876742,319.0,0.01601931381431394,2.3251782406522642e-05,0.0
36.0,0.20126710688876742,320.0,0.01839830650485819,0.35906407371626947,1.0
36.0,0.20126710688876742,321.0,0.0077716395268192925,0.011554063458427867,1.0
36.0,0.20126710688876742,322.0,0.014934723086262936,0.025590197433142343,1.0
36.0,0.20126710688876742,323.0,0.009016349680411198,0.0,0.0
36.0,0.20126710688876742,324.0,0.007342261769246297,0.0,0.0
36.0,0.20126710688876742,325.0,0.006593064258274617,6.355296056454841e-06,1.0
36.0,0.20126710688876742,326.0,0.003876564992544991,0.00037133282775532976,0.0
36.0,0.20126710688876742,327.0,0.011892400885149533,0.07621691892216613,1.0
36.0,0.20126710688876742,328.0,0.008383752837668994,0.011386316868515179,0.0
36.0,0.20126710688876742,329.0,0.0079878636567524,0.004887349880598948,1.0
36.0,0.20126710688876742,330.0,0.0076501217741478215,0.0004138769718816406,0.0
36.0,0.20126710688876742,331.0,0.01707964372607603,0.0,0.0
36.0,0.20126710688876742,332.0,0.006819841933200988,0.02055912721340934,1.0
36.0,0.20126710688876742,333.0,0.008210994158880757,6.601125146125353e-05,1.0
36.0,0.20126710688876742,334.0,0.01377579080166145,0.061008450704172754,1.0
36.0,0.20126710688876742,335.0,0.012552663378645072,0.006338771494557138,1.0
36.0,0.20126710688876742,336.0,0.01450498558378189,2.635763844444635e-06,0.0
36.0,0.20126710688876742,337.0,0.018553538498717402,0.000417643774291996,1.0
36.0,0.20126710688876742,338.0,0.013987511744696618,0.00021648231281840214,0.0
36.0,0.20126710688876742,339.0,0.006673035960246533,0.22398764211855365,1.0
36.0,0.20126710688876742,340.0,0.007773474216501801,0.0,0.0
36.0,0.20126710688876742,341.0,0.011462329401887855,0.0,0.0
36.0,0.20126710688876742,342.0,0.0037970333352837244,4.321153105969633e-05,0.0
36.0,0.20126710688876742,343.0,0.050617160413181365,0.0008291701357954896,0.0
36.0,0.20126710688876742,344.0,0.04905005475213879,0.0006517813718124667,1.0
36.0,0.20126710688876742,345.0,0.003518384823078043,0.023582389383172614,1.0
36.0,0.20126710688876742,346.0,0.0067959449077293526,0.00019145651622035867,1.0
36.0,0.20126710688876742,347.0,0.007386413981478725,0.0,0.0
36.0,0.20126710688876742,348.0,0.004166119058540061,0.0,0.0
36.0,0.20126710688876742,349.0,0.01179831905579757,0.0004934784271034904,1.0
36.0,0.20126710688876742,350.0,0.004437370398368309,4.008092451763095e-05,0.0
36.0,0.20126710688876742,351.0,0.02441967343335833,2.8182373999569417,1.0
36.0,0.20126710688876742,352.0,0.008190369588881738,0.0,0.0
36.0,0.20126710688876742,353.0,0.0037329385237835073,0.001095940504327683,1.0
36.0,0.20126710688876742,354.0,0.0147651958149613,0.018891655184580695,1.0
36.0,0.20126710688876742,355.0,0.05079007826648041,0.0,0.0
36.0,0.20126710688876742,356.0,0.013255435751429668,0.0007295911546028485,0.0
36.0,0.20126710688876742,357.0,0.048676379327741735,0.0020797279395766105,1.0
36.0,0.20126710688876742,358.0,0.05025807128452603,0.0015697548116698004,0.0
36.0,0.20126710688876742,359.0,0.014259079457074072,0.0007467378672308093,0.0
36.0,0.20126710688876742,360.0,0.006425878348362203,0.09436201161735426,1.0
36.0,0.20126710688876742,361.0,0.00704761439105598,0.03197875908420519,1.0
36.0,0.20126710688876742,362.0,0.014968465718335608,0.021299951118793216,1.0
36.0,0.20126710688876742,363.0,0.007375943928325187,0.0,0.0
36.0,0.20126710688876742,364.0,0.013291267448510136,0.0027051297223387345,1.0
36.0,0.20126710688876742,365.0,0.013844248169398953,0.02407263048146921,1.0
36.0,0.20126710688876742,366.0,0.05324377522909547,4.201553287009947e-06,0.0
36.0,0.20126710688876742,367.0,0.003463999033676203,7.854405074853608e-07,0.0
36.0,0.20126710688876742,368.0,0.05002667646598311,0.0030450079271927594,0.0
36.0,0.20126710688876742,369.0,0.015228076216922248,0.00013646765858880202,0.0
36.0,0.20126710688876742,370.0,0.006223966378010006,0.012928984050051287,1.0
36.0,0.20126710688876742,371.0,0.008467323012950508,6.993836002005868e-05,0.0
36.0,0.20126710688876742,372.0,0.04760643611706752,0.010998207250952954,1.0
36.0,0.20126710688876742,373.0,0.04847257274101658,0.04090780953585112,1.0
36.0,0.20126710688876742,374.0,0.014475715200496894,0.0,0.0
36.0,0.20126710688876742,375.0,0.0030075345525939164,0.007087909811716329,1.0
36.0,0.20126710688876742,376.0,0.06975427243852739,2.449597727623115,1.0
36.0,0.20126710688876742,377.0,0.02924266354160943,6.926851670208105,1.0
36.0,0.20126710688876742,378.0,0.004808298021731004,0.0,0.0
36.0,0.20126710688876742,379.0,0.016304034119653244,0.0,0.0
36.0,0.20126710688876742,380.0,0.007729783064185179,0.03205618022358642,1.0
36.0,0.20126710688876742,381.0,0.013555450016468332,0.981433981884599,1.0
36.0,0.20126710688876742,382.0,0.007250097296746208,0.0,0.0
36.0,0.20126710688876742,383.0,0.0038103293986274226,0.023051565986001547,1.0
36.0,0.20126710688876742,384.0,0.009471122632987251,0.0014171245511152553,1.0
36.0,0.20126710688876742,385.0,0.014665895123473424,0.016316773238253292,1.0
36.0,0.20126710688876742,386.0,0.049038774975474694,0.13166863617480948,1.0
36.0,0.20126710688876742,387.0,0.05059051967451337,6.782204735465286e-06,1.0
36.0,0.20126710688876742,388.0,0.00698926089290024,0.001134661821232296,1.0
36.0,0.20126710688876742,389.0,0.008035159757496763,0.028393953574967268,1.0
36.0,0.20126710688876742,390.0,0.008451104229831904,0.0018958744294720379,1.0
36.0,0.20126710688876742,391.0,0.006910201926222804,0.0,0.0
36.0,0.20126710688876742,392.0,0.007353920050792605,0.006583154070587142,0.0
36.0,0.20126710688876742,393.0,0.004585329370594124,0.0,0.0
36.0,0.20126710688876742,394.0,0.01967071746300242,4.682933523715798,1.0
36.0,0.20126710688876742,395.0,0.004012813794468061,8.521592031340407e-07,0.0
36.0,0.20126710688876742,396.0,0.0079984863847348,0.0004508840066617271,0.0
36.0,0.20126710688876742,397.0,0.008632617204451269,0.22396168094437122,1.0
36.0,0.20126710688876742,398.0,0.009575444351184704,0.02473549637284656,1.0
36.0,0.20126710688876742,399.0,0.009041108816042654,0.0021099452622583953,1.0
36.0,0.26835614251835654,0.0,0.029967374184807372,0.003442818664249762,1.0
36.0,0.26835614251835654,1.0,0.00994774839341778,0.02601226990958002,1.0
36.0,0.26835614251835654,2.0,0.009953594833443179,0.0033622872891118506,1.0
36.0,0.26835614251835654,3.0,0.007390848657336137,0.0011536704292772748,1.0
36.0,0.26835614251835654,4.0,0.04452727176201134,0.000770286404187072,0.0
36.0,0.26835614251835654,5.0,0.007352969559239875,0.0006627078495452799,1.0
36.0,0.26835614251835654,6.0,0.004552659901903502,0.0,0.0
36.0,0.26835614251835654,7.0,0.05961996882544472,0.0,0.0
36.0,0.26835614251835654,8.0,0.05763825607245158,0.0009334819657728507,1.0
36.0,0.26835614251835654,9.0,0.030189235675167347,0.00026326020504736594,1.0
36.0,0.26835614251835654,10.0,0.0066300666676552015,0.020621694693841015,1.0
36.0,0.26835614251835654,11.0,0.042031349497808845,0.025683055277839664,1.0
36.0,0.26835614251835654,12.0,0.059303135472274164,0.0,0.0
36.0,0.26835614251835654,13.0,0.0328027532365682,0.0,0.0
36.0,0.26835614251835654,14.0,0.057503019054250024,0.0019268867157967444,1.0
36.0,0.26835614251835654,15.0,0.03489945869422751,0.0,0.0
36.0,0.26835614251835654,16.0,0.04255866606221864,3.299891760314926e-08,0.0
36.0,0.26835614251835654,17.0,0.05870222230451983,0.0009747846661067812,1.0
36.0,0.26835614251835654,18.0,0.03322120312719597,3.633230750892875e-05,0.0
36.0,0.26835614251835654,19.0,0.030117308543825567,0.0001853081286363318,0.0
36.0,0.26835614251835654,20.0,0.03441653565187454,0.4719040428139538,1.0
36.0,0.26835614251835654,21.0,0.032686951268690985,3.3037887755389947e-06,0.0
36.0,0.26835614251835654,22.0,0.016241154689909713,0.0,0.0
36.0,0.26835614251835654,23.0,0.03384724923159697,0.00014697979453395755,0.0
36.0,0.26835614251835654,24.0,0.04399712064494367,0.00027986790631028165,0.0
36.0,0.26835614251835654,25.0,0.043628118729263046,0.018343254957996363,0.0
36.0,0.26835614251835654,26.0,0.04463390078794443,0.00014069217523975618,0.0
36.0,0.26835614251835654,27.0,0.03157352237006393,0.02391972492610301,1.0
36.0,0.26835614251835654,28.0,0.03468117772899013,0.322936386490479,1.0
36.0,0.26835614251835654,29.0,0.009842906719363541,0.006367780709350362,1.0
36.0,0.26835614251835654,30.0,0.02803150995655006,2.529317265444782e-05,1.0
36.0,0.26835614251835654,31.0,0.012363773313324758,0.010273669255394628,1.0
36.0,0.26835614251835654,32.0,0.03073360691226105,8.697781693679824e-05,1.0
36.0,0.26835614251835654,33.0,0.01610570195789459,0.008979984843664076,1.0
36.0,0.26835614251835654,34.0,0.007315803828085945,1.536196457977786,1.0
36.0,0.26835614251835654,35.0,0.03243366549226936,0.0008545579876441924,0.0
36.0,0.26835614251835654,36.0,0.059424736250111194,0.0023718314375924436,0.0
36.0,0.26835614251835654,37.0,0.014725737805554088,0.000661295764437078,1.0
36.0,0.26835614251835654,38.0,0.062194063466744075,0.005726209963507899,1.0
36.0,0.26835614251835654,39.0,0.004269542071748941,0.07646155162969132,1.0
36.0,0.26835614251835654,40.0,0.05916703292244133,0.0035750193817121814,0.0
36.0,0.26835614251835654,41.0,0.05669416227919768,0.0,0.0
36.0,0.26835614251835654,42.0,0.00686048449983384,0.005461502881081673,1.0
36.0,0.26835614251835654,43.0,0.059297745187201746,0.018553884543872443,0.0
36.0,0.26835614251835654,44.0,0.02035684742809182,4.575178011834911,1.0
36.0,0.26835614251835654,45.0,0.06326017451390128,0.0,0.0
36.0,0.26835614251835654,46.0,0.013268285566869886,0.0,0.0
36.0,0.26835614251835654,47.0,0.06183298628926067,0.022202606960225985,1.0
36.0,0.26835614251835654,48.0,0.059350075514528484,0.000222669788162473,1.0
36.0,0.26835614251835654,49.0,0.04170071180980547,0.00391544555116354,0.0
36.0,0.26835614251835654,50.0,0.004011208567090234,0.14547387728410996,1.0
36.0,0.26835614251835654,51.0,0.03223194748058764,0.08133047541278907,1.0
36.0,0.26835614251835654,52.0,0.032196036358208065,0.0017927651875436,0.0
36.0,0.26835614251835654,53.0,0.008784367740918423,0.017590788356447597,1.0
36.0,0.26835614251835654,54.0,0.008342203937064101,1.7879848202806177,1.0
36.0,0.26835614251835654,55.0,0.058522327841232194,0.003944168890844361,1.0
36.0,0.26835614251835654,56.0,0.004455312001697422,0.0009730673946920606,1.0
36.0,0.26835614251835654,57.0,0.01696494033078167,0.5730638566887535,1.0
36.0,0.26835614251835654,58.0,0.06118942008022368,2.630051812441645e-06,0.0
36.0,0.26835614251835654,59.0,0.008261518398311136,0.0,0.0
36.0,0.26835614251835654,60.0,0.0330255679536501,0.0,0.0
36.0,0.26835614251835654,61.0,0.012379092083888724,0.0,0.0
36.0,0.26835614251835654,62.0,0.014948691423721787,0.7033582671936668,1.0
36.0,0.26835614251835654,63.0,0.06314255628595278,0.0,0.0
36.0,0.26835614251835654,64.0,0.004846786861079301,0.002309966336458849,0.0
36.0,0.26835614251835654,65.0,0.016770744842894442,0.0003127251493651343,0.0
36.0,0.26835614251835654,66.0,0.004099170229841871,0.02290720993876841,1.0
36.0,0.26835614251835654,67.0,0.029981014900603984,0.03741402298616204,1.0
36.0,0.26835614251835654,68.0,0.012911966068050102,0.0,0.0
36.0,0.26835614251835654,69.0,0.05772979438884387,3.043981644998016e-05,0.0
36.0,0.26835614251835654,70.0,0.05792769951165567,0.005420387167562382,1.0
36.0,0.26835614251835654,71.0,0.031565812400219724,0.0006435518627155434,1.0
36.0,0.26835614251835654,72.0,0.06067674121096265,0.02054357964674301,0.0
36.0,0.26835614251835654,73.0,0.05619101744939459,2.309048792040328e-06,0.0
36.0,0.26835614251835654,74.0,0.04732644186565999,0.0,0.0
36.0,0.26835614251835654,75.0,0.014321699574180478,2.2603843806315744,1.0
36.0,0.26835614251835654,76.0,0.01500850868283235,0.2320339927382054,1.0
36.0,0.26835614251835654,77.0,0.05550054244030386,0.004712363455071666,0.0
36.0,0.26835614251835654,78.0,0.010974597158684535,0.0,0.0
36.0,0.26835614251835654,79.0,0.05935764457924112,0.0,0.0
36.0,0.26835614251835654,80.0,0.012928861884925936,0.0,0.0
36.0,0.26835614251835654,81.0,0.04364807988742382,0.0009479518815095142,0.0
36.0,0.26835614251835654,82.0,0.03269181089575003,0.043653529916119524,1.0
36.0,0.26835614251835654,83.0,0.010232377988732336,0.007368959667806191,1.0
36.0,0.26835614251835654,84.0,0.026528136200919483,0.016768667736193,1.0
36.0,0.26835614251835654,85.0,0.03252343258454865,0.00044707629108911654,0.0
36.0,0.26835614251835654,86.0,0.04264511367139712,0.0003004436681708326,1.0
36.0,0.26835614251835654,87.0,0.044106990830071115,0.0027318125828993127,0.0
36.0,0.26835614251835654,88.0,0.004418576550756612,0.0017586669005292149,0.0
36.0,0.26835614251835654,89.0,0.036319021566168765,4.001334807522627,1.0
36.0,0.26835614251835654,90.0,0.015496070006781318,0.0037765669768676513,1.0
36.0,0.26835614251835654,91.0,0.003805247787294849,0.011579341762137083,1.0
36.0,0.26835614251835654,92.0,0.04226964741913024,1.893440836251961,1.0
36.0,0.26835614251835654,93.0,0.016457441950357688,0.0014132369228040296,0.0
36.0,0.26835614251835654,94.0,0.0041666620424014355,0.0018367326796885244,1.0
36.0,0.26835614251835654,95.0,0.013169756413625128,0.01988709489835841,0.0
36.0,0.26835614251835654,96.0,0.03160531409240072,0.023860827091206398,0.0
36.0,0.26835614251835654,97.0,0.031900857353948354,0.00010453390108230728,0.0
36.0,0.26835614251835654,98.0,0.04664740957443256,0.0020350567457052544,0.0
36.0,0.26835614251835654,99.0,0.06106518293493752,0.020307264866932864,0.0
36.0,0.26835614251835654,100.0,0.05837027554893708,0.0003000304944705078,1.0
36.0,0.26835614251835654,101.0,0.00965907081005886,0.027493319698583808,1.0
36.0,0.26835614251835654,102.0,0.05629126357305055,0.0006329585184482423,0.0
36.0,0.26835614251835654,103.0,0.05921185435825841,0.0010980362912088497,0.0
36.0,0.26835614251835654,104.0,0.010615081071094766,0.0018974638830260428,1.0
36.0,0.26835614251835654,105.0,0.01730450254427917,0.0,0.0
36.0,0.26835614251835654,106.0,0.059364740357700126,0.017269880097328525,1.0
36.0,0.26835614251835654,107.0,0.061558917752938445,0.0,0.0
36.0,0.26835614251835654,108.0,0.060163000931065025,0.009006509895676341,0.0
36.0,0.26835614251835654,109.0,0.05843398449678563,0.0,0.0
36.0,0.26835614251835654,110.0,0.04456107739720758,6.544116641534984e-05,0.0
36.0,0.26835614251835654,111.0,0.040857771457998265,1.582360116602869,1.0
36.0,0.26835614251835654,112.0,0.0326790070054555,0.001267560082507863,1.0
36.0,0.26835614251835654,113.0,0.03354306639466892,0.014327170269790577,1.0
36.0,0.26835614251835654,114.0,0.055847026308669175,0.0007446821606924278,1.0
36.0,0.26835614251835654,115.0,0.0575179027418028,7.291140705625991e-05,1.0
36.0,0.26835614251835654,116.0,0.046475998189605475,0.0,0.0
36.0,0.26835614251835654,117.0,0.06118103905738166,0.0,0.0
36.0,0.26835614251835654,118.0,0.05927172924787861,0.021938993637288382,0.0
36.0,0.26835614251835654,119.0,0.0059539014198292314,0.0033687773400414896,1.0
36.0,0.26835614251835654,120.0,0.031322295898302294,0.005174341365829689,1.0
36.0,0.26835614251835654,121.0,0.059312833766619666,0.03970265101257215,0.0
36.0,0.26835614251835654,122.0,0.00738887527420865,1.3439405502035369,1.0
36.0,0.26835614251835654,123.0,0.012070828891063378,0.008796959600906753,1.0
36.0,0.26835614251835654,124.0,0.05582287281920584,0.0022199330360227355,1.0
36.0,0.26835614251835654,125.0,0.007540482435063468,0.0004560558800148695,1.0
36.0,0.26835614251835654,126.0,0.02471966189194985,0.1609128003921664,1.0
36.0,0.26835614251835654,127.0,0.03266596342565901,0.01992381941878466,0.0
36.0,0.26835614251835654,128.0,0.05917388625210804,0.025939708421866967,1.0
36.0,0.26835614251835654,129.0,0.016773605634500015,0.014471275435380852,1.0
36.0,0.26835614251835654,130.0,0.044290667350950774,0.00029945791785429977,1.0
36.0,0.26835614251835654,131.0,0.0065599332449998915,0.006304911819091989,1.0
36.0,0.26835614251835654,132.0,0.05899872802932935,0.0,0.0
36.0,0.26835614251835654,133.0,0.023379282691135494,1.8752449587246665,1.0
36.0,0.26835614251835654,134.0,0.05565358388957755,2.6393635957799263e-05,0.0
36.0,0.26835614251835654,135.0,0.0037410643923555427,0.011069129284604368,1.0
36.0,0.26835614251835654,136.0,0.01001983618745039,0.017470911930698663,1.0
36.0,0.26835614251835654,137.0,0.009923496835020843,0.0028590555334185807,1.0
36.0,0.26835614251835654,138.0,0.0339925189733602,0.019834751203734863,0.0
36.0,0.26835614251835654,139.0,0.01677407554075592,0.0,0.0
36.0,0.26835614251835654,140.0,0.005696727959596061,0.7613005345470584,1.0
36.0,0.26835614251835654,141.0,0.057740802783438384,0.002618551452734317,0.0
36.0,0.26835614251835654,142.0,0.011333593885812796,0.0009506241271736172,0.0
36.0,0.26835614251835654,143.0,0.032672225190829976,0.01324464772050127,1.0
36.0,0.26835614251835654,144.0,0.043053388901867454,0.0015182806221348095,1.0
36.0,0.26835614251835654,145.0,0.045343394521400085,0.0004974064785398641,0.0
36.0,0.26835614251835654,146.0,0.057391773155276805,0.003401862015562434,0.0
36.0,0.26835614251835654,147.0,0.03140663406181066,0.0004911122780392894,1.0
36.0,0.26835614251835654,148.0,0.019235353055300664,0.8040687286767951,1.0
36.0,0.26835614251835654,149.0,0.01079043769719886,0.15020241973589518,1.0
36.0,0.26835614251835654,150.0,0.004061909317813181,0.0015073200941200073,0.0
36.0,0.26835614251835654,151.0,0.030440007245259287,0.003462104684001386,1.0
36.0,0.26835614251835654,152.0,0.00463711772873203,0.0005588866485854323,0.0
36.0,0.26835614251835654,153.0,0.012917469086240281,0.0,0.0
36.0,0.26835614251835654,154.0,0.03108129680914821,0.000818098722485738,0.0
36.0,0.26835614251835654,155.0,0.025186726451430743,0.0039100280863492804,0.0
36.0,0.26835614251835654,156.0,0.05925852404217887,0.0015117789094805942,1.0
36.0,0.26835614251835654,157.0,0.044464637634317704,0.0,0.0
36.0,0.26835614251835654,158.0,0.055168528678314246,0.0010359722299954708,0.0
36.0,0.26835614251835654,159.0,0.07339936086423411,0.023477243889197787,1.0
36.0,0.26835614251835654,160.0,0.02065456996934202,0.8903896653832958,1.0
36.0,0.26835614251835654,161.0,0.033601167365942874,0.0,0.0
36.0,0.26835614251835654,162.0,0.014927245041292713,0.0018373864691265916,1.0
36.0,0.26835614251835654,163.0,0.03200216758854097,0.0022065955549358408,1.0
36.0,0.26835614251835654,164.0,0.03433681792721651,0.01936604623702827,0.0
36.0,0.26835614251835654,165.0,0.031897202671576114,4.489220187578133e-05,0.0
36.0,0.26835614251835654,166.0,0.030608450745448258,9.235833985299915e-05,1.0
36.0,0.26835614251835654,167.0,0.00842137721135787,0.005114783988040126,1.0
36.0,0.26835614251835654,168.0,0.04446384149195286,0.0,0.0
36.0,0.26835614251835654,169.0,0.04532538189330017,2.318947360219608e-05,0.0
36.0,0.26835614251835654,170.0,0.009772250910804386,0.022579917686834313,1.0
36.0,0.26835614251835654,171.0,0.05590065428101509,0.04033257388093528,1.0
36.0,0.26835614251835654,172.0,0.015355657789038482,0.09127072571327124,1.0
36.0,0.26835614251835654,173.0,0.01516848028560152,0.028776651611936006,1.0
36.0,0.26835614251835654,174.0,0.04373674148217061,0.024033145657237687,0.0
36.0,0.26835614251835654,175.0,0.01088348408251637,0.0017722156184187534,1.0
36.0,0.26835614251835654,176.0,0.016637878597030798,0.5123269859438603,1.0
36.0,0.26835614251835654,177.0,0.04532505299258613,0.013639361081581236,0.0
36.0,0.26835614251835654,178.0,0.03397348894252177,0.014708026975175714,1.0
36.0,0.26835614251835654,179.0,0.015163906474774193,0.08743705382421965,0.0
36.0,0.26835614251835654,180.0,0.06725266287346635,10.643372356976561,1.0
36.0,0.26835614251835654,181.0,0.05724627822416556,0.00727225012260855,0.0
36.0,0.26835614251835654,182.0,0.006224433555908264,0.1005197045367478,1.0
36.0,0.26835614251835654,183.0,0.01095094444074494,0.011262725950396155,0.0
36.0,0.26835614251835654,184.0,0.06280984601048949,5.436200760583291e-06,1.0
36.0,0.26835614251835654,185.0,0.006186884437808135,1.1701796014071626,1.0
36.0,0.26835614251835654,186.0,0.010713289368279148,0.018934869590441748,0.0
36.0,0.26835614251835654,187.0,0.01116751047423805,1.892009322223653e-06,0.0
36.0,0.26835614251835654,188.0,0.044901516117882616,0.3294077891034896,1.0
36.0,0.26835614251835654,189.0,0.04539492290788589,1.2962614190589952e-05,0.0
36.0,0.26835614251835654,190.0,0.010435730240194488,0.004322618724122667,1.0
36.0,0.26835614251835654,191.0,0.029915759026902626,0.013628281942450872,1.0
36.0,0.26835614251835654,192.0,0.04477791809590327,0.001197385286663742,1.0
36.0,0.26835614251835654,193.0,0.004093624602349093,0.012350391172228465,1.0
36.0,0.26835614251835654,194.0,0.032118860192391185,0.12800634039350725,1.0
36.0,0.26835614251835654,195.0,0.018584647264485922,0.01676229504700034,1.0
36.0,0.26835614251835654,196.0,0.004101364796379644,0.0032116599433147353,1.0
36.0,0.26835614251835654,197.0,0.0310243383700267,0.0007775856965834043,1.0
36.0,0.26835614251835654,198.0,0.031661152994596216,0.017527528029089297,1.0
36.0,0.26835614251835654,199.0,0.060233748601030604,0.00016067133586842054,0.0
36.0,0.26835614251835654,200.0,0.007184419712337095,0.005871827788912457,1.0
36.0,0.26835614251835654,201.0,0.03258148537822376,0.0,0.0
36.0,0.26835614251835654,202.0,0.03456957166168546,0.0,0.0
36.0,0.26835614251835654,203.0,0.009805561539800143,0.026369758435503824,1.0
36.0,0.26835614251835654,204.0,0.032506648931076625,9.640974369436246e-06,0.0
36.0,0.26835614251835654,205.0,0.01709441852929367,0.0,0.0
36.0,0.26835614251835654,206.0,0.034919318257491144,0.6062833360388883,1.0
36.0,0.26835614251835654,207.0,0.0445594162805031,0.0,0.0
36.0,0.26835614251835654,208.0,0.04471003854690194,0.009852386805979623,1.0
36.0,0.26835614251835654,209.0,0.031332888849422556,0.07707522561929087,1.0
36.0,0.26835614251835654,210.0,0.06338651582013717,7.677425157202038e-06,1.0
36.0,0.26835614251835654,211.0,0.03833278468725758,0.9625807891419178,1.0
36.0,0.26835614251835654,212.0,0.05108787522173938,2.985114500724394,1.0
36.0,0.26835614251835654,213.0,0.03223028827076556,0.0,0.0
36.0,0.26835614251835654,214.0,0.006943586132594748,0.0007124098419166097,0.0
36.0,0.26835614251835654,215.0,0.05879268115554194,0.0002486907592506473,0.0
36.0,0.26835614251835654,216.0,0.033115352022373215,0.0001669411349482609,1.0
36.0,0.26835614251835654,217.0,0.029693254133652557,4.1110543598544504,1.0
36.0,0.26835614251835654,218.0,0.05736749650601807,0.005153093214036966,0.0
36.0,0.26835614251835654,219.0,0.06178912826492873,0.0,0.0
36.0,0.26835614251835654,220.0,0.056416678912465455,0.002100437454808904,0.0
36.0,0.26835614251835654,221.0,0.05477432466923655,0.008287101261326988,1.0
36.0,0.26835614251835654,222.0,0.027519695000869825,0.00040174978456081824,0.0
36.0,0.26835614251835654,223.0,0.03227945707449608,0.020158631752454456,1.0
36.0,0.26835614251835654,224.0,0.06146542858904605,1.1657664845106569e-05,0.0
36.0,0.26835614251835654,225.0,0.05585977750190896,0.0,0.0
36.0,0.26835614251835654,226.0,0.017813451354079687,0.7128911566024793,1.0
36.0,0.26835614251835654,227.0,0.0151009985048506,1.566386059686908e-05,0.0
36.0,0.26835614251835654,228.0,0.006912584077418937,0.03702243586645317,1.0
36.0,0.26835614251835654,229.0,0.012019145158005506,0.00019210370215625813,1.0
36.0,0.26835614251835654,230.0,0.03299990137955058,0.0007024967730433369,1.0
36.0,0.26835614251835654,231.0,0.05609564830917816,4.228413119028082e-05,0.0
36.0,0.26835614251835654,232.0,0.04652250305778114,0.0,0.0
36.0,0.26835614251835654,233.0,0.03397918121775053,0.001278509684204024,0.0
36.0,0.26835614251835654,234.0,0.04429682293640837,3.1683768141397414e-05,1.0
36.0,0.26835614251835654,235.0,0.015664435684247757,0.006185695758059793,0.0
36.0,0.26835614251835654,236.0,0.015698140944917963,1.7294364887742397e-05,0.0
36.0,0.26835614251835654,237.0,0.010423706833630357,2.603887821639567,1.0
36.0,0.26835614251835654,238.0,0.04584042911721689,5.96488522631283e-06,1.0
36.0,0.26835614251835654,239.0,0.03392007094209693,0.0,0.0
36.0,0.26835614251835654,240.0,0.004071518472836891,0.0007002409490057168,1.0
36.0,0.26835614251835654,241.0,0.010914738466673716,0.001287577457848695,0.0
36.0,0.26835614251835654,242.0,0.057817635528366065,0.00844251631553156,1.0
36.0,0.26835614251835654,243.0,0.03219769795009351,7.820891289215935e-05,1.0
36.0,0.26835614251835654,244.0,0.03386072240861298,0.0,0.0
36.0,0.26835614251835654,245.0,0.061304196630343304,0.0,0.0
36.0,0.26835614251835654,246.0,0.030855454383573257,8.623541609861684e-06,0.0
36.0,0.26835614251835654,247.0,0.007121008142194641,0.01981793644255728,0.0
36.0,0.26835614251835654,248.0,0.030786653961422102,0.004427089280571103,1.0
36.0,0.26835614251835654,249.0,0.03142886831819896,0.0019219704836551548,1.0
36.0,0.26835614251835654,250.0,0.034246440762848496,0.0,0.0
36.0,0.26835614251835654,251.0,0.05873283335541572,0.025147335512273068,0.0
36.0,0.26835614251835654,252.0,0.014682156142168118,0.006063471297257448,1.0
36.0,0.26835614251835654,253.0,0.025955192634974898,0.009452157043323313,0.0
36.0,0.26835614251835654,254.0,0.04314379291358302,0.030419123557189436,0.0
36.0,0.26835614251835654,255.0,0.011649919146845164,0.0,0.0
36.0,0.26835614251835654,256.0,0.031476341848134116,1.5641634745012327e-05,1.0
36.0,0.26835614251835654,257.0,0.013758523835007776,0.13721341012282348,1.0
36.0,0.26835614251835654,258.0,0.0038729291918279175,2.2940885561905755e-05,0.0
36.0,0.26835614251835654,259.0,0.05575275454985794,2.3035685737583114e-06,0.0
36.0,0.26835614251835654,260.0,0.032134584568448595,0.0,0.0
36.0,0.26835614251835654,261.0,0.004221667868263625,3.073883836461491e-05,1.0
36.0,0.26835614251835654,262.0,0.01241028589003014,8.85577683447666e-06,0.0
36.0,0.26835614251835654,263.0,0.008640008981621495,0.029504786340323795,1.0
36.0,0.26835614251835654,264.0,0.04176866523023866,0.0008935954238945485,0.0
36.0,0.26835614251835654,265.0,0.015187513664181623,0.011821375890026407,1.0
36.0,0.26835614251835654,266.0,0.0588256397506171,0.0008584440530108744,1.0
36.0,0.26835614251835654,267.0,0.012273616265108632,0.0016533046400875392,1.0
36.0,0.26835614251835654,268.0,0.060703060582170974,7.483059248815793e-05,0.0
36.0,0.26835614251835654,269.0,0.06049224921789081,0.0007642652473222061,0.0
36.0,0.26835614251835654,270.0,0.0037008268458478613,0.00707834028941587,1.0
36.0,0.26835614251835654,271.0,0.04463095754920297,0.00025535151739159437,0.0
36.0,0.26835614251835654,272.0,0.05861180960280425,1.4716572832370332e-05,0.0
36.0,0.26835614251835654,273.0,0.009571033794475646,0.10731099218217414,1.0
36.0,0.26835614251835654,274.0,0.03158543755007645,0.02417213987216305,0.0
36.0,0.26835614251835654,275.0,0.01027605320960808,2.660141006035962,1.0
36.0,0.26835614251835654,276.0,0.031235698638167712,0.00019263505445360062,0.0
36.0,0.26835614251835654,277.0,0.0061806147019441956,6.295652273806846e-05,1.0
36.0,0.26835614251835654,278.0,0.03230574791608522,0.0,0.0
36.0,0.26835614251835654,279.0,0.009947086987711939,0.00027763098726145657,1.0
36.0,0.26835614251835654,280.0,0.05955204235881131,2.2303228473401283e-05,0.0
36.0,0.26835614251835654,281.0,0.01112801788015609,0.0,0.0
36.0,0.26835614251835654,282.0,0.007112231655489428,0.09307865057999352,1.0
36.0,0.26835614251835654,283.0,0.023931195829334995,5.514154188899619,1.0
36.0,0.26835614251835654,284.0,0.060300230325136234,0.0,0.0
36.0,0.26835614251835654,285.0,0.05629614001028179,0.0,0.0
36.0,0.26835614251835654,286.0,0.04949742109219023,8.928699942246723,1.0
36.0,0.26835614251835654,287.0,0.029533971895384828,0.0006695182504711899,1.0
36.0,0.26835614251835654,288.0,0.018684713866759642,0.002067616763951399,0.0
36.0,0.26835614251835654,289.0,0.05628032195275503,7.846323053359179e-06,0.0
36.0,0.26835614251835654,290.0,0.032152657130375094,0.02531479479421579,1.0
36.0,0.26835614251835654,291.0,0.01003409780244332,0.028462196068068515,1.0
36.0,0.26835614251835654,292.0,0.003882893721497237,0.02856143121146393,1.0
36.0,0.26835614251835654,293.0,0.04427821398883523,0.0074509128115001445,0.0
36.0,0.26835614251835654,294.0,0.03221076404932209,0.07778489907908229,1.0
36.0,0.26835614251835654,295.0,0.007040326688038876,2.7396248610182716e-05,0.0
36.0,0.26835614251835654,296.0,0.05900479644482942,5.096235655431164e-06,0.0
36.0,0.26835614251835654,297.0,0.03185740890285091,0.00052045684119567,1.0
36.0,0.26835614251835654,298.0,0.05687537662702001,1.0778663276895354e-06,0.0
36.0,0.26835614251835654,299.0,0.044923549194216254,0.023308252745769902,1.0
36.0,0.26835614251835654,300.0,0.033293777551135946,0.0,0.0
36.0,0.26835614251835654,301.0,0.05615039639114025,0.0,0.0
36.0,0.26835614251835654,302.0,0.044570081023569574,0.0020381671610708117,1.0
36.0,0.26835614251835654,303.0,0.05830105507461248,0.010746121102810946,1.0
36.0,0.26835614251835654,304.0,0.016518781256515794,0.019160289575704172,0.0
36.0,0.26835614251835654,305.0,0.032370769119667055,0.002405665685515963,1.0
36.0,0.26835614251835654,306.0,0.028093952093806968,0.0003323566136455422,0.0
36.0,0.26835614251835654,307.0,0.056612903444647845,0.0,0.0
36.0,0.26835614251835654,308.0,0.05484549053673719,0.011723401085183728,1.0
36.0,0.26835614251835654,309.0,0.028735555159380415,2.726965637962624,1.0
36.0,0.26835614251835654,310.0,0.04470591678579735,6.890697942142059e-05,0.0
36.0,0.26835614251835654,311.0,0.010244636123358028,0.0020012655470949,1.0
36.0,0.26835614251835654,312.0,0.03170487829205091,0.0,0.0
36.0,0.26835614251835654,313.0,0.057788932048039234,0.0008161289862999414,0.0
36.0,0.26835614251835654,314.0,0.03327117417132074,0.0,0.0
36.0,0.26835614251835654,315.0,0.03269088813748541,0.018452590375905638,1.0
36.0,0.26835614251835654,316.0,0.03143718733285776,0.002459658669149426,1.0
36.0,0.26835614251835654,317.0,0.010749105492169802,4.8294126091731256e-05,1.0
36.0,0.26835614251835654,318.0,0.056749392501171766,0.12071739966426817,1.0
36.0,0.26835614251835654,319.0,0.04690547224168402,2.166102214207275e-05,0.0
36.0,0.26835614251835654,320.0,0.02609258031805519,0.28759009233008725,1.0
36.0,0.26835614251835654,321.0,0.011840434953646284,0.011267290870149433,1.0
36.0,0.26835614251835654,322.0,0.04446565212485052,0.020905735635319642,0.0
36.0,0.26835614251835654,323.0,0.013314624380416069,0.0,0.0
36.0,0.26835614251835654,324.0,0.056346458076703965,0.0,0.0
36.0,0.26835614251835654,325.0,0.05569595227536515,2.9066784903926016e-06,0.0
36.0,0.26835614251835654,326.0,0.010868383183550677,0.0003711308528556259,0.0
36.0,0.26835614251835654,327.0,0.030401435298597318,0.040463431880106614,1.0
36.0,0.26835614251835654,328.0,0.01258074175849514,0.010972410917377749,0.0
36.0,0.26835614251835654,329.0,0.012014975209103383,0.004495296272948094,1.0
36.0,0.26835614251835654,330.0,0.04449700198288038,0.0003721992658787825,0.0
36.0,0.26835614251835654,331.0,0.048284940476698616,0.0,0.0
36.0,0.26835614251835654,332.0,0.0571621528645369,0.010978729067156225,1.0
36.0,0.26835614251835654,333.0,0.012340844308170488,5.666836077349686e-05,1.0
36.0,0.26835614251835654,334.0,0.03192384310154152,0.03634911200614403,1.0
36.0,0.26835614251835654,335.0,0.01752593279176719,0.005749269905727129,1.0
36.0,0.26835614251835654,336.0,0.03293864467417202,2.634483211624672e-06,0.0
36.0,0.26835614251835654,337.0,0.026332935294962022,0.00022394049750855483,1.0
36.0,0.26835614251835654,338.0,0.033373712026084204,0.00021512078054243265,0.0
36.0,0.26835614251835654,339.0,0.006673035960246533,0.22398764211855365,1.0
36.0,0.26835614251835654,340.0,0.04341634772719805,0.0,0.0
36.0,0.26835614251835654,341.0,0.01646886384046052,0.0,0.0
36.0,0.26835614251835654,342.0,0.010787500947849537,4.320029789513274e-05,0.0
36.0,0.26835614251835654,343.0,0.06074977603757762,0.0008203834191795537,0.0
36.0,0.26835614251835654,344.0,0.05881156076486215,0.00036118871463747005,1.0
36.0,0.26835614251835654,345.0,0.003518384823078043,0.023582389383172614,1.0
36.0,0.26835614251835654,346.0,0.0421458613463971,0.00012242930067303217,1.0
36.0,0.26835614251835654,347.0,0.05716316470452071,0.0,0.0
36.0,0.26835614251835654,348.0,0.011309268044611631,0.0,0.0
36.0,0.26835614251835654,349.0,0.03140553360064191,0.0002340706628497884,0.0
36.0,0.26835614251835654,350.0,0.004437370398368309,4.008092451763095e-05,0.0
36.0,0.26835614251835654,351.0,0.035634545039894015,0.5855536189052735,1.0
36.0,0.26835614251835654,352.0,0.012318028673129849,0.0,0.0
36.0,0.26835614251835654,353.0,0.0037329385237835073,0.001095940504327683,1.0
36.0,0.26835614251835654,354.0,0.04393421172570038,0.018723001115970226,0.0
36.0,0.26835614251835654,355.0,0.060751256032280786,0.0,0.0
36.0,0.26835614251835654,356.0,0.033391955597750565,0.0004210134876602554,0.0
36.0,0.26835614251835654,357.0,0.058328966879030504,0.0015336660895403956,1.0
36.0,0.26835614251835654,358.0,0.06017764050013017,0.0015315537574022435,0.0
36.0,0.26835614251835654,359.0,0.033016742143361234,0.0005373148813443292,0.0
36.0,0.26835614251835654,360.0,0.006425878348362203,0.09436201161735426,1.0
36.0,0.26835614251835654,361.0,0.00704761439105598,0.03197875908420519,1.0
36.0,0.26835614251835654,362.0,0.044581140849207515,0.021220761138595265,1.0
36.0,0.26835614251835654,363.0,0.043929596788520354,0.0,0.0
36.0,0.26835614251835654,364.0,0.03183485660434244,0.0019609068718129652,1.0
36.0,0.26835614251835654,365.0,0.03222497343626308,0.02363095250354572,1.0
36.0,0.26835614251835654,366.0,0.0641351144531183,4.200278035503414e-06,0.0
36.0,0.26835614251835654,367.0,0.010211772916343278,7.813704804855862e-07,0.0
36.0,0.26835614251835654,368.0,0.05991950177970469,0.0030449616524064966,0.0
36.0,0.26835614251835654,369.0,0.044983623810906335,0.00013346969751813138,0.0
36.0,0.26835614251835654,370.0,0.006223966378010006,0.012928984050051287,1.0
36.0,0.26835614251835654,371.0,0.01268842992939437,6.791236600725601e-05,0.0
36.0,0.26835614251835654,372.0,0.05841859194485329,0.0076503094097030416,1.0
36.0,0.26835614251835654,373.0,0.05806998564059656,0.03052711737792605,1.0
36.0,0.26835614251835654,374.0,0.03313482256299577,0.0,0.0
36.0,0.26835614251835654,375.0,0.009428520257185083,0.005782445920188322,1.0
36.0,0.26835614251835654,376.0,0.07394147369747335,1.64332118121163,1.0
36.0,0.26835614251835654,377.0,0.02924266354160943,6.926851670208105,1.0
36.0,0.26835614251835654,378.0,0.004808298021731004,0.0,0.0
36.0,0.26835614251835654,379.0,0.0464411729029425,0.0,0.0
36.0,0.26835614251835654,380.0,0.007729783064185179,0.03205618022358642,1.0
36.0,0.26835614251835654,381.0,0.017744024611348882,0.6924778279212221,1.0
36.0,0.26835614251835654,382.0,0.05769793390156801,0.0,0.0
36.0,0.26835614251835654,383.0,0.0038103293986274226,0.023051565986001547,1.0
36.0,0.26835614251835654,384.0,0.029632424417713542,0.0007218946747748954,1.0
36.0,0.26835614251835654,385.0,0.033586067345854696,0.006117148893007937,0.0
36.0,0.26835614251835654,386.0,0.05855905877417849,0.09765161273419566,1.0
36.0,0.26835614251835654,387.0,0.060742543102129856,5.30574640240021e-06,1.0
36.0,0.26835614251835654,388.0,0.057480936604224535,0.0003289397592701037,1.0
36.0,0.26835614251835654,389.0,0.012132470578444968,0.028372075731845643,1.0
36.0,0.26835614251835654,390.0,0.027402845510458275,0.0008951644090298256,1.0
36.0,0.26835614251835654,391.0,0.05672663692081837,0.0,0.0
36.0,0.26835614251835654,392.0,0.057695030474549366,0.006155379299511742,0.0
36.0,0.26835614251835654,393.0,0.004585329370594124,0.0,0.0
36.0,0.26835614251835654,394.0,0.01967071746300242,4.682933523715798,1.0
36.0,0.26835614251835654,395.0,0.010995626885799921,7.832325245578516e-07,0.0
36.0,0.26835614251835654,396.0,0.012111185321406327,0.00044979091003991434,0.0
36.0,0.26835614251835654,397.0,0.012782801409400607,0.20245030486781457,1.0
36.0,0.26835614251835654,398.0,0.014201798757378363,0.02226946033737868,1.0
36.0,0.26835614251835654,399.0,0.009041108816042654,0.0021099452622583953,1.0
36.0,0.33544517814794567,0.0,0.029967374184807372,0.003442818664249762,1.0
36.0,0.33544517814794567,1.0,0.027145354713558775,0.012763666556695391,1.0
36.0,0.33544517814794567,2.0,0.026908603337871324,0.0024625410277325753,1.0
36.0,0.33544517814794567,3.0,0.007390848657336137,0.0011536704292772748,1.0
36.0,0.33544517814794567,4.0,0.04452727176201134,0.000770286404187072,0.0
36.0,0.33544517814794567,5.0,0.2572189205849757,0.0004555073046468484,0.0
36.0,0.33544517814794567,6.0,0.2600271832809867,0.0,0.0
36.0,0.33544517814794567,7.0,0.0709011406414861,0.0,0.0
36.0,0.33544517814794567,8.0,0.06844701272765161,0.0005634181373755949,1.0
36.0,0.33544517814794567,9.0,0.030189235675167347,0.00026326020504736594,1.0
36.0,0.33544517814794567,10.0,0.0066300666676552015,0.020621694693841015,1.0
36.0,0.33544517814794567,11.0,0.042031349497808845,0.025683055277839664,1.0
36.0,0.33544517814794567,12.0,0.059303135472274164,0.0,0.0
36.0,0.33544517814794567,13.0,0.0328027532365682,0.0,0.0
36.0,0.33544517814794567,14.0,0.06830309960522156,0.001020007008344054,1.0
36.0,0.33544517814794567,15.0,0.03489945869422751,0.0,0.0
36.0,0.33544517814794567,16.0,0.04713745957737337,3.349931020510574e-08,0.0
36.0,0.33544517814794567,17.0,0.06977538379546787,0.0007253469109417583,1.0
36.0,0.33544517814794567,18.0,0.03322120312719597,3.633230750892875e-05,0.0
36.0,0.33544517814794567,19.0,0.030117308543825567,0.0001853081286363318,0.0
36.0,0.33544517814794567,20.0,0.03441653565187454,0.4719040428139538,1.0
36.0,0.33544517814794567,21.0,0.032686951268690985,3.3037887755389947e-06,0.0
36.0,0.33544517814794567,22.0,0.016241154689909713,0.0,0.0
36.0,0.33544517814794567,23.0,0.03384724923159697,0.00014697979453395755,0.0
36.0,0.33544517814794567,24.0,0.04399712064494367,0.00027986790631028165,0.0
36.0,0.33544517814794567,25.0,0.043628118729263046,0.018343254957996363,0.0
36.0,0.33544517814794567,26.0,0.04463390078794443,0.00014069217523975618,0.0
36.0,0.33544517814794567,27.0,0.03157352237006393,0.02391972492610301,1.0
36.0,0.33544517814794567,28.0,0.03468117772899013,0.322936386490479,1.0
36.0,0.33544517814794567,29.0,0.02690550824771118,0.005026400684032757,1.0
36.0,0.33544517814794567,30.0,0.03239272852146441,2.472509365087821e-05,1.0
36.0,0.33544517814794567,31.0,0.10947556079245525,0.010240601126263424,0.0
36.0,0.33544517814794567,32.0,0.03073360691226105,8.697781693679824e-05,1.0
36.0,0.33544517814794567,33.0,0.01610570195789459,0.008979984843664076,1.0
36.0,0.33544517814794567,34.0,0.032933439051779236,0.7531743537587238,1.0
36.0,0.33544517814794567,35.0,0.03243366549226936,0.0008545579876441924,0.0
36.0,0.33544517814794567,36.0,0.07032267954891253,0.0023717780732427406,0.0
36.0,0.33544517814794567,37.0,0.014725737805554088,0.000661295764437078,1.0
36.0,0.33544517814794567,38.0,0.08793384359064786,0.0036962537564838973,1.0
36.0,0.33544517814794567,39.0,0.2588028390825137,0.023088296833513426,0.0
36.0,0.33544517814794567,40.0,0.07028448354087746,0.0035683515061540622,0.0
36.0,0.33544517814794567,41.0,0.05669416227919768,0.0,0.0
36.0,0.33544517814794567,42.0,0.00686048449983384,0.005461502881081673,1.0
36.0,0.33544517814794567,43.0,0.059297745187201746,0.018553884543872443,0.0
36.0,0.33544517814794567,44.0,0.0351738384377095,0.7106881853988526,1.0
36.0,0.33544517814794567,45.0,0.07566758805001182,0.0,0.0
36.0,0.33544517814794567,46.0,0.11110997897898521,0.0,0.0
36.0,0.33544517814794567,47.0,0.07448363750245114,0.021802821346410792,1.0
36.0,0.33544517814794567,48.0,0.0701329723774676,0.00018347727134076442,1.0
36.0,0.33544517814794567,49.0,0.046408479757616534,0.0038548747074272074,0.0
36.0,0.33544517814794567,50.0,0.028366478577579915,0.08609589055287924,1.0
36.0,0.33544517814794567,51.0,0.03223194748058764,0.08133047541278907,1.0
36.0,0.33544517814794567,52.0,0.032196036358208065,0.0017927651875436,0.0
36.0,0.33544517814794567,53.0,0.008784367740918423,0.017590788356447597,1.0
36.0,0.33544517814794567,54.0,0.03680741462537459,1.1884840247414368,1.0
36.0,0.33544517814794567,55.0,0.06951863867657743,0.0035443154020048094,1.0
36.0,0.33544517814794567,56.0,0.029473587550878973,0.0006624300064067702,1.0
36.0,0.33544517814794567,57.0,0.01696494033078167,0.5730638566887535,1.0
36.0,0.33544517814794567,58.0,0.0734118819815559,2.5954718574788614e-06,0.0
36.0,0.33544517814794567,59.0,0.008261518398311136,0.0,0.0
36.0,0.33544517814794567,60.0,0.0330255679536501,0.0,0.0
36.0,0.33544517814794567,61.0,0.1090519554801258,0.0,0.0
36.0,0.33544517814794567,62.0,0.10969274158764147,0.029736341376232697,0.0
36.0,0.33544517814794567,63.0,0.07424654216712348,0.0,0.0
36.0,0.33544517814794567,64.0,0.03199846618940977,0.002199237814973344,0.0
36.0,0.33544517814794567,65.0,0.016770744842894442,0.0003127251493651343,0.0
36.0,0.33544517814794567,66.0,0.02898315352271443,0.02202204769393268,1.0
36.0,0.33544517814794567,67.0,0.029981014900603984,0.03741402298616204,1.0
36.0,0.33544517814794567,68.0,0.10999571495316912,0.0,0.0
36.0,0.33544517814794567,69.0,0.06600877085905177,3.043788311204728e-05,0.0
36.0,0.33544517814794567,70.0,0.06874505889152784,0.0031800203336640165,1.0
36.0,0.33544517814794567,71.0,0.031565812400219724,0.0006435518627155434,1.0
36.0,0.33544517814794567,72.0,0.07165505651697865,0.020511231561947254,0.0
36.0,0.33544517814794567,73.0,0.05619101744939459,2.309048792040328e-06,0.0
36.0,0.33544517814794567,74.0,0.04732644186565999,0.0,0.0
36.0,0.33544517814794567,75.0,0.014321699574180478,2.2603843806315744,1.0
36.0,0.33544517814794567,76.0,0.01500850868283235,0.2320339927382054,1.0
36.0,0.33544517814794567,77.0,0.05550054244030386,0.004712363455071666,0.0
36.0,0.33544517814794567,78.0,0.029360213609113017,0.0,0.0
36.0,0.33544517814794567,79.0,0.07033897012509978,0.0,0.0
36.0,0.33544517814794567,80.0,0.10981286208644267,0.0,0.0
36.0,0.33544517814794567,81.0,0.04364807988742382,0.0009479518815095142,0.0
36.0,0.33544517814794567,82.0,0.03269181089575003,0.043653529916119524,1.0
36.0,0.33544517814794567,83.0,0.027737905868353327,0.003337859426673037,1.0
36.0,0.33544517814794567,84.0,0.03112399842223264,0.01582916622106584,1.0
36.0,0.33544517814794567,85.0,0.03252343258454865,0.00044707629108911654,0.0
36.0,0.33544517814794567,86.0,0.04264511367139712,0.0003004436681708326,1.0
36.0,0.33544517814794567,87.0,0.044106990830071115,0.0027318125828993127,0.0
36.0,0.33544517814794567,88.0,0.02986284692260803,0.0017453936185641465,0.0
36.0,0.33544517814794567,89.0,0.036319021566168765,4.001334807522627,1.0
36.0,0.33544517814794567,90.0,0.015496070006781318,0.0037765669768676513,1.0
36.0,0.33544517814794567,91.0,0.2569712678871348,7.950870223573375e-05,0.0
36.0,0.33544517814794567,92.0,0.04226964741913024,1.893440836251961,1.0
36.0,0.33544517814794567,93.0,0.016457441950357688,0.0014132369228040296,0.0
36.0,0.33544517814794567,94.0,0.028558869667159942,0.0007751282560310032,1.0
36.0,0.33544517814794567,95.0,0.11078523191902474,0.01933867171319473,0.0
36.0,0.33544517814794567,96.0,0.03160531409240072,0.023860827091206398,0.0
36.0,0.33544517814794567,97.0,0.031900857353948354,0.00010453390108230728,0.0
36.0,0.33544517814794567,98.0,0.04664740957443256,0.0020350567457052544,0.0
36.0,0.33544517814794567,99.0,0.07346351030068712,0.02030641227576312,0.0
36.0,0.33544517814794567,100.0,0.06986414246462919,0.0002743768645181646,1.0
36.0,0.33544517814794567,101.0,0.00965907081005886,0.027493319698583808,1.0
36.0,0.33544517814794567,102.0,0.05629126357305055,0.0006329585184482423,0.0
36.0,0.33544517814794567,103.0,0.05921185435825841,0.0010980362912088497,0.0
36.0,0.33544517814794567,104.0,0.02808653277983935,0.0014954163508433401,1.0
36.0,0.33544517814794567,105.0,0.01730450254427917,0.0,0.0
36.0,0.33544517814794567,106.0,0.07032801789925887,0.014393636023180223,0.0
36.0,0.33544517814794567,107.0,0.08656121027934244,0.0,0.0
36.0,0.33544517814794567,108.0,0.07130652068574361,0.007752010363025197,0.0
36.0,0.33544517814794567,109.0,0.05843398449678563,0.0,0.0
36.0,0.33544517814794567,110.0,0.04456107739720758,6.544116641534984e-05,0.0
36.0,0.33544517814794567,111.0,0.040857771457998265,1.582360116602869,1.0
36.0,0.33544517814794567,112.0,0.0326790070054555,0.001267560082507863,1.0
36.0,0.33544517814794567,113.0,0.03354306639466892,0.014327170269790577,1.0
36.0,0.33544517814794567,114.0,0.055847026308669175,0.0007446821606924278,1.0
36.0,0.33544517814794567,115.0,0.0575179027418028,7.291140705625991e-05,1.0
36.0,0.33544517814794567,116.0,0.046475998189605475,0.0,0.0
36.0,0.33544517814794567,117.0,0.07250006076556842,0.0,0.0
36.0,0.33544517814794567,118.0,0.07027411145059208,0.02170906645163484,0.0
36.0,0.33544517814794567,119.0,0.032045268910555605,0.0024128135405918068,1.0
36.0,0.33544517814794567,120.0,0.031322295898302294,0.005174341365829689,1.0
36.0,0.33544517814794567,121.0,0.07027597267040053,0.03968172235035331,0.0
36.0,0.33544517814794567,122.0,0.030895235527658705,0.06819537551707056,1.0
36.0,0.33544517814794567,123.0,0.10891901981925572,0.004431998235394017,0.0
36.0,0.33544517814794567,124.0,0.05582287281920584,0.0022199330360227355,1.0
36.0,0.33544517814794567,125.0,0.25892321522565614,1.734019110564967e-06,0.0
36.0,0.33544517814794567,126.0,0.028909877041314404,0.12457341410814474,1.0
36.0,0.33544517814794567,127.0,0.03266596342565901,0.01992381941878466,0.0
36.0,0.33544517814794567,128.0,0.07022219439971654,0.02585860783360158,1.0
36.0,0.33544517814794567,129.0,0.016773605634500015,0.014471275435380852,1.0
36.0,0.33544517814794567,130.0,0.044290667350950774,0.00029945791785429977,1.0
36.0,0.33544517814794567,131.0,0.0065599332449998915,0.006304911819091989,1.0
36.0,0.33544517814794567,132.0,0.05899872802932935,0.0,0.0
36.0,0.33544517814794567,133.0,0.023379282691135494,1.8752449587246665,1.0
36.0,0.33544517814794567,134.0,0.05565358388957755,2.6393635957799263e-05,0.0
36.0,0.33544517814794567,135.0,0.02799814564028286,0.010667829907454535,1.0
36.0,0.33544517814794567,136.0,0.027284458930407887,0.015306684712664463,1.0
36.0,0.33544517814794567,137.0,0.02753551255055331,0.001957709321289445,1.0
36.0,0.33544517814794567,138.0,0.0339925189733602,0.019834751203734863,0.0
36.0,0.33544517814794567,139.0,0.01677407554075592,0.0,0.0
36.0,0.33544517814794567,140.0,0.25764713757054974,0.003159774330505298,0.0
36.0,0.33544517814794567,141.0,0.057740802783438384,0.002618551452734317,0.0
36.0,0.33544517814794567,142.0,0.02958482910098786,0.0009419215667257636,0.0
36.0,0.33544517814794567,143.0,0.032672225190829976,0.01324464772050127,1.0
36.0,0.33544517814794567,144.0,0.043053388901867454,0.0015182806221348095,1.0
36.0,0.33544517814794567,145.0,0.045343394521400085,0.0004974064785398641,0.0
36.0,0.33544517814794567,146.0,0.057391773155276805,0.003401862015562434,0.0
36.0,0.33544517814794567,147.0,0.03140663406181066,0.0004911122780392894,1.0
36.0,0.33544517814794567,148.0,0.019235353055300664,0.8040687286767951,1.0
36.0,0.33544517814794567,149.0,0.029389120092373083,0.09094840031458912,1.0
36.0,0.33544517814794567,150.0,0.029104147868146215,0.0012885654722363418,0.0
36.0,0.33544517814794567,151.0,0.030440007245259287,0.003462104684001386,1.0
36.0,0.33544517814794567,152.0,0.030497903639076517,0.0005584741466991715,0.0
36.0,0.33544517814794567,153.0,0.1102492674660008,0.0,0.0
36.0,0.33544517814794567,154.0,0.03108129680914821,0.000818098722485738,0.0
36.0,0.33544517814794567,155.0,0.029252860853698947,0.0038874435600795144,0.0
36.0,0.33544517814794567,156.0,0.07089550118968461,0.0012059419206176842,1.0
36.0,0.33544517814794567,157.0,0.044464637634317704,0.0,0.0
36.0,0.33544517814794567,158.0,0.055168528678314246,0.0010359722299954708,0.0
36.0,0.33544517814794567,159.0,0.09084355237118884,0.01897494046226043,0.0
36.0,0.33544517814794567,160.0,0.02065456996934202,0.8903896653832958,1.0
36.0,0.33544517814794567,161.0,0.033601167365942874,0.0,0.0
36.0,0.33544517814794567,162.0,0.014927245041292713,0.0018373864691265916,1.0
36.0,0.33544517814794567,163.0,0.03200216758854097,0.0022065955549358408,1.0
36.0,0.33544517814794567,164.0,0.03433681792721651,0.01936604623702827,0.0
36.0,0.33544517814794567,165.0,0.031897202671576114,4.489220187578133e-05,0.0
36.0,0.33544517814794567,166.0,0.030608450745448258,9.235833985299915e-05,1.0
36.0,0.33544517814794567,167.0,0.25686186080693924,3.343482469091812e-05,0.0
36.0,0.33544517814794567,168.0,0.04446384149195286,0.0,0.0
36.0,0.33544517814794567,169.0,0.04532538189330017,2.318947360219608e-05,0.0
36.0,0.33544517814794567,170.0,0.026857779379871518,0.02165293318526675,0.0
36.0,0.33544517814794567,171.0,0.05590065428101509,0.04033257388093528,1.0
36.0,0.33544517814794567,172.0,0.015355657789038482,0.09127072571327124,1.0
36.0,0.33544517814794567,173.0,0.01516848028560152,0.028776651611936006,1.0
36.0,0.33544517814794567,174.0,0.04373674148217061,0.024033145657237687,0.0
36.0,0.33544517814794567,175.0,0.02913937280896297,0.0013413122012178086,1.0
36.0,0.33544517814794567,176.0,0.016637878597030798,0.5123269859438603,1.0
36.0,0.33544517814794567,177.0,0.04532505299258613,0.013639361081581236,0.0
36.0,0.33544517814794567,178.0,0.03397348894252177,0.014708026975175714,1.0
36.0,0.33544517814794567,179.0,0.015163906474774193,0.08743705382421965,0.0
36.0,0.33544517814794567,180.0,0.06725266287346635,10.643372356976561,1.0
36.0,0.33544517814794567,181.0,0.05724627822416556,0.00727225012260855,0.0
36.0,0.33544517814794567,182.0,0.2564960529185846,0.00031073105174699446,0.0
36.0,0.33544517814794567,183.0,0.02876913446558513,0.010729143130047745,0.0
36.0,0.33544517814794567,184.0,0.07535445483796682,4.592990725549682e-06,1.0
36.0,0.33544517814794567,185.0,0.2568412049997311,0.0043694908843544995,0.0
36.0,0.33544517814794567,186.0,0.02849295267283509,0.018920296359459927,0.0
36.0,0.33544517814794567,187.0,0.029426443674325665,1.739554156300208e-06,0.0
36.0,0.33544517814794567,188.0,0.044901516117882616,0.3294077891034896,1.0
36.0,0.33544517814794567,189.0,0.04539492290788589,1.2962614190589952e-05,0.0
36.0,0.33544517814794567,190.0,0.028978359480577025,0.0036012917288671125,1.0
36.0,0.33544517814794567,191.0,0.029915759026902626,0.013628281942450872,1.0
36.0,0.33544517814794567,192.0,0.04477791809590327,0.001197385286663742,1.0
36.0,0.33544517814794567,193.0,0.2586513642914042,0.0011599708690399912,0.0
36.0,0.33544517814794567,194.0,0.032118860192391185,0.12800634039350725,1.0
36.0,0.33544517814794567,195.0,0.018584647264485922,0.01676229504700034,1.0
36.0,0.33544517814794567,196.0,0.25769861323802457,0.0013068757958362874,0.0
36.0,0.33544517814794567,197.0,0.0310243383700267,0.0007775856965834043,1.0
36.0,0.33544517814794567,198.0,0.031661152994596216,0.017527528029089297,1.0
36.0,0.33544517814794567,199.0,0.07145167669255455,0.00016046743571171144,0.0
36.0,0.33544517814794567,200.0,0.007184419712337095,0.005871827788912457,1.0
36.0,0.33544517814794567,201.0,0.03258148537822376,0.0,0.0
36.0,0.33544517814794567,202.0,0.03456957166168546,0.0,0.0
36.0,0.33544517814794567,203.0,0.026855542289715956,0.009939071144461789,1.0
36.0,0.33544517814794567,204.0,0.032506648931076625,9.640974369436246e-06,0.0
36.0,0.33544517814794567,205.0,0.01709441852929367,0.0,0.0
36.0,0.33544517814794567,206.0,0.034919318257491144,0.6062833360388883,1.0
36.0,0.33544517814794567,207.0,0.0445594162805031,0.0,0.0
36.0,0.33544517814794567,208.0,0.04471003854690194,0.009852386805979623,1.0
36.0,0.33544517814794567,209.0,0.031332888849422556,0.07707522561929087,1.0
36.0,0.33544517814794567,210.0,0.0760388756059087,6.786859579881126e-06,1.0
36.0,0.33544517814794567,211.0,0.03833278468725758,0.9625807891419178,1.0
36.0,0.33544517814794567,212.0,0.05108787522173938,2.985114500724394,1.0
36.0,0.33544517814794567,213.0,0.03223028827076556,0.0,0.0
36.0,0.33544517814794567,214.0,0.006943586132594748,0.0007124098419166097,0.0
36.0,0.33544517814794567,215.0,0.06974936509033804,0.00024727056498926464,0.0
36.0,0.33544517814794567,216.0,0.033115352022373215,0.0001669411349482609,1.0
36.0,0.33544517814794567,217.0,0.04689962835178594,2.8432957901832663,1.0
36.0,0.33544517814794567,218.0,0.05736749650601807,0.005153093214036966,0.0
36.0,0.33544517814794567,219.0,0.07325390142759752,0.0,0.0
36.0,0.33544517814794567,220.0,0.056416678912465455,0.002100437454808904,0.0
36.0,0.33544517814794567,221.0,0.05477432466923655,0.008287101261326988,1.0
36.0,0.33544517814794567,222.0,0.03183162743535419,0.0003617306416817283,0.0
36.0,0.33544517814794567,223.0,0.03227945707449608,0.020158631752454456,1.0
36.0,0.33544517814794567,224.0,0.07241118318029499,9.297918659233156e-06,0.0
36.0,0.33544517814794567,225.0,0.05585977750190896,0.0,0.0
36.0,0.33544517814794567,226.0,0.017813451354079687,0.7128911566024793,1.0
36.0,0.33544517814794567,227.0,0.0151009985048506,1.566386059686908e-05,0.0
36.0,0.33544517814794567,228.0,0.006912584077418937,0.03702243586645317,1.0
36.0,0.33544517814794567,229.0,0.10904418928859454,6.713702943923071e-05,0.0
36.0,0.33544517814794567,230.0,0.03299990137955058,0.0007024967730433369,1.0
36.0,0.33544517814794567,231.0,0.05609564830917816,4.228413119028082e-05,0.0
36.0,0.33544517814794567,232.0,0.04652250305778114,0.0,0.0
36.0,0.33544517814794567,233.0,0.03397918121775053,0.001278509684204024,0.0
36.0,0.33544517814794567,234.0,0.04429682293640837,3.1683768141397414e-05,1.0
36.0,0.33544517814794567,235.0,0.015664435684247757,0.006185695758059793,0.0
36.0,0.33544517814794567,236.0,0.015698140944917963,1.7294364887742397e-05,0.0
36.0,0.33544517814794567,237.0,0.028989155916865038,0.10255818905614947,1.0
36.0,0.33544517814794567,238.0,0.04584042911721689,5.96488522631283e-06,1.0
36.0,0.33544517814794567,239.0,0.03392007094209693,0.0,0.0
36.0,0.33544517814794567,240.0,0.25887448146153347,0.0005854626474564923,0.0
36.0,0.33544517814794567,241.0,0.029020182421271253,0.0012453178110042075,0.0
36.0,0.33544517814794567,242.0,0.0686556489873592,0.007364301462154208,1.0
36.0,0.33544517814794567,243.0,0.03219769795009351,7.820891289215935e-05,1.0
36.0,0.33544517814794567,244.0,0.03386072240861298,0.0,0.0
36.0,0.33544517814794567,245.0,0.07262335151285466,0.0,0.0
36.0,0.33544517814794567,246.0,0.030855454383573257,8.623541609861684e-06,0.0
36.0,0.33544517814794567,247.0,0.007121008142194641,0.01981793644255728,0.0
36.0,0.33544517814794567,248.0,0.030786653961422102,0.004427089280571103,1.0
36.0,0.33544517814794567,249.0,0.03142886831819896,0.0019219704836551548,1.0
36.0,0.33544517814794567,250.0,0.034246440762848496,0.0,0.0
36.0,0.33544517814794567,251.0,0.06962828254138687,0.024402337273556476,0.0
36.0,0.33544517814794567,252.0,0.014682156142168118,0.006063471297257448,1.0
36.0,0.33544517814794567,253.0,0.029955502536372733,0.009460623597577985,0.0
36.0,0.33544517814794567,254.0,0.04314379291358302,0.030419123557189436,0.0
36.0,0.33544517814794567,255.0,0.029794664382397928,0.0,0.0
36.0,0.33544517814794567,256.0,0.031476341848134116,1.5641634745012327e-05,1.0
36.0,0.33544517814794567,257.0,0.03156740658764084,0.10679572687411497,1.0
36.0,0.33544517814794567,258.0,0.028516437612843407,1.782393156186579e-05,0.0
36.0,0.33544517814794567,259.0,0.05575275454985794,2.3035685737583114e-06,0.0
36.0,0.33544517814794567,260.0,0.032134584568448595,0.0,0.0
36.0,0.33544517814794567,261.0,0.029442383403767907,1.896063859129783e-05,1.0
36.0,0.33544517814794567,262.0,0.11093505468584358,8.804216946201445e-06,0.0
36.0,0.33544517814794567,263.0,0.25615660143739594,0.00011733735180925509,0.0
36.0,0.33544517814794567,264.0,0.04176866523023866,0.0008935954238945485,0.0
36.0,0.33544517814794567,265.0,0.015187513664181623,0.011821375890026407,1.0
36.0,0.33544517814794567,266.0,0.06989004645006644,0.0006879237627570836,1.0
36.0,0.33544517814794567,267.0,0.030787174048619383,0.0013398027899911933,1.0
36.0,0.33544517814794567,268.0,0.07201186717884354,7.481439398251714e-05,0.0
36.0,0.33544517814794567,269.0,0.07167311089991212,0.0006084661819175868,0.0
36.0,0.33544517814794567,270.0,0.028562769252965352,0.0048653585159902655,1.0
36.0,0.33544517814794567,271.0,0.04463095754920297,0.00025535151739159437,0.0
36.0,0.33544517814794567,272.0,0.06963528194337232,1.3481123021455477e-05,0.0
36.0,0.33544517814794567,273.0,0.009571033794475646,0.10731099218217414,1.0
36.0,0.33544517814794567,274.0,0.03158543755007645,0.02417213987216305,0.0
36.0,0.33544517814794567,275.0,0.25694685867644296,0.027973294335846832,0.0
36.0,0.33544517814794567,276.0,0.031235698638167712,0.00019263505445360062,0.0
36.0,0.33544517814794567,277.0,0.0061806147019441956,6.295652273806846e-05,1.0
36.0,0.33544517814794567,278.0,0.03230574791608522,0.0,0.0
36.0,0.33544517814794567,279.0,0.02722819727956707,0.00014628425587743412,0.0
36.0,0.33544517814794567,280.0,0.07047897641504336,2.1696726517603775e-05,0.0
36.0,0.33544517814794567,281.0,0.02883202513192189,0.0,0.0
36.0,0.33544517814794567,282.0,0.007112231655489428,0.09307865057999352,1.0
36.0,0.33544517814794567,283.0,0.043934285610023174,2.2013730662698263,1.0
36.0,0.33544517814794567,284.0,0.0717486177636265,0.0,0.0
36.0,0.33544517814794567,285.0,0.05629614001028179,0.0,0.0
36.0,0.33544517814794567,286.0,0.04949742109219023,8.928699942246723,1.0
36.0,0.33544517814794567,287.0,0.029533971895384828,0.0006695182504711899,1.0
36.0,0.33544517814794567,288.0,0.018684713866759642,0.002067616763951399,0.0
36.0,0.33544517814794567,289.0,0.05628032195275503,7.846323053359179e-06,0.0
36.0,0.33544517814794567,290.0,0.032152657130375094,0.02531479479421579,1.0
36.0,0.33544517814794567,291.0,0.028102165994261158,0.008639767223764855,1.0
36.0,0.33544517814794567,292.0,0.028171418400079605,0.027840492664990415,1.0
36.0,0.33544517814794567,293.0,0.04427821398883523,0.0074509128115001445,0.0
36.0,0.33544517814794567,294.0,0.03221076404932209,0.07778489907908229,1.0
36.0,0.33544517814794567,295.0,0.007040326688038876,2.7396248610182716e-05,0.0
36.0,0.33544517814794567,296.0,0.07060709637544532,5.05282664114139e-06,0.0
36.0,0.33544517814794567,297.0,0.03185740890285091,0.00052045684119567,1.0
36.0,0.33544517814794567,298.0,0.05687537662702001,1.0778663276895354e-06,0.0
36.0,0.33544517814794567,299.0,0.044923549194216254,0.023308252745769902,1.0
36.0,0.33544517814794567,300.0,0.033293777551135946,0.0,0.0
36.0,0.33544517814794567,301.0,0.05615039639114025,0.0,0.0
36.0,0.33544517814794567,302.0,0.044570081023569574,0.0020381671610708117,1.0
36.0,0.33544517814794567,303.0,0.06911548435097262,0.0063826200875634325,1.0
36.0,0.33544517814794567,304.0,0.016518781256515794,0.019160289575704172,0.0
36.0,0.33544517814794567,305.0,0.048627018725010455,0.0007239605551998257,0.0
36.0,0.33544517814794567,306.0,0.032301741153970706,0.00033492118500174105,0.0
36.0,0.33544517814794567,307.0,0.056612903444647845,0.0,0.0
36.0,0.33544517814794567,308.0,0.05484549053673719,0.011723401085183728,1.0
36.0,0.33544517814794567,309.0,0.028735555159380415,2.726965637962624,1.0
36.0,0.33544517814794567,310.0,0.04470591678579735,6.890697942142059e-05,0.0
36.0,0.33544517814794567,311.0,0.027581858269358106,0.0013992458495197338,1.0
36.0,0.33544517814794567,312.0,0.03170487829205091,0.0,0.0
36.0,0.33544517814794567,313.0,0.057788932048039234,0.0008161289862999414,0.0
36.0,0.33544517814794567,314.0,0.03327117417132074,0.0,0.0
36.0,0.33544517814794567,315.0,0.03269088813748541,0.018452590375905638,1.0
36.0,0.33544517814794567,316.0,0.03143718733285776,0.002459658669149426,1.0
36.0,0.33544517814794567,317.0,0.028171297035289616,1.1622485009033154e-05,1.0
36.0,0.33544517814794567,318.0,0.056749392501171766,0.12071739966426817,1.0
36.0,0.33544517814794567,319.0,0.04690547224168402,2.166102214207275e-05,0.0
36.0,0.33544517814794567,320.0,0.02977990057708184,0.2615208732489338,1.0
36.0,0.33544517814794567,321.0,0.11114881616437972,0.009250170973624463,0.0
36.0,0.33544517814794567,322.0,0.04446565212485052,0.020905735635319642,0.0
36.0,0.33544517814794567,323.0,0.11141224792177462,0.0,0.0
36.0,0.33544517814794567,324.0,0.056346458076703965,0.0,0.0
36.0,0.33544517814794567,325.0,0.05569595227536515,2.9066784903926016e-06,0.0
36.0,0.33544517814794567,326.0,0.028806618337595673,0.00037084386835109425,0.0
36.0,0.33544517814794567,327.0,0.030401435298597318,0.040463431880106614,1.0
36.0,0.33544517814794567,328.0,0.1103052030943675,0.010329865144864475,0.0
36.0,0.33544517814794567,329.0,0.10855094998111459,0.00021227697339398966,1.0
36.0,0.33544517814794567,330.0,0.04449700198288038,0.0003721992658787825,0.0
36.0,0.33544517814794567,331.0,0.048284940476698616,0.0,0.0
36.0,0.33544517814794567,332.0,0.0571621528645369,0.010978729067156225,1.0
36.0,0.33544517814794567,333.0,0.11120459737452892,1.6524980646473452e-05,0.0
36.0,0.33544517814794567,334.0,0.03192384310154152,0.03634911200614403,1.0
36.0,0.33544517814794567,335.0,0.01752593279176719,0.005749269905727129,1.0
36.0,0.33544517814794567,336.0,0.03293864467417202,2.634483211624672e-06,0.0
36.0,0.33544517814794567,337.0,0.03012107856255395,0.0001707092341701685,1.0
36.0,0.33544517814794567,338.0,0.033373712026084204,0.00021512078054243265,0.0
36.0,0.33544517814794567,339.0,0.256927194693499,0.001501847266430799,0.0
36.0,0.33544517814794567,340.0,0.04341634772719805,0.0,0.0
36.0,0.33544517814794567,341.0,0.01646886384046052,0.0,0.0
36.0,0.33544517814794567,342.0,0.028455987418168717,4.318568290152346e-05,0.0
36.0,0.33544517814794567,343.0,0.07288772066982488,0.000815140801358803,0.0
36.0,0.33544517814794567,344.0,0.06984436779908056,0.0002641765062351333,1.0
36.0,0.33544517814794567,345.0,0.0274481445276054,0.009198606010060449,1.0
36.0,0.33544517814794567,346.0,0.0421458613463971,0.00012242930067303217,1.0
36.0,0.33544517814794567,347.0,0.05716316470452071,0.0,0.0
36.0,0.33544517814794567,348.0,0.029629664153778844,0.0,0.0
36.0,0.33544517814794567,349.0,0.03140553360064191,0.0002340706628497884,0.0
36.0,0.33544517814794567,350.0,0.03071965051861691,3.997558618724672e-05,0.0
36.0,0.33544517814794567,351.0,0.035634545039894015,0.5855536189052735,1.0
36.0,0.33544517814794567,352.0,0.11085102965682485,0.0,0.0
36.0,0.33544517814794567,353.0,0.028264798124302656,0.0010579417316035997,0.0
36.0,0.33544517814794567,354.0,0.04393421172570038,0.018723001115970226,0.0
36.0,0.33544517814794567,355.0,0.07193302867609074,0.0,0.0
36.0,0.33544517814794567,356.0,0.033391955597750565,0.0004210134876602554,0.0
36.0,0.33544517814794567,357.0,0.06910695872741378,0.001033826719954189,1.0
36.0,0.33544517814794567,358.0,0.07130204827046002,0.0015151545866171408,0.0
36.0,0.33544517814794567,359.0,0.033016742143361234,0.0005373148813443292,0.0
36.0,0.33544517814794567,360.0,0.25745068396211396,0.0004654705754692835,0.0
36.0,0.33544517814794567,361.0,0.00704761439105598,0.03197875908420519,1.0
36.0,0.33544517814794567,362.0,0.044581140849207515,0.021220761138595265,1.0
36.0,0.33544517814794567,363.0,0.043929596788520354,0.0,0.0
36.0,0.33544517814794567,364.0,0.03183485660434244,0.0019609068718129652,1.0
36.0,0.33544517814794567,365.0,0.03222497343626308,0.02363095250354572,1.0
36.0,0.33544517814794567,366.0,0.07651252144958808,4.199245138914547e-06,0.0
36.0,0.33544517814794567,367.0,0.02762949472371086,7.782272501599671e-07,0.0
36.0,0.33544517814794567,368.0,0.07107421708093137,0.003044941117880584,0.0
36.0,0.33544517814794567,369.0,0.044983623810906335,0.00013346969751813138,0.0
36.0,0.33544517814794567,370.0,0.006223966378010006,0.012928984050051287,1.0
36.0,0.33544517814794567,371.0,0.11071041717726504,5.723462888286259e-05,0.0
36.0,0.33544517814794567,372.0,0.06990437971125493,0.006113551847013221,1.0
36.0,0.33544517814794567,373.0,0.06890648077918111,0.026793721794137863,1.0
36.0,0.33544517814794567,374.0,0.03313482256299577,0.0,0.0
36.0,0.33544517814794567,375.0,0.02642282621629899,0.004451838131028153,1.0
36.0,0.33544517814794567,376.0,0.07889041160990516,0.9021612229736895,1.0
36.0,0.33544517814794567,377.0,0.2564622041745261,0.035884884023626856,0.0
36.0,0.33544517814794567,378.0,0.030607569639350008,0.0,0.0
36.0,0.33544517814794567,379.0,0.0464411729029425,0.0,0.0
36.0,0.33544517814794567,380.0,0.007729783064185179,0.03205618022358642,1.0
36.0,0.33544517814794567,381.0,0.017744024611348882,0.6924778279212221,1.0
36.0,0.33544517814794567,382.0,0.05769793390156801,0.0,0.0
36.0,0.33544517814794567,383.0,0.02820643552497753,0.022125671847009264,1.0
36.0,0.33544517814794567,384.0,0.029632424417713542,0.0007218946747748954,1.0
36.0,0.33544517814794567,385.0,0.033586067345854696,0.006117148893007937,0.0
36.0,0.33544517814794567,386.0,0.06916557914790146,0.06585324420980042,1.0
36.0,0.33544517814794567,387.0,0.07187405349582096,4.010392759890921e-06,0.0
36.0,0.33544517814794567,388.0,0.057480936604224535,0.0003289397592701037,1.0
36.0,0.33544517814794567,389.0,0.1109314444150285,0.028228184301615115,0.0
36.0,0.33544517814794567,390.0,0.027402845510458275,0.0008951644090298256,1.0
36.0,0.33544517814794567,391.0,0.05672663692081837,0.0,0.0
36.0,0.33544517814794567,392.0,0.057695030474549366,0.006155379299511742,0.0
36.0,0.33544517814794567,393.0,0.2598921220871322,0.0,0.0
36.0,0.33544517814794567,394.0,0.05010954454433678,3.105767324161524,1.0
36.0,0.33544517814794567,395.0,0.028903092863903662,6.904213256665439e-07,0.0
36.0,0.33544517814794567,396.0,0.11024186983369248,0.00044686181211756737,0.0
36.0,0.33544517814794567,397.0,0.10834609161177051,0.0111884470940353,1.0
36.0,0.33544517814794567,398.0,0.014201798757378363,0.02226946033737868,1.0
36.0,0.33544517814794567,399.0,0.009041108816042654,0.0021099452622583953,1.0
36.0,0.40253421377753484,0.0,0.0376566331625048,0.002860107387095128,1.0
36.0,0.40253421377753484,1.0,0.25714519144222403,0.007297179017091734,0.0
36.0,0.40253421377753484,2.0,0.026908603337871324,0.0024625410277325753,1.0
36.0,0.40253421377753484,3.0,0.03161736896802207,0.001037900427271181,1.0
36.0,0.40253421377753484,4.0,0.04452727176201134,0.000770286404187072,0.0
36.0,0.40253421377753484,5.0,0.2572189205849757,0.0004555073046468484,0.0
36.0,0.40253421377753484,6.0,0.2600271832809867,0.0,0.0
36.0,0.40253421377753484,7.0,0.0709011406414861,0.0,0.0
36.0,0.40253421377753484,8.0,0.06844701272765161,0.0005634181373755949,1.0
36.0,0.40253421377753484,9.0,0.037858300792710936,0.00019418156356702606,1.0
36.0,0.40253421377753484,10.0,0.030285742254492903,0.0197298982969619,1.0
36.0,0.40253421377753484,11.0,0.042031349497808845,0.025683055277839664,1.0
36.0,0.40253421377753484,12.0,0.059303135472274164,0.0,0.0
36.0,0.40253421377753484,13.0,0.0409395783227544,0.0,0.0
36.0,0.40253421377753484,14.0,0.06830309960522156,0.001020007008344054,1.0
36.0,0.40253421377753484,15.0,0.26095549169510796,0.0,0.0
36.0,0.40253421377753484,16.0,0.2615227475144372,3.2183482934301255e-08,0.0
36.0,0.40253421377753484,17.0,0.06977538379546787,0.0007253469109417583,1.0
36.0,0.40253421377753484,18.0,0.2622739659418021,3.525231526126136e-05,0.0
36.0,0.40253421377753484,19.0,0.037801849563698926,0.00016594659365506127,0.0
36.0,0.40253421377753484,20.0,0.2572520746548693,0.0021785091857103056,0.0
36.0,0.40253421377753484,21.0,0.26175129673151437,3.2222361789310946e-06,0.0
36.0,0.40253421377753484,22.0,0.016241154689909713,0.0,0.0
36.0,0.40253421377753484,23.0,0.26143954845680073,5.5316340038096256e-05,0.0
36.0,0.40253421377753484,24.0,0.04399712064494367,0.00027986790631028165,0.0
36.0,0.40253421377753484,25.0,0.043628118729263046,0.018343254957996363,0.0
36.0,0.40253421377753484,26.0,0.04463390078794443,0.00014069217523975618,0.0
36.0,0.40253421377753484,27.0,0.03958400509232136,0.02351778800215099,1.0
36.0,0.40253421377753484,28.0,0.04134754272942449,0.13534553787936401,1.0
36.0,0.40253421377753484,29.0,0.25705647635884105,0.0031304929365089146,0.0
36.0,0.40253421377753484,30.0,0.03239272852146441,2.472509365087821e-05,1.0
36.0,0.40253421377753484,31.0,0.14339848088041032,0.010240192033110494,0.0
36.0,0.40253421377753484,32.0,0.2599572156164753,2.0126683191712526e-05,0.0
36.0,0.40253421377753484,33.0,0.256915569075191,5.644435077654109e-05,0.0
36.0,0.40253421377753484,34.0,0.032933439051779236,0.7531743537587238,1.0
36.0,0.40253421377753484,35.0,0.25904136018031587,0.000748391330391008,0.0
36.0,0.40253421377753484,36.0,0.07032267954891253,0.0023717780732427406,0.0
36.0,0.40253421377753484,37.0,0.014725737805554088,0.000661295764437078,1.0
36.0,0.40253421377753484,38.0,0.08793384359064786,0.0036962537564838973,1.0
36.0,0.40253421377753484,39.0,0.2588028390825137,0.023088296833513426,0.0
36.0,0.40253421377753484,40.0,0.07028448354087746,0.0035683515061540622,0.0
36.0,0.40253421377753484,41.0,0.05669416227919768,0.0,0.0
36.0,0.40253421377753484,42.0,0.030897625020125667,0.002640764680357571,0.0
36.0,0.40253421377753484,43.0,0.059297745187201746,0.018553884543872443,0.0
36.0,0.40253421377753484,44.0,0.0351738384377095,0.7106881853988526,1.0
36.0,0.40253421377753484,45.0,0.07566758805001182,0.0,0.0
36.0,0.40253421377753484,46.0,0.1448056805715517,0.0,0.0
36.0,0.40253421377753484,47.0,0.07448363750245114,0.021802821346410792,1.0
36.0,0.40253421377753484,48.0,0.0701329723774676,0.00018347727134076442,1.0
36.0,0.40253421377753484,49.0,0.046408479757616534,0.0038548747074272074,0.0
36.0,0.40253421377753484,50.0,0.028366478577579915,0.08609589055287924,1.0
36.0,0.40253421377753484,51.0,0.03987147474715368,0.05590254459234521,1.0
36.0,0.40253421377753484,52.0,0.2583531174095708,0.0017598957406561606,0.0
36.0,0.40253421377753484,53.0,0.033195182715032766,0.011673641615395799,1.0
36.0,0.40253421377753484,54.0,0.03680741462537459,1.1884840247414368,1.0
36.0,0.40253421377753484,55.0,0.06951863867657743,0.0035443154020048094,1.0
36.0,0.40253421377753484,56.0,0.029473587550878973,0.0006624300064067702,1.0
36.0,0.40253421377753484,57.0,0.01696494033078167,0.5730638566887535,1.0
36.0,0.40253421377753484,58.0,0.0734118819815559,2.5954718574788614e-06,0.0
36.0,0.40253421377753484,59.0,0.0341973275097641,0.0,0.0
36.0,0.40253421377753484,60.0,0.2604471247309553,0.0,0.0
36.0,0.40253421377753484,61.0,0.14284227824220513,0.0,0.0
36.0,0.40253421377753484,62.0,0.14340834607692293,0.024002165936571247,0.0
36.0,0.40253421377753484,63.0,0.07424654216712348,0.0,0.0
36.0,0.40253421377753484,64.0,0.03199846618940977,0.002199237814973344,0.0
36.0,0.40253421377753484,65.0,0.016770744842894442,0.0003127251493651343,0.0
36.0,0.40253421377753484,66.0,0.02898315352271443,0.02202204769393268,1.0
36.0,0.40253421377753484,67.0,0.25783196313026957,0.0006375730458534142,0.0
36.0,0.40253421377753484,68.0,0.1439426169394151,0.0,0.0
36.0,0.40253421377753484,69.0,0.06600877085905177,3.043788311204728e-05,0.0
36.0,0.40253421377753484,70.0,0.06874505889152784,0.0031800203336640165,1.0
36.0,0.40253421377753484,71.0,0.039236861552212426,0.0006135021254085942,1.0
36.0,0.40253421377753484,72.0,0.07165505651697865,0.020511231561947254,0.0
36.0,0.40253421377753484,73.0,0.05619101744939459,2.309048792040328e-06,0.0
36.0,0.40253421377753484,74.0,0.04732644186565999,0.0,0.0
36.0,0.40253421377753484,75.0,0.036089129057667355,0.7353462830563654,1.0
36.0,0.40253421377753484,76.0,0.01500850868283235,0.2320339927382054,1.0
36.0,0.40253421377753484,77.0,0.05550054244030386,0.004712363455071666,0.0
36.0,0.40253421377753484,78.0,0.2592714557373667,0.0,0.0
36.0,0.40253421377753484,79.0,0.07033897012509978,0.0,0.0
36.0,0.40253421377753484,80.0,0.14379237588437166,0.0,0.0
36.0,0.40253421377753484,81.0,0.04364807988742382,0.0009479518815095142,0.0
36.0,0.40253421377753484,82.0,0.2573768219580108,0.0003448019964203617,0.0
36.0,0.40253421377753484,83.0,0.027737905868353327,0.003337859426673037,1.0
36.0,0.40253421377753484,84.0,0.26020969333454835,0.007220422324436565,0.0
36.0,0.40253421377753484,85.0,0.040245786593932804,0.000446327140947528,0.0
36.0,0.40253421377753484,86.0,0.04264511367139712,0.0003004436681708326,1.0
36.0,0.40253421377753484,87.0,0.044106990830071115,0.0027318125828993127,0.0
36.0,0.40253421377753484,88.0,0.02986284692260803,0.0017453936185641465,0.0
36.0,0.40253421377753484,89.0,0.036319021566168765,4.001334807522627,1.0
36.0,0.40253421377753484,90.0,0.2595262601291122,0.0037272634521783444,0.0
36.0,0.40253421377753484,91.0,0.2569712678871348,7.950870223573375e-05,0.0
36.0,0.40253421377753484,92.0,0.04910969535212039,1.5678554408256742,1.0
36.0,0.40253421377753484,93.0,0.016457441950357688,0.0014132369228040296,0.0
36.0,0.40253421377753484,94.0,0.028558869667159942,0.0007751282560310032,1.0
36.0,0.40253421377753484,95.0,0.14456642858240187,0.019330614342585296,0.0
36.0,0.40253421377753484,96.0,0.03956329484556717,0.023860715321973577,0.0
36.0,0.40253421377753484,97.0,0.039469220512237196,8.543404602437285e-05,0.0
36.0,0.40253421377753484,98.0,0.04664740957443256,0.0020350567457052544,0.0
36.0,0.40253421377753484,99.0,0.07346351030068712,0.02030641227576312,0.0
36.0,0.40253421377753484,100.0,0.06986414246462919,0.0002743768645181646,1.0
36.0,0.40253421377753484,101.0,0.03155224122482035,0.01702668777754866,1.0
36.0,0.40253421377753484,102.0,0.05629126357305055,0.0006329585184482423,0.0
36.0,0.40253421377753484,103.0,0.05921185435825841,0.0010980362912088497,0.0
36.0,0.40253421377753484,104.0,0.02808653277983935,0.0014954163508433401,1.0
36.0,0.40253421377753484,105.0,0.25864592189307617,0.0,0.0
36.0,0.40253421377753484,106.0,0.07032801789925887,0.014393636023180223,0.0
36.0,0.40253421377753484,107.0,0.08656121027934244,0.0,0.0
36.0,0.40253421377753484,108.0,0.07130652068574361,0.007752010363025197,0.0
36.0,0.40253421377753484,109.0,0.05843398449678563,0.0,0.0
36.0,0.40253421377753484,110.0,0.04456107739720758,6.544116641534984e-05,0.0
36.0,0.40253421377753484,111.0,0.2579435568989176,0.023982880082369172,0.0
36.0,0.40253421377753484,112.0,0.04033828862105562,0.001233601658561401,1.0
36.0,0.40253421377753484,113.0,0.04129347896600674,0.01070522607869641,0.0
36.0,0.40253421377753484,114.0,0.055847026308669175,0.0007446821606924278,1.0
36.0,0.40253421377753484,115.0,0.0575179027418028,7.291140705625991e-05,1.0
36.0,0.40253421377753484,116.0,0.046475998189605475,0.0,0.0
36.0,0.40253421377753484,117.0,0.07250006076556842,0.0,0.0
36.0,0.40253421377753484,118.0,0.07027411145059208,0.02170906645163484,0.0
36.0,0.40253421377753484,119.0,0.032045268910555605,0.0024128135405918068,1.0
36.0,0.40253421377753484,120.0,0.03895065270442781,0.004403341693763312,1.0
36.0,0.40253421377753484,121.0,0.07027597267040053,0.03968172235035331,0.0
36.0,0.40253421377753484,122.0,0.030895235527658705,0.06819537551707056,1.0
36.0,0.40253421377753484,123.0,0.1427611485938118,0.004358729087426202,0.0
36.0,0.40253421377753484,124.0,0.05582287281920584,0.0022199330360227355,1.0
36.0,0.40253421377753484,125.0,0.25892321522565614,1.734019110564967e-06,0.0
36.0,0.40253421377753484,126.0,0.2575409918425567,0.0131096426626411,0.0
36.0,0.40253421377753484,127.0,0.04070057050238481,0.019887209537189896,0.0
36.0,0.40253421377753484,128.0,0.07022219439971654,0.02585860783360158,1.0
36.0,0.40253421377753484,129.0,0.2573520106005778,0.0003124340361004546,0.0
36.0,0.40253421377753484,130.0,0.044290667350950774,0.00029945791785429977,1.0
36.0,0.40253421377753484,131.0,0.030526074821125914,0.003996440449410984,1.0
36.0,0.40253421377753484,132.0,0.05899872802932935,0.0,0.0
36.0,0.40253421377753484,133.0,0.023379282691135494,1.8752449587246665,1.0
36.0,0.40253421377753484,134.0,0.05565358388957755,2.6393635957799263e-05,0.0
36.0,0.40253421377753484,135.0,0.02799814564028286,0.010667829907454535,1.0
36.0,0.40253421377753484,136.0,0.027284458930407887,0.015306684712664463,1.0
36.0,0.40253421377753484,137.0,0.2577320922740457,0.0014855124376911214,0.0
36.0,0.40253421377753484,138.0,0.26150008333509034,0.019639543335222262,0.0
36.0,0.40253421377753484,139.0,0.25903794474792174,0.0,0.0
36.0,0.40253421377753484,140.0,0.25764713757054974,0.003159774330505298,0.0
36.0,0.40253421377753484,141.0,0.057740802783438384,0.002618551452734317,0.0
36.0,0.40253421377753484,142.0,0.02958482910098786,0.0009419215667257636,0.0
36.0,0.40253421377753484,143.0,0.25725737835078444,0.00013195811894955756,0.0
36.0,0.40253421377753484,144.0,0.043053388901867454,0.0015182806221348095,1.0
36.0,0.40253421377753484,145.0,0.045343394521400085,0.0004974064785398641,0.0
36.0,0.40253421377753484,146.0,0.057391773155276805,0.003401862015562434,0.0
36.0,0.40253421377753484,147.0,0.2588305129940475,0.00037382844512736236,0.0
36.0,0.40253421377753484,148.0,0.019235353055300664,0.8040687286767951,1.0
36.0,0.40253421377753484,149.0,0.029389120092373083,0.09094840031458912,1.0
36.0,0.40253421377753484,150.0,0.029104147868146215,0.0012885654722363418,0.0
36.0,0.40253421377753484,151.0,0.2570250590006069,0.0001556856357322408,0.0
36.0,0.40253421377753484,152.0,0.030497903639076517,0.0005584741466991715,0.0
36.0,0.40253421377753484,153.0,0.14398266878832827,0.0,0.0
36.0,0.40253421377753484,154.0,0.038905437936938216,0.0008167254532986781,0.0
36.0,0.40253421377753484,155.0,0.029252860853698947,0.0038874435600795144,0.0
36.0,0.40253421377753484,156.0,0.07089550118968461,0.0012059419206176842,1.0
36.0,0.40253421377753484,157.0,0.044464637634317704,0.0,0.0
36.0,0.40253421377753484,158.0,0.055168528678314246,0.0010359722299954708,0.0
36.0,0.40253421377753484,159.0,0.09084355237118884,0.01897494046226043,0.0
36.0,0.40253421377753484,160.0,0.02065456996934202,0.8903896653832958,1.0
36.0,0.40253421377753484,161.0,0.26145263378607253,0.0,0.0
36.0,0.40253421377753484,162.0,0.014927245041292713,0.0018373864691265916,1.0
36.0,0.40253421377753484,163.0,0.25934883621061827,0.00013079116246885464,0.0
36.0,0.40253421377753484,164.0,0.042112321185420375,0.019215390712771372,0.0
36.0,0.40253421377753484,165.0,0.26016547420732544,4.441250479445324e-05,0.0
36.0,0.40253421377753484,166.0,0.03837842657120498,6.65557912567965e-05,1.0
36.0,0.40253421377753484,167.0,0.25686186080693924,3.343482469091812e-05,0.0
36.0,0.40253421377753484,168.0,0.04446384149195286,0.0,0.0
36.0,0.40253421377753484,169.0,0.04532538189330017,2.318947360219608e-05,0.0
36.0,0.40253421377753484,170.0,0.026857779379871518,0.02165293318526675,0.0
36.0,0.40253421377753484,171.0,0.05590065428101509,0.04033257388093528,1.0
36.0,0.40253421377753484,172.0,0.015355657789038482,0.09127072571327124,1.0
36.0,0.40253421377753484,173.0,0.259765540559591,0.0002529727355964955,0.0
36.0,0.40253421377753484,174.0,0.04373674148217061,0.024033145657237687,0.0
36.0,0.40253421377753484,175.0,0.25858663648940183,1.5454913161581224e-05,0.0
36.0,0.40253421377753484,176.0,0.25819382912859373,0.0021989421860923856,0.0
36.0,0.40253421377753484,177.0,0.04532505299258613,0.013639361081581236,0.0
36.0,0.40253421377753484,178.0,0.04235066070434505,0.011947356415891255,1.0
36.0,0.40253421377753484,179.0,0.015163906474774193,0.08743705382421965,0.0
36.0,0.40253421377753484,180.0,0.08473274986950237,6.813653553362403,1.0
36.0,0.40253421377753484,181.0,0.05724627822416556,0.00727225012260855,0.0
36.0,0.40253421377753484,182.0,0.2564960529185846,0.00031073105174699446,0.0
36.0,0.40253421377753484,183.0,0.02876913446558513,0.010729143130047745,0.0
36.0,0.40253421377753484,184.0,0.07535445483796682,4.592990725549682e-06,1.0
36.0,0.40253421377753484,185.0,0.2568412049997311,0.0043694908843544995,0.0
36.0,0.40253421377753484,186.0,0.2591565496399924,0.01891129778782478,0.0
36.0,0.40253421377753484,187.0,0.029426443674325665,1.739554156300208e-06,0.0
36.0,0.40253421377753484,188.0,0.044901516117882616,0.3294077891034896,1.0
36.0,0.40253421377753484,189.0,0.04539492290788589,1.2962614190589952e-05,0.0
36.0,0.40253421377753484,190.0,0.25851929308140315,0.0010011669136641688,0.0
36.0,0.40253421377753484,191.0,0.25654137467147864,0.011646934082588259,0.0
36.0,0.40253421377753484,192.0,0.04477791809590327,0.001197385286663742,1.0
36.0,0.40253421377753484,193.0,0.2586513642914042,0.0011599708690399912,0.0
36.0,0.40253421377753484,194.0,0.039660414577331216,0.0932255677651134,1.0
36.0,0.40253421377753484,195.0,0.25838363482325544,7.570927523573958e-05,0.0
36.0,0.40253421377753484,196.0,0.25769861323802457,0.0013068757958362874,0.0
36.0,0.40253421377753484,197.0,0.2571400750778931,2.9068208482890606e-05,0.0
36.0,0.40253421377753484,198.0,0.2574906801227547,0.0004542017094861508,0.0
36.0,0.40253421377753484,199.0,0.07145167669255455,0.00016046743571171144,0.0
36.0,0.40253421377753484,200.0,0.03160673378272379,0.005325650335945269,1.0
36.0,0.40253421377753484,201.0,0.040304606249761094,0.0,0.0
36.0,0.40253421377753484,202.0,0.26188910127042736,0.0,0.0
36.0,0.40253421377753484,203.0,0.026855542289715956,0.009939071144461789,1.0
36.0,0.40253421377753484,204.0,0.040291710887450975,7.710093134907041e-06,0.0
36.0,0.40253421377753484,205.0,0.2628340596685633,0.0,0.0
36.0,0.40253421377753484,206.0,0.04095794996132243,0.31507252557114945,1.0
36.0,0.40253421377753484,207.0,0.0445594162805031,0.0,0.0
36.0,0.40253421377753484,208.0,0.04471003854690194,0.009852386805979623,1.0
36.0,0.40253421377753484,209.0,0.0389833953093633,0.05909596358606312,1.0
36.0,0.40253421377753484,210.0,0.0760388756059087,6.786859579881126e-06,1.0
36.0,0.40253421377753484,211.0,0.043316151093028755,0.45898612793440136,1.0
36.0,0.40253421377753484,212.0,0.05733670595903654,2.516489807680753,1.0
36.0,0.40253421377753484,213.0,0.0400702441674379,0.0,0.0
36.0,0.40253421377753484,214.0,0.030952155039526495,0.0007089719104658969,0.0
36.0,0.40253421377753484,215.0,0.06974936509033804,0.00024727056498926464,0.0
36.0,0.40253421377753484,216.0,0.0409204373443679,0.00015706789641559116,1.0
36.0,0.40253421377753484,217.0,0.04689962835178594,2.8432957901832663,1.0
36.0,0.40253421377753484,218.0,0.05736749650601807,0.005153093214036966,0.0
36.0,0.40253421377753484,219.0,0.07325390142759752,0.0,0.0
36.0,0.40253421377753484,220.0,0.056416678912465455,0.002100437454808904,0.0
36.0,0.40253421377753484,221.0,0.05477432466923655,0.008287101261326988,1.0
36.0,0.40253421377753484,222.0,0.03183162743535419,0.0003617306416817283,0.0
36.0,0.40253421377753484,223.0,0.03983775277942141,0.01599152238672171,1.0
36.0,0.40253421377753484,224.0,0.07241118318029499,9.297918659233156e-06,0.0
36.0,0.40253421377753484,225.0,0.05585977750190896,0.0,0.0
36.0,0.40253421377753484,226.0,0.25780596511303266,0.014172122115376927,0.0
36.0,0.40253421377753484,227.0,0.0151009985048506,1.566386059686908e-05,0.0
36.0,0.40253421377753484,228.0,0.030530893547627773,0.011127793157125584,1.0
36.0,0.40253421377753484,229.0,0.14279874075833363,6.497276037421497e-05,0.0
36.0,0.40253421377753484,230.0,0.2596671853734276,3.4796790063724715e-06,0.0
36.0,0.40253421377753484,231.0,0.05609564830917816,4.228413119028082e-05,0.0
36.0,0.40253421377753484,232.0,0.04652250305778114,0.0,0.0
36.0,0.40253421377753484,233.0,0.041855617520682946,0.0012653025157022817,0.0
36.0,0.40253421377753484,234.0,0.04429682293640837,3.1683768141397414e-05,1.0
36.0,0.40253421377753484,235.0,0.2609435573088391,0.004690353158949963,0.0
36.0,0.40253421377753484,236.0,0.2606095538575959,1.0254736480043731e-05,0.0
36.0,0.40253421377753484,237.0,0.028989155916865038,0.10255818905614947,1.0
36.0,0.40253421377753484,238.0,0.04584042911721689,5.96488522631283e-06,1.0
36.0,0.40253421377753484,239.0,0.04177660722123299,0.0,0.0
36.0,0.40253421377753484,240.0,0.25887448146153347,0.0005854626474564923,0.0
36.0,0.40253421377753484,241.0,0.2600554559770282,0.0011701360536629942,0.0
36.0,0.40253421377753484,242.0,0.0686556489873592,0.007364301462154208,1.0
36.0,0.40253421377753484,243.0,0.2594601292413478,6.448854498026718e-05,0.0
36.0,0.40253421377753484,244.0,0.2612991750919408,0.0,0.0
36.0,0.40253421377753484,245.0,0.07262335151285466,0.0,0.0
36.0,0.40253421377753484,246.0,0.03914434485607372,8.585969194880549e-06,0.0
36.0,0.40253421377753484,247.0,0.03230083144257205,0.019726473337288355,0.0
36.0,0.40253421377753484,248.0,0.038514894346709544,0.004278855002079599,1.0
36.0,0.40253421377753484,249.0,0.25900172365710417,0.00044778094999720227,0.0
36.0,0.40253421377753484,250.0,0.04205127102042903,0.0,0.0
36.0,0.40253421377753484,251.0,0.06962828254138687,0.024402337273556476,0.0
36.0,0.40253421377753484,252.0,0.014682156142168118,0.006063471297257448,1.0
36.0,0.40253421377753484,253.0,0.029955502536372733,0.009460623597577985,0.0
36.0,0.40253421377753484,254.0,0.04314379291358302,0.030419123557189436,0.0
36.0,0.40253421377753484,255.0,0.029794664382397928,0.0,0.0
36.0,0.40253421377753484,256.0,0.04032185515595334,1.3855633091603468e-05,1.0
36.0,0.40253421377753484,257.0,0.25755337050819127,0.000487400982058005,0.0
36.0,0.40253421377753484,258.0,0.028516437612843407,1.782393156186579e-05,0.0
36.0,0.40253421377753484,259.0,0.05575275454985794,2.3035685737583114e-06,0.0
36.0,0.40253421377753484,260.0,0.26020315169144953,0.0,0.0
36.0,0.40253421377753484,261.0,0.029442383403767907,1.896063859129783e-05,1.0
36.0,0.40253421377753484,262.0,0.14468893142614767,8.80312165201882e-06,0.0
36.0,0.40253421377753484,263.0,0.25615660143739594,0.00011733735180925509,0.0
36.0,0.40253421377753484,264.0,0.04176866523023866,0.0008935954238945485,0.0
36.0,0.40253421377753484,265.0,0.25872322735474246,0.004470175728344155,0.0
36.0,0.40253421377753484,266.0,0.06989004645006644,0.0006879237627570836,1.0
36.0,0.40253421377753484,267.0,0.25816869231394785,7.85068466126856e-06,0.0
36.0,0.40253421377753484,268.0,0.07201186717884354,7.481439398251714e-05,0.0
36.0,0.40253421377753484,269.0,0.07167311089991212,0.0006084661819175868,0.0
36.0,0.40253421377753484,270.0,0.028562769252965352,0.0048653585159902655,1.0
36.0,0.40253421377753484,271.0,0.04463095754920297,0.00025535151739159437,0.0
36.0,0.40253421377753484,272.0,0.06963528194337232,1.3481123021455477e-05,0.0
36.0,0.40253421377753484,273.0,0.03219358671731504,0.07768483848371356,1.0
36.0,0.40253421377753484,274.0,0.039712076754857766,0.024096805505914306,0.0
36.0,0.40253421377753484,275.0,0.25694685867644296,0.027973294335846832,0.0
36.0,0.40253421377753484,276.0,0.25859850495866904,0.00018882565644644546,0.0
36.0,0.40253421377753484,277.0,0.029771901141182288,4.375542534308394e-05,1.0
36.0,0.40253421377753484,278.0,0.04023624305774668,0.0,0.0
36.0,0.40253421377753484,279.0,0.02722819727956707,0.00014628425587743412,0.0
36.0,0.40253421377753484,280.0,0.07047897641504336,2.1696726517603775e-05,0.0
36.0,0.40253421377753484,281.0,0.25989770184806715,0.0,0.0
36.0,0.40253421377753484,282.0,0.03166115355956732,0.03959755563770017,1.0
36.0,0.40253421377753484,283.0,0.043934285610023174,2.2013730662698263,1.0
36.0,0.40253421377753484,284.0,0.0717486177636265,0.0,0.0
36.0,0.40253421377753484,285.0,0.05629614001028179,0.0,0.0
36.0,0.40253421377753484,286.0,0.07972959756643425,6.475784574820465,1.0
36.0,0.40253421377753484,287.0,0.2588822453390039,0.00014468768032238226,0.0
36.0,0.40253421377753484,288.0,0.018684713866759642,0.002067616763951399,0.0
36.0,0.40253421377753484,289.0,0.05628032195275503,7.846323053359179e-06,0.0
36.0,0.40253421377753484,290.0,0.039711351783646015,0.021868099001848235,1.0
36.0,0.40253421377753484,291.0,0.028102165994261158,0.008639767223764855,1.0
36.0,0.40253421377753484,292.0,0.028171418400079605,0.027840492664990415,1.0
36.0,0.40253421377753484,293.0,0.04427821398883523,0.0074509128115001445,0.0
36.0,0.40253421377753484,294.0,0.0397281550955413,0.06333151311254688,1.0
36.0,0.40253421377753484,295.0,0.0319013644764872,2.710045780851153e-05,0.0
36.0,0.40253421377753484,296.0,0.07060709637544532,5.05282664114139e-06,0.0
36.0,0.40253421377753484,297.0,0.2593621169327437,3.241323076427469e-06,0.0
36.0,0.40253421377753484,298.0,0.05687537662702001,1.0778663276895354e-06,0.0
36.0,0.40253421377753484,299.0,0.044923549194216254,0.023308252745769902,1.0
36.0,0.40253421377753484,300.0,0.041504563334852744,0.0,0.0
36.0,0.40253421377753484,301.0,0.05615039639114025,0.0,0.0
36.0,0.40253421377753484,302.0,0.044570081023569574,0.0020381671610708117,1.0
36.0,0.40253421377753484,303.0,0.06911548435097262,0.0063826200875634325,1.0
36.0,0.40253421377753484,304.0,0.26089340238377934,0.01901364833323,0.0
36.0,0.40253421377753484,305.0,0.048627018725010455,0.0007239605551998257,0.0
36.0,0.40253421377753484,306.0,0.2632583089688671,0.0003317957042779476,0.0
36.0,0.40253421377753484,307.0,0.056612903444647845,0.0,0.0
36.0,0.40253421377753484,308.0,0.05484549053673719,0.011723401085183728,1.0
36.0,0.40253421377753484,309.0,0.2597974503960722,0.021439151615876763,0.0
36.0,0.40253421377753484,310.0,0.04470591678579735,6.890697942142059e-05,0.0
36.0,0.40253421377753484,311.0,0.027581858269358106,0.0013992458495197338,1.0
36.0,0.40253421377753484,312.0,0.04029217384526099,0.0,0.0
36.0,0.40253421377753484,313.0,0.057788932048039234,0.0008161289862999414,0.0
36.0,0.40253421377753484,314.0,0.04126383006632708,0.0,0.0
36.0,0.40253421377753484,315.0,0.04036682529239551,0.018446252941470915,1.0
36.0,0.40253421377753484,316.0,0.03894257090096985,0.0013596591429752998,1.0
36.0,0.40253421377753484,317.0,0.028171297035289616,1.1622485009033154e-05,1.0
36.0,0.40253421377753484,318.0,0.056749392501171766,0.12071739966426817,1.0
36.0,0.40253421377753484,319.0,0.04690547224168402,2.166102214207275e-05,0.0
36.0,0.40253421377753484,320.0,0.02977990057708184,0.2615208732489338,1.0
36.0,0.40253421377753484,321.0,0.14457678103286523,0.009145352823591359,0.0
36.0,0.40253421377753484,322.0,0.04446565212485052,0.020905735635319642,0.0
36.0,0.40253421377753484,323.0,0.14495749748901363,0.0,0.0
36.0,0.40253421377753484,324.0,0.056346458076703965,0.0,0.0
36.0,0.40253421377753484,325.0,0.05569595227536515,2.9066784903926016e-06,0.0
36.0,0.40253421377753484,326.0,0.028806618337595673,0.00037084386835109425,0.0
36.0,0.40253421377753484,327.0,0.03807008104149628,0.03500322112818207,1.0
36.0,0.40253421377753484,328.0,0.1444409600004927,0.010327577740866277,0.0
36.0,0.40253421377753484,329.0,0.14255592875431236,0.00010929776303694338,0.0
36.0,0.40253421377753484,330.0,0.04449700198288038,0.0003721992658787825,0.0
36.0,0.40253421377753484,331.0,0.048284940476698616,0.0,0.0
36.0,0.40253421377753484,332.0,0.0571621528645369,0.010978729067156225,1.0
36.0,0.40253421377753484,333.0,0.144916997507671,1.5530218415642447e-05,0.0
36.0,0.40253421377753484,334.0,0.2582191660237935,0.00038413441146919005,0.0
36.0,0.40253421377753484,335.0,0.25497487482830167,0.000305303410806495,0.0
36.0,0.40253421377753484,336.0,0.0405463344731306,2.6343864309039746e-06,0.0
36.0,0.40253421377753484,337.0,0.03012107856255395,0.0001707092341701685,1.0
36.0,0.40253421377753484,338.0,0.04113151665798361,0.00021480398615779462,0.0
36.0,0.40253421377753484,339.0,0.256927194693499,0.001501847266430799,0.0
36.0,0.40253421377753484,340.0,0.04341634772719805,0.0,0.0
36.0,0.40253421377753484,341.0,0.2604165160014973,0.0,0.0
36.0,0.40253421377753484,342.0,0.028455987418168717,4.318568290152346e-05,0.0
36.0,0.40253421377753484,343.0,0.07288772066982488,0.000815140801358803,0.0
36.0,0.40253421377753484,344.0,0.06984436779908056,0.0002641765062351333,1.0
36.0,0.40253421377753484,345.0,0.0274481445276054,0.009198606010060449,1.0
36.0,0.40253421377753484,346.0,0.0421458613463971,0.00012242930067303217,1.0
36.0,0.40253421377753484,347.0,0.05716316470452071,0.0,0.0
36.0,0.40253421377753484,348.0,0.029629664153778844,0.0,0.0
36.0,0.40253421377753484,349.0,0.03932394343591639,0.00021164105966262398,0.0
36.0,0.40253421377753484,350.0,0.03071965051861691,3.997558618724672e-05,0.0
36.0,0.40253421377753484,351.0,0.040978284635931984,0.1750584973409198,1.0
36.0,0.40253421377753484,352.0,0.14473699079005858,0.0,0.0
36.0,0.40253421377753484,353.0,0.028264798124302656,0.0010579417316035997,0.0
36.0,0.40253421377753484,354.0,0.04393421172570038,0.018723001115970226,0.0
36.0,0.40253421377753484,355.0,0.07193302867609074,0.0,0.0
36.0,0.40253421377753484,356.0,0.04124265776412605,0.0004163931882384311,0.0
36.0,0.40253421377753484,357.0,0.06910695872741378,0.001033826719954189,1.0
36.0,0.40253421377753484,358.0,0.07130204827046002,0.0015151545866171408,0.0
36.0,0.40253421377753484,359.0,0.04082247734821865,0.0004889064663626065,0.0
36.0,0.40253421377753484,360.0,0.25745068396211396,0.0004654705754692835,0.0
36.0,0.40253421377753484,361.0,0.03096967171366936,0.016877588176392053,1.0
36.0,0.40253421377753484,362.0,0.044581140849207515,0.021220761138595265,1.0
36.0,0.40253421377753484,363.0,0.043929596788520354,0.0,0.0
36.0,0.40253421377753484,364.0,0.03938583176394507,0.0017203413496499234,1.0
36.0,0.40253421377753484,365.0,0.039834786578488414,0.02350400219628862,1.0
36.0,0.40253421377753484,366.0,0.07651252144958808,4.199245138914547e-06,0.0
36.0,0.40253421377753484,367.0,0.02762949472371086,7.782272501599671e-07,0.0
36.0,0.40253421377753484,368.0,0.07107421708093137,0.003044941117880584,0.0
36.0,0.40253421377753484,369.0,0.044983623810906335,0.00013346969751813138,0.0
36.0,0.40253421377753484,370.0,0.02972868810327582,0.007087389249720478,1.0
36.0,0.40253421377753484,371.0,0.14451846794606785,5.698180308772042e-05,0.0
36.0,0.40253421377753484,372.0,0.06990437971125493,0.006113551847013221,1.0
36.0,0.40253421377753484,373.0,0.06890648077918111,0.026793721794137863,1.0
36.0,0.40253421377753484,374.0,0.260586989713221,0.0,0.0
36.0,0.40253421377753484,375.0,0.02642282621629899,0.004451838131028153,1.0
36.0,0.40253421377753484,376.0,0.07889041160990516,0.9021612229736895,1.0
36.0,0.40253421377753484,377.0,0.2564622041745261,0.035884884023626856,0.0
36.0,0.40253421377753484,378.0,0.030607569639350008,0.0,0.0
36.0,0.40253421377753484,379.0,0.0464411729029425,0.0,0.0
36.0,0.40253421377753484,380.0,0.03169706168397684,0.021206051363461098,1.0
36.0,0.40253421377753484,381.0,0.017744024611348882,0.6924778279212221,1.0
36.0,0.40253421377753484,382.0,0.05769793390156801,0.0,0.0
36.0,0.40253421377753484,383.0,0.02820643552497753,0.022125671847009264,1.0
36.0,0.40253421377753484,384.0,0.2579633336749276,2.4453599104564845e-05,0.0
36.0,0.40253421377753484,385.0,0.04139544597081014,0.005965147561901282,0.0
36.0,0.40253421377753484,386.0,0.06916557914790146,0.06585324420980042,1.0
36.0,0.40253421377753484,387.0,0.07187405349582096,4.010392759890921e-06,0.0
36.0,0.40253421377753484,388.0,0.057480936604224535,0.0003289397592701037,1.0
36.0,0.40253421377753484,389.0,0.1445442271022687,0.02822208705910538,0.0
36.0,0.40253421377753484,390.0,0.035630831604912205,0.0007024235219124222,1.0
36.0,0.40253421377753484,391.0,0.05672663692081837,0.0,0.0
36.0,0.40253421377753484,392.0,0.057695030474549366,0.006155379299511742,0.0
36.0,0.40253421377753484,393.0,0.2598921220871322,0.0,0.0
36.0,0.40253421377753484,394.0,0.05010954454433678,3.105767324161524,1.0
36.0,0.40253421377753484,395.0,0.028903092863903662,6.904213256665439e-07,0.0
36.0,0.40253421377753484,396.0,0.14400849765250248,0.0004467866081030309,0.0
36.0,0.40253421377753484,397.0,0.1424653275524702,0.007120522348024482,0.0
36.0,0.40253421377753484,398.0,0.014201798757378363,0.02226946033737868,1.0
36.0,0.40253421377753484,399.0,0.032759315255984196,0.0015757597775083584,1.0
36.0,0.46962324940712397,0.0,0.2543885614154063,0.0013410682595185962,0.0
36.0,0.46962324940712397,1.0,0.25714519144222403,0.007297179017091734,0.0
36.0,0.46962324940712397,2.0,0.254544096915193,2.9108662953079064e-05,0.0
36.0,0.46962324940712397,3.0,0.2530727427761737,0.0007054575983928335,0.0
36.0,0.46962324940712397,4.0,0.05482320636235703,0.0006477749755519728,0.0
36.0,0.46962324940712397,5.0,0.2572189205849757,0.0004555073046468484,0.0
36.0,0.46962324940712397,6.0,0.2600271832809867,0.0,0.0
36.0,0.46962324940712397,7.0,0.0836954254455397,0.0,0.0
36.0,0.46962324940712397,8.0,0.08072983157791057,0.0003678557044866577,1.0
36.0,0.46962324940712397,9.0,0.25621947521145244,0.00011130488578117267,0.0
36.0,0.46962324940712397,10.0,0.2523094237251599,0.01948538772299895,0.0
36.0,0.46962324940712397,11.0,0.12520305381334493,0.019984787895657014,1.0
36.0,0.46962324940712397,12.0,0.059303135472274164,0.0,0.0
36.0,0.46962324940712397,13.0,0.2582937588191078,0.0,0.0
36.0,0.46962324940712397,14.0,0.08031560513507469,0.000571427424656817,1.0
36.0,0.46962324940712397,15.0,0.26095549169510796,0.0,0.0
36.0,0.46962324940712397,16.0,0.2615227475144372,3.2183482934301255e-08,0.0
36.0,0.46962324940712397,17.0,0.08438988489141144,0.0005550086496277785,1.0
36.0,0.46962324940712397,18.0,0.2622739659418021,3.525231526126136e-05,0.0
36.0,0.46962324940712397,19.0,0.2569733275486122,0.00010748842295837619,0.0
36.0,0.46962324940712397,20.0,0.2572520746548693,0.0021785091857103056,0.0
36.0,0.46962324940712397,21.0,0.26175129673151437,3.2222361789310946e-06,0.0
36.0,0.46962324940712397,22.0,0.25755170661139976,0.0,0.0
36.0,0.46962324940712397,23.0,0.26143954845680073,5.5316340038096256e-05,0.0
36.0,0.46962324940712397,24.0,0.12777220282967486,0.0002734933354215697,0.0
36.0,0.46962324940712397,25.0,0.1267649486847209,0.01177863176930078,0.0
36.0,0.46962324940712397,26.0,0.054888740272152375,0.00014042395373791455,0.0
36.0,0.46962324940712397,27.0,0.25627800304132275,0.02272209179967021,0.0
36.0,0.46962324940712397,28.0,0.25880584584850785,0.01569218196426629,0.0
36.0,0.46962324940712397,29.0,0.25705647635884105,0.0031304929365089146,0.0
36.0,0.46962324940712397,30.0,0.03239272852146441,2.472509365087821e-05,1.0
36.0,0.46962324940712397,31.0,0.14339848088041032,0.010240192033110494,0.0
36.0,0.46962324940712397,32.0,0.2599572156164753,2.0126683191712526e-05,0.0
36.0,0.46962324940712397,33.0,0.256915569075191,5.644435077654109e-05,0.0
36.0,0.46962324940712397,34.0,0.2550664605092866,0.006238932605701093,0.0
36.0,0.46962324940712397,35.0,0.25904136018031587,0.000748391330391008,0.0
36.0,0.46962324940712397,36.0,0.08268854905150325,0.0023717552504901505,0.0
36.0,0.46962324940712397,37.0,0.2539302659684947,0.0006169238125565961,0.0
36.0,0.46962324940712397,38.0,0.2607742922392859,0.0019457181957898667,0.0
36.0,0.46962324940712397,39.0,0.2588028390825137,0.023088296833513426,0.0
36.0,0.46962324940712397,40.0,0.0843300523223307,0.0035651023228555363,0.0
36.0,0.46962324940712397,41.0,0.05669416227919768,0.0,0.0
36.0,0.46962324940712397,42.0,0.2562720202267558,0.0012931576277202452,0.0
36.0,0.46962324940712397,43.0,0.059297745187201746,0.018553884543872443,0.0
36.0,0.46962324940712397,44.0,0.25407129257190914,0.019367315027829835,0.0
36.0,0.46962324940712397,45.0,0.08983357882062748,0.0,0.0
36.0,0.46962324940712397,46.0,0.1448056805715517,0.0,0.0
36.0,0.46962324940712397,47.0,0.08896085445858667,0.021473038203913098,1.0
36.0,0.46962324940712397,48.0,0.08210887633381701,0.00014445474182144143,1.0
36.0,0.46962324940712397,49.0,0.046408479757616534,0.0038548747074272074,0.0
36.0,0.46962324940712397,50.0,0.25478098923724063,0.004949716966621698,0.0
36.0,0.46962324940712397,51.0,0.2573540431907981,0.010422236379294991,0.0
36.0,0.46962324940712397,52.0,0.2583531174095708,0.0017598957406561606,0.0
36.0,0.46962324940712397,53.0,0.255478014788047,6.790659195128914e-05,0.0
36.0,0.46962324940712397,54.0,0.25600976337409415,0.005611505842483132,0.0
36.0,0.46962324940712397,55.0,0.0836842681211138,0.0033078597739591145,1.0
36.0,0.46962324940712397,56.0,0.25424722743505257,0.00015047512265452758,0.0
36.0,0.46962324940712397,57.0,0.25531246308479966,0.021800646507763994,0.0
36.0,0.46962324940712397,58.0,0.08830285128909009,2.5706274478032597e-06,0.0
36.0,0.46962324940712397,59.0,0.2578482740009552,0.0,0.0
36.0,0.46962324940712397,60.0,0.2604471247309553,0.0,0.0
36.0,0.46962324940712397,61.0,0.14284227824220513,0.0,0.0
36.0,0.46962324940712397,62.0,0.14340834607692293,0.024002165936571247,0.0
36.0,0.46962324940712397,63.0,0.08649362801156216,0.0,0.0
36.0,0.46962324940712397,64.0,0.2587703503051251,0.002078425324507859,0.0
36.0,0.46962324940712397,65.0,0.25742299956864945,0.0003122284469440907,0.0
36.0,0.46962324940712397,66.0,0.25589176508202605,0.02160022370679791,0.0
36.0,0.46962324940712397,67.0,0.25783196313026957,0.0006375730458534142,0.0
36.0,0.46962324940712397,68.0,0.1439426169394151,0.0,0.0
36.0,0.46962324940712397,69.0,0.06600877085905177,3.043788311204728e-05,0.0
36.0,0.46962324940712397,70.0,0.08105983070973048,0.0024013162931735706,1.0
36.0,0.46962324940712397,71.0,0.25791777399601185,0.0005046167414408686,0.0
36.0,0.46962324940712397,72.0,0.0844050441570461,0.020497170163967238,0.0
36.0,0.46962324940712397,73.0,0.05619101744939459,2.309048792040328e-06,0.0
36.0,0.46962324940712397,74.0,0.05797630788524041,0.0,0.0
36.0,0.46962324940712397,75.0,0.25339630889416265,0.011577935813986372,0.0
36.0,0.46962324940712397,76.0,0.25506550554880636,0.02175144644262842,0.0
36.0,0.46962324940712397,77.0,0.05550054244030386,0.004712363455071666,0.0
36.0,0.46962324940712397,78.0,0.2592714557373667,0.0,0.0
36.0,0.46962324940712397,79.0,0.08445085773610236,0.0,0.0
36.0,0.46962324940712397,80.0,0.14379237588437166,0.0,0.0
36.0,0.46962324940712397,81.0,0.1266515793410341,0.0009475308416996398,0.0
36.0,0.46962324940712397,82.0,0.2573768219580108,0.0003448019964203617,0.0
36.0,0.46962324940712397,83.0,0.25731324953424695,0.001529289843121414,0.0
36.0,0.46962324940712397,84.0,0.26020969333454835,0.007220422324436565,0.0
36.0,0.46962324940712397,85.0,0.2573062999867157,0.0004451621661745688,0.0
36.0,0.46962324940712397,86.0,0.12661642741181256,0.00026811368800844443,0.0
36.0,0.46962324940712397,87.0,0.12881065982033305,0.0020897829860143193,0.0
36.0,0.46962324940712397,88.0,0.25587388472578987,0.001738911664269817,0.0
36.0,0.46962324940712397,89.0,0.2547690508372648,0.02288622418873541,0.0
36.0,0.46962324940712397,90.0,0.2595262601291122,0.0037272634521783444,0.0
36.0,0.46962324940712397,91.0,0.2569712678871348,7.950870223573375e-05,0.0
36.0,0.46962324940712397,92.0,0.25740729539016244,0.02136787211283574,0.0
36.0,0.46962324940712397,93.0,0.25907683737030496,0.0013970405874513551,0.0
36.0,0.46962324940712397,94.0,0.25569029244775526,1.76581408828632e-05,0.0
36.0,0.46962324940712397,95.0,0.14456642858240187,0.019330614342585296,0.0
36.0,0.46962324940712397,96.0,0.2574332742427095,0.023860421496896617,0.0
36.0,0.46962324940712397,97.0,0.2540433598183304,5.583051014662092e-05,0.0
36.0,0.46962324940712397,98.0,0.057307169658440946,0.002034737815319262,0.0
36.0,0.46962324940712397,99.0,0.08843599571362451,0.020305710652665485,0.0
36.0,0.46962324940712397,100.0,0.08506381804920923,0.00025742188399501247,1.0
36.0,0.46962324940712397,101.0,0.2554362741162474,0.00012785898308164586,0.0
36.0,0.46962324940712397,102.0,0.05629126357305055,0.0006329585184482423,0.0
36.0,0.46962324940712397,103.0,0.05921185435825841,0.0010980362912088497,0.0
36.0,0.46962324940712397,104.0,0.255802709677916,1.3275206345901457e-05,0.0
36.0,0.46962324940712397,105.0,0.25864592189307617,0.0,0.0
36.0,0.46962324940712397,106.0,0.08292553474780236,0.013529683454056356,0.0
36.0,0.46962324940712397,107.0,0.26126130896605243,0.0,0.0
36.0,0.46962324940712397,108.0,0.08411743460522647,0.007219314654374392,0.0
36.0,0.46962324940712397,109.0,0.05843398449678563,0.0,0.0
36.0,0.46962324940712397,110.0,0.054902721812784286,6.276246901285243e-05,0.0
36.0,0.46962324940712397,111.0,0.2579435568989176,0.023982880082369172,0.0
36.0,0.46962324940712397,112.0,0.2581352905075559,0.0010113585634063125,0.0
36.0,0.46962324940712397,113.0,0.25946894571469153,0.008235852583056641,0.0
36.0,0.46962324940712397,114.0,0.055847026308669175,0.0007446821606924278,1.0
36.0,0.46962324940712397,115.0,0.0575179027418028,7.291140705625991e-05,1.0
36.0,0.46962324940712397,116.0,0.05681644056440176,0.0,0.0
36.0,0.46962324940712397,117.0,0.08727045798853936,0.0,0.0
36.0,0.46962324940712397,118.0,0.0824624271499637,0.021568054000150286,0.0
36.0,0.46962324940712397,119.0,0.2543768774051271,2.3252200736140225e-05,1.0
36.0,0.46962324940712397,120.0,0.254287452040379,0.0018862348762323387,0.0
36.0,0.46962324940712397,121.0,0.08404544769483359,0.03967329957413158,0.0
36.0,0.46962324940712397,122.0,0.25346555908230617,0.017266438499723178,1.0
36.0,0.46962324940712397,123.0,0.1427611485938118,0.004358729087426202,0.0
36.0,0.46962324940712397,124.0,0.05582287281920584,0.0022199330360227355,1.0
36.0,0.46962324940712397,125.0,0.25892321522565614,1.734019110564967e-06,0.0
36.0,0.46962324940712397,126.0,0.2575409918425567,0.0131096426626411,0.0
36.0,0.46962324940712397,127.0,0.25522903854133144,0.019844981885641797,0.0
36.0,0.46962324940712397,128.0,0.0839321290445974,0.025821404882564843,1.0
36.0,0.46962324940712397,129.0,0.2573520106005778,0.0003124340361004546,0.0
36.0,0.46962324940712397,130.0,0.0545713263324803,0.00029313619094578245,1.0
36.0,0.46962324940712397,131.0,0.2556873478355859,0.001680871018332936,0.0
36.0,0.46962324940712397,132.0,0.05899872802932935,0.0,0.0
36.0,0.46962324940712397,133.0,0.25510418522463135,0.02522608365753276,0.0
36.0,0.46962324940712397,134.0,0.05565358388957755,2.6393635957799263e-05,0.0
36.0,0.46962324940712397,135.0,0.25301111742905497,0.009805382216457137,0.0
36.0,0.46962324940712397,136.0,0.2562486482492769,0.014435468483138716,0.0
36.0,0.46962324940712397,137.0,0.2577320922740457,0.0014855124376911214,0.0
36.0,0.46962324940712397,138.0,0.26150008333509034,0.019639543335222262,0.0
36.0,0.46962324940712397,139.0,0.25903794474792174,0.0,0.0
36.0,0.46962324940712397,140.0,0.25764713757054974,0.003159774330505298,0.0
36.0,0.46962324940712397,141.0,0.057740802783438384,0.002618551452734317,0.0
36.0,0.46962324940712397,142.0,0.2574268206436209,0.0009268332862359663,0.0
36.0,0.46962324940712397,143.0,0.25725737835078444,0.00013195811894955756,0.0
36.0,0.46962324940712397,144.0,0.12638615576039064,0.001404444524847584,0.0
36.0,0.46962324940712397,145.0,0.055649296615439395,0.0004973878268164421,0.0
36.0,0.46962324940712397,146.0,0.057391773155276805,0.003401862015562434,0.0
36.0,0.46962324940712397,147.0,0.2588305129940475,0.00037382844512736236,0.0
36.0,0.46962324940712397,148.0,0.2556650181645556,0.023373638662725744,0.0
36.0,0.46962324940712397,149.0,0.2537798977609596,0.0008324942348788392,0.0
36.0,0.46962324940712397,150.0,0.2569732860369728,0.0011960291335893233,0.0
36.0,0.46962324940712397,151.0,0.2570250590006069,0.0001556856357322408,0.0
36.0,0.46962324940712397,152.0,0.2586778959114918,0.0005580756430577172,0.0
36.0,0.46962324940712397,153.0,0.14398266878832827,0.0,0.0
36.0,0.46962324940712397,154.0,0.256042326619825,0.0008139682321098077,0.0
36.0,0.46962324940712397,155.0,0.029252860853698947,0.0038874435600795144,0.0
36.0,0.46962324940712397,156.0,0.08507633344722802,0.0010334624267586746,1.0
36.0,0.46962324940712397,157.0,0.1285980547012722,0.0,0.0
36.0,0.46962324940712397,158.0,0.055168528678314246,0.0010359722299954708,0.0
36.0,0.46962324940712397,159.0,0.26202742301407633,0.01857020215462961,0.0
36.0,0.46962324940712397,160.0,0.2552452274523303,0.010629213419632492,0.0
36.0,0.46962324940712397,161.0,0.26145263378607253,0.0,0.0
36.0,0.46962324940712397,162.0,0.25475896024632355,0.00143337551231018,0.0
36.0,0.46962324940712397,163.0,0.25934883621061827,0.00013079116246885464,0.0
36.0,0.46962324940712397,164.0,0.25957473601621744,0.019062498906185252,0.0
36.0,0.46962324940712397,165.0,0.26016547420732544,4.441250479445324e-05,0.0
36.0,0.46962324940712397,166.0,0.25579214981215137,1.2602848038593713e-05,0.0
36.0,0.46962324940712397,167.0,0.25686186080693924,3.343482469091812e-05,0.0
36.0,0.46962324940712397,168.0,0.1282983339175408,0.0,0.0
36.0,0.46962324940712397,169.0,0.05582450170116163,2.201255025546938e-05,0.0
36.0,0.46962324940712397,170.0,0.2526668686489325,0.020910370434413246,0.0
36.0,0.46962324940712397,171.0,0.05590065428101509,0.04033257388093528,1.0
36.0,0.46962324940712397,172.0,0.2571491092452913,0.004836945015574561,0.0
36.0,0.46962324940712397,173.0,0.259765540559591,0.0002529727355964955,0.0
36.0,0.46962324940712397,174.0,0.12746881568490914,0.02340803067389723,0.0
36.0,0.46962324940712397,175.0,0.25858663648940183,1.5454913161581224e-05,0.0
36.0,0.46962324940712397,176.0,0.25819382912859373,0.0021989421860923856,0.0
36.0,0.46962324940712397,177.0,0.05577568001143529,0.013639284491956782,0.0
36.0,0.46962324940712397,178.0,0.26040890202520106,0.0022936716194707023,0.0
36.0,0.46962324940712397,179.0,0.25534519742799583,0.02073848763331606,0.0
36.0,0.46962324940712397,180.0,0.2567999200806517,0.03713217925008933,0.0
36.0,0.46962324940712397,181.0,0.05724627822416556,0.00727225012260855,0.0
36.0,0.46962324940712397,182.0,0.2564960529185846,0.00031073105174699446,0.0
36.0,0.46962324940712397,183.0,0.2590812874248722,0.010434391596241545,0.0
36.0,0.46962324940712397,184.0,0.08979807307660226,3.895855792220196e-06,1.0
36.0,0.46962324940712397,185.0,0.2568412049997311,0.0043694908843544995,0.0
36.0,0.46962324940712397,186.0,0.2591565496399924,0.01891129778782478,0.0
36.0,0.46962324940712397,187.0,0.2587194251240224,1.4335732256416494e-06,0.0
36.0,0.46962324940712397,188.0,0.12547297840159216,0.02713837410597864,1.0
36.0,0.46962324940712397,189.0,0.12926536532796157,1.2410263295545861e-05,0.0
36.0,0.46962324940712397,190.0,0.25851929308140315,0.0010011669136641688,0.0
36.0,0.46962324940712397,191.0,0.25654137467147864,0.011646934082588259,0.0
36.0,0.46962324940712397,192.0,0.05520043447133104,0.0011646093634749915,1.0
36.0,0.46962324940712397,193.0,0.2586513642914042,0.0011599708690399912,0.0
36.0,0.46962324940712397,194.0,0.2549948373789714,0.021243581324964952,0.0
36.0,0.46962324940712397,195.0,0.25838363482325544,7.570927523573958e-05,0.0
36.0,0.46962324940712397,196.0,0.25769861323802457,0.0013068757958362874,0.0
36.0,0.46962324940712397,197.0,0.2571400750778931,2.9068208482890606e-05,0.0
36.0,0.46962324940712397,198.0,0.2574906801227547,0.0004542017094861508,0.0
36.0,0.46962324940712397,199.0,0.08621496228143523,0.0001603362290904519,0.0
36.0,0.46962324940712397,200.0,0.256230907616404,0.0051022953734239235,0.0
36.0,0.46962324940712397,201.0,0.2565202545655872,0.0,0.0
36.0,0.46962324940712397,202.0,0.26188910127042736,0.0,0.0
36.0,0.46962324940712397,203.0,0.2548111617021965,0.001371908732027803,0.0
36.0,0.46962324940712397,204.0,0.2582185636704241,5.086053507114941e-06,0.0
36.0,0.46962324940712397,205.0,0.2628340596685633,0.0,0.0
36.0,0.46962324940712397,206.0,0.2548000785367053,0.008567881878452926,1.0
36.0,0.46962324940712397,207.0,0.1284288174292574,0.0,0.0
36.0,0.46962324940712397,208.0,0.055005298129409706,0.008140049898939385,1.0
36.0,0.46962324940712397,209.0,0.25483507292710866,0.0007410795987693187,0.0
36.0,0.46962324940712397,210.0,0.09095170630628542,6.056261145865234e-06,1.0
36.0,0.46962324940712397,211.0,0.25695019084510773,0.013932968372783442,0.0
36.0,0.46962324940712397,212.0,0.2553418075382021,0.01192244941341908,0.0
36.0,0.46962324940712397,213.0,0.2586114959285632,0.0,0.0
36.0,0.46962324940712397,214.0,0.25554322225088305,0.000707771989082676,0.0
36.0,0.46962324940712397,215.0,0.08233295600751443,0.0002466568234353793,0.0
36.0,0.46962324940712397,216.0,0.25746501682911127,6.320992878311458e-05,0.0
36.0,0.46962324940712397,217.0,0.25556530916990167,0.024697824080201016,0.0
36.0,0.46962324940712397,218.0,0.05736749650601807,0.005153093214036966,0.0
36.0,0.46962324940712397,219.0,0.08748704595059915,0.0,0.0
36.0,0.46962324940712397,220.0,0.056416678912465455,0.002100437454808904,0.0
36.0,0.46962324940712397,221.0,0.05477432466923655,0.008287101261326988,1.0
36.0,0.46962324940712397,222.0,0.03183162743535419,0.0003617306416817283,0.0
36.0,0.46962324940712397,223.0,0.25511183496389656,0.00046490384384336765,0.0
36.0,0.46962324940712397,224.0,0.08485458319474411,7.852800791220427e-06,0.0
36.0,0.46962324940712397,225.0,0.05585977750190896,0.0,0.0
36.0,0.46962324940712397,226.0,0.25780596511303266,0.014172122115376927,0.0
36.0,0.46962324940712397,227.0,0.2567456645029148,1.240892047242943e-05,0.0
36.0,0.46962324940712397,228.0,0.25396550189783584,0.0069405232098643105,0.0
36.0,0.46962324940712397,229.0,0.14279874075833363,6.497276037421497e-05,0.0
36.0,0.46962324940712397,230.0,0.2596671853734276,3.4796790063724715e-06,0.0
36.0,0.46962324940712397,231.0,0.05609564830917816,4.228413119028082e-05,0.0
36.0,0.46962324940712397,232.0,0.05686772631901825,0.0,0.0
36.0,0.46962324940712397,233.0,0.25909934740318463,0.001233554609616914,0.0
36.0,0.46962324940712397,234.0,0.05452852250297798,2.541144443111163e-05,0.0
36.0,0.46962324940712397,235.0,0.2609435573088391,0.004690353158949963,0.0
36.0,0.46962324940712397,236.0,0.2606095538575959,1.0254736480043731e-05,0.0
36.0,0.46962324940712397,237.0,0.2538042343299884,0.022192695424327454,0.0
36.0,0.46962324940712397,238.0,0.05665787622391982,5.238706679565417e-06,1.0
36.0,0.46962324940712397,239.0,0.260303563747017,0.0,0.0
36.0,0.46962324940712397,240.0,0.25887448146153347,0.0005854626474564923,0.0
36.0,0.46962324940712397,241.0,0.2600554559770282,0.0011701360536629942,0.0
36.0,0.46962324940712397,242.0,0.08109398365940092,0.006988815116026353,1.0
36.0,0.46962324940712397,243.0,0.2594601292413478,6.448854498026718e-05,0.0
36.0,0.46962324940712397,244.0,0.2612991750919408,0.0,0.0
36.0,0.46962324940712397,245.0,0.0862821073119598,0.0,0.0
36.0,0.46962324940712397,246.0,0.2575359104489585,8.529333488602773e-06,0.0
36.0,0.46962324940712397,247.0,0.25719194058517103,0.019629369968325292,0.0
36.0,0.46962324940712397,248.0,0.25719065112369377,0.003930882404956484,0.0
36.0,0.46962324940712397,249.0,0.25900172365710417,0.00044778094999720227,0.0
36.0,0.46962324940712397,250.0,0.25842036065876567,0.0,0.0
36.0,0.46962324940712397,251.0,0.08175007637468368,0.024064546205401414,0.0
36.0,0.46962324940712397,252.0,0.256162810638913,0.00016844049062008347,0.0
36.0,0.46962324940712397,253.0,0.029955502536372733,0.009460623597577985,0.0
36.0,0.46962324940712397,254.0,0.12771363799937743,0.024565314073411695,0.0
36.0,0.46962324940712397,255.0,0.25718533835681306,0.0,0.0
36.0,0.46962324940712397,256.0,0.25799260453545425,4.402895068672115e-06,0.0
36.0,0.46962324940712397,257.0,0.25755337050819127,0.000487400982058005,0.0
36.0,0.46962324940712397,258.0,0.25534031994621004,1.6705418004595916e-05,0.0
36.0,0.46962324940712397,259.0,0.05575275454985794,2.3035685737583114e-06,0.0
36.0,0.46962324940712397,260.0,0.26020315169144953,0.0,0.0
36.0,0.46962324940712397,261.0,0.25855924421853355,6.249578484154506e-06,0.0
36.0,0.46962324940712397,262.0,0.14468893142614767,8.80312165201882e-06,0.0
36.0,0.46962324940712397,263.0,0.25615660143739594,0.00011733735180925509,0.0
36.0,0.46962324940712397,264.0,0.12724872118901737,0.0008761302492023228,0.0
36.0,0.46962324940712397,265.0,0.25872322735474246,0.004470175728344155,0.0
36.0,0.46962324940712397,266.0,0.08305384024841758,0.0006078907769063916,1.0
36.0,0.46962324940712397,267.0,0.25816869231394785,7.85068466126856e-06,0.0
36.0,0.46962324940712397,268.0,0.08701510786130255,7.480494471766798e-05,0.0
36.0,0.46962324940712397,269.0,0.08412537709758476,0.0005236611032827005,0.0
36.0,0.46962324940712397,270.0,0.25190602573236914,0.00013025381627323362,0.0
36.0,0.46962324940712397,271.0,0.0549690306341378,0.00022477028252505284,0.0
36.0,0.46962324940712397,272.0,0.08344174790182778,1.2958712657279362e-05,0.0
36.0,0.46962324940712397,273.0,0.25427299210095355,0.0005625173802919893,0.0
36.0,0.46962324940712397,274.0,0.2563851558366004,0.023951526718274725,0.0
36.0,0.46962324940712397,275.0,0.25694685867644296,0.027973294335846832,0.0
36.0,0.46962324940712397,276.0,0.25859850495866904,0.00018882565644644546,0.0
36.0,0.46962324940712397,277.0,0.25555613793635124,4.344036281427195e-06,0.0
36.0,0.46962324940712397,278.0,0.2596271891014172,0.0,0.0
36.0,0.46962324940712397,279.0,0.2570365898280209,5.795406202839557e-05,0.0
36.0,0.46962324940712397,280.0,0.08264398614522818,2.1387904528172077e-05,0.0
36.0,0.46962324940712397,281.0,0.25989770184806715,0.0,0.0
36.0,0.46962324940712397,282.0,0.25324250077116117,0.0008297955833158181,0.0
36.0,0.46962324940712397,283.0,0.25307248638207913,0.022553436174518982,0.0
36.0,0.46962324940712397,284.0,0.08517211751638093,0.0,0.0
36.0,0.46962324940712397,285.0,0.05629614001028179,0.0,0.0
36.0,0.46962324940712397,286.0,0.25497346789239833,0.05259189644321752,0.0
36.0,0.46962324940712397,287.0,0.2588822453390039,0.00014468768032238226,0.0
36.0,0.46962324940712397,288.0,0.2550811774887228,0.0020667148396122095,0.0
36.0,0.46962324940712397,289.0,0.05628032195275503,7.846323053359179e-06,0.0
36.0,0.46962324940712397,290.0,0.2566739170987539,0.004646820914819345,0.0
36.0,0.46962324940712397,291.0,0.25619293617977573,0.0014040623555485775,0.0
36.0,0.46962324940712397,292.0,0.25462088227686586,0.026949248984565438,0.0
36.0,0.46962324940712397,293.0,0.129115277416463,0.007391172109693051,0.0
36.0,0.46962324940712397,294.0,0.2557452012758794,0.000527195442846621,0.0
36.0,0.46962324940712397,295.0,0.25640490304393965,2.6946737263477925e-05,0.0
36.0,0.46962324940712397,296.0,0.08398873752419318,5.02711755779979e-06,0.0
36.0,0.46962324940712397,297.0,0.2593621169327437,3.241323076427469e-06,0.0
36.0,0.46962324940712397,298.0,0.05687537662702001,1.0778663276895354e-06,0.0
36.0,0.46962324940712397,299.0,0.055217101969107084,0.022529740554516012,1.0
36.0,0.46962324940712397,300.0,0.2571926516819427,0.0,0.0
36.0,0.46962324940712397,301.0,0.05615039639114025,0.0,0.0
36.0,0.46962324940712397,302.0,0.05464934666379417,0.0014894657478555847,1.0
36.0,0.46962324940712397,303.0,0.08112268278122377,0.0040888694758725915,1.0
36.0,0.46962324940712397,304.0,0.26089340238377934,0.01901364833323,0.0
36.0,0.46962324940712397,305.0,0.048627018725010455,0.0007239605551998257,0.0
36.0,0.46962324940712397,306.0,0.2632583089688671,0.0003317957042779476,0.0
36.0,0.46962324940712397,307.0,0.056612903444647845,0.0,0.0
36.0,0.46962324940712397,308.0,0.05484549053673719,0.011723401085183728,1.0
36.0,0.46962324940712397,309.0,0.2597974503960722,0.021439151615876763,0.0
36.0,0.46962324940712397,310.0,0.05495496340067265,6.858735757190668e-05,0.0
36.0,0.46962324940712397,311.0,0.2559202491572081,1.852345238382108e-05,0.0
36.0,0.46962324940712397,312.0,0.25819946569927,0.0,0.0
36.0,0.46962324940712397,313.0,0.057788932048039234,0.0008161289862999414,0.0
36.0,0.46962324940712397,314.0,0.2581865213799218,0.0,0.0
36.0,0.46962324940712397,315.0,0.2569056268951931,0.018438314894033046,0.0
36.0,0.46962324940712397,316.0,0.2560957752707716,0.00010433711876738911,0.0
36.0,0.46962324940712397,317.0,0.25735469083253615,8.819338928618209e-07,0.0
36.0,0.46962324940712397,318.0,0.056749392501171766,0.12071739966426817,1.0
36.0,0.46962324940712397,319.0,0.057634215005775744,2.1341303696291217e-05,0.0
36.0,0.46962324940712397,320.0,0.02977990057708184,0.2615208732489338,1.0
36.0,0.46962324940712397,321.0,0.14457678103286523,0.009145352823591359,0.0
36.0,0.46962324940712397,322.0,0.05477007276179859,0.020571580202688598,0.0
36.0,0.46962324940712397,323.0,0.14495749748901363,0.0,0.0
36.0,0.46962324940712397,324.0,0.056346458076703965,0.0,0.0
36.0,0.46962324940712397,325.0,0.05569595227536515,2.9066784903926016e-06,0.0
36.0,0.46962324940712397,326.0,0.25632201782548775,0.00037043995320864447,0.0
36.0,0.46962324940712397,327.0,0.25632133822155767,0.0012496184848397036,0.0
36.0,0.46962324940712397,328.0,0.1444409600004927,0.010327577740866277,0.0
36.0,0.46962324940712397,329.0,0.14255592875431236,0.00010929776303694338,0.0
36.0,0.46962324940712397,330.0,0.1281320398585196,0.0003542215131357211,0.0
36.0,0.46962324940712397,331.0,0.059116560835085895,0.0,0.0
36.0,0.46962324940712397,332.0,0.0571621528645369,0.010978729067156225,1.0
36.0,0.46962324940712397,333.0,0.144916997507671,1.5530218415642447e-05,0.0
36.0,0.46962324940712397,334.0,0.2582191660237935,0.00038413441146919005,0.0
36.0,0.46962324940712397,335.0,0.25497487482830167,0.000305303410806495,0.0
36.0,0.46962324940712397,336.0,0.25623255893632463,2.6342367637117e-06,0.0
36.0,0.46962324940712397,337.0,0.03012107856255395,0.0001707092341701685,1.0
36.0,0.46962324940712397,338.0,0.2586603136124054,0.00021387797222072416,0.0
36.0,0.46962324940712397,339.0,0.256927194693499,0.001501847266430799,0.0
36.0,0.46962324940712397,340.0,0.12906014701627824,0.0,0.0
36.0,0.46962324940712397,341.0,0.2604165160014973,0.0,0.0
36.0,0.46962324940712397,342.0,0.2587575156657618,4.317260358364199e-05,0.0
36.0,0.46962324940712397,343.0,0.0885291236792773,0.0008113674467682494,0.0
36.0,0.46962324940712397,344.0,0.08443511406666897,0.00021480447557644858,1.0
36.0,0.46962324940712397,345.0,0.2542713483627133,0.00040422979305822357,0.0
36.0,0.46962324940712397,346.0,0.1254930536721763,7.604806146746743e-05,1.0
36.0,0.46962324940712397,347.0,0.05716316470452071,0.0,0.0
36.0,0.46962324940712397,348.0,0.25647811964764006,0.0,0.0
36.0,0.46962324940712397,349.0,0.2577178818624838,0.00015028192873208204,0.0
36.0,0.46962324940712397,350.0,0.25563723774066244,3.994290283722907e-05,0.0
36.0,0.46962324940712397,351.0,0.25713379872793607,0.023326609083183073,0.0
36.0,0.46962324940712397,352.0,0.14473699079005858,0.0,0.0
36.0,0.46962324940712397,353.0,0.25639537993622236,0.001019016427447763,0.0
36.0,0.46962324940712397,354.0,0.054104268462055224,0.018710637266518712,0.0
36.0,0.46962324940712397,355.0,0.08432923374156227,0.0,0.0
36.0,0.46962324940712397,356.0,0.258799001654048,0.00041037426594315126,0.0
36.0,0.46962324940712397,357.0,0.08107973460390507,0.0006343221195587623,1.0
36.0,0.46962324940712397,358.0,0.08533494911615871,0.0015065085279139562,0.0
36.0,0.46962324940712397,359.0,0.2563867006724807,0.000337101826888513,0.0
36.0,0.46962324940712397,360.0,0.25745068396211396,0.0004654705754692835,0.0
36.0,0.46962324940712397,361.0,0.25570559042559815,0.0001861898829597253,0.0
36.0,0.46962324940712397,362.0,0.05493789508091607,0.021215736886274286,1.0
36.0,0.46962324940712397,363.0,0.12795208550175427,0.0,0.0
36.0,0.46962324940712397,364.0,0.2559218275859227,1.6527308284584804e-05,0.0
36.0,0.46962324940712397,365.0,0.2577294001836032,0.022745159706425606,0.0
36.0,0.46962324940712397,366.0,0.09078987532878285,4.198392629879099e-06,0.0
36.0,0.46962324940712397,367.0,0.2571757725186411,7.757469593526841e-07,0.0
36.0,0.46962324940712397,368.0,0.08466175431571688,0.003044928603660609,0.0
36.0,0.46962324940712397,369.0,0.05524287235370561,0.00013328762581375406,0.0
36.0,0.46962324940712397,370.0,0.25130579388704116,0.00010275935543405352,1.0
36.0,0.46962324940712397,371.0,0.14451846794606785,5.698180308772042e-05,0.0
36.0,0.46962324940712397,372.0,0.08336457330372803,0.005356151425578359,1.0
36.0,0.46962324940712397,373.0,0.08181249161063066,0.025054298002014495,1.0
36.0,0.46962324940712397,374.0,0.260586989713221,0.0,0.0
36.0,0.46962324940712397,375.0,0.25333202208901673,0.00010710667720728323,0.0
36.0,0.46962324940712397,376.0,0.08656976169778458,0.40846763801966396,1.0
36.0,0.46962324940712397,377.0,0.2564622041745261,0.035884884023626856,0.0
36.0,0.46962324940712397,378.0,0.2555820216052374,0.0,0.0
36.0,0.46962324940712397,379.0,0.0569040226315382,0.0,0.0
36.0,0.46962324940712397,380.0,0.2518602585588927,0.005446872637775818,0.0
36.0,0.46962324940712397,381.0,0.2562545855700394,0.021490991749271927,0.0
36.0,0.46962324940712397,382.0,0.05769793390156801,0.0,0.0
36.0,0.46962324940712397,383.0,0.2544790298465418,0.02181759477730272,0.0
36.0,0.46962324940712397,384.0,0.2579633336749276,2.4453599104564845e-05,0.0
36.0,0.46962324940712397,385.0,0.2592851733688121,0.00576194588819416,0.0
36.0,0.46962324940712397,386.0,0.08095757432641146,0.039047188635456274,1.0
36.0,0.46962324940712397,387.0,0.08409994801795606,3.1359588932212065e-06,0.0
36.0,0.46962324940712397,388.0,0.057480936604224535,0.0003289397592701037,1.0
36.0,0.46962324940712397,389.0,0.1445442271022687,0.02822208705910538,0.0
36.0,0.46962324940712397,390.0,0.25244526122358313,0.00015355186303367803,0.0
36.0,0.46962324940712397,391.0,0.05672663692081837,0.0,0.0
36.0,0.46962324940712397,392.0,0.057695030474549366,0.006155379299511742,0.0
36.0,0.46962324940712397,393.0,0.2598921220871322,0.0,0.0
36.0,0.46962324940712397,394.0,0.25742312139295304,0.040141995262737686,0.0
36.0,0.46962324940712397,395.0,0.25855379523273564,5.336293845184755e-07,0.0
36.0,0.46962324940712397,396.0,0.14400849765250248,0.0004467866081030309,0.0
36.0,0.46962324940712397,397.0,0.1424653275524702,0.007120522348024482,0.0
36.0,0.46962324940712397,398.0,0.25466359822047163,0.00929274188553613,0.0
36.0,0.46962324940712397,399.0,0.2529243395206079,1.966244222043388e-05,1.0
36.0,0.5367122850367131,0.0,0.2543885614154063,0.0013410682595185962,0.0
36.0,0.5367122850367131,1.0,0.25714519144222403,0.007297179017091734,0.0
36.0,0.5367122850367131,2.0,0.254544096915193,2.9108662953079064e-05,0.0
36.0,0.5367122850367131,3.0,0.2530727427761737,0.0007054575983928335,0.0
36.0,0.5367122850367131,4.0,0.20512147821438978,0.0003279390859637525,0.0
36.0,0.5367122850367131,5.0,0.2572189205849757,0.0004555073046468484,0.0
36.0,0.5367122850367131,6.0,0.2600271832809867,0.0,0.0
36.0,0.5367122850367131,7.0,0.0836954254455397,0.0,0.0
36.0,0.5367122850367131,8.0,0.08072983157791057,0.0003678557044866577,1.0
36.0,0.5367122850367131,9.0,0.25621947521145244,0.00011130488578117267,0.0
36.0,0.5367122850367131,10.0,0.2523094237251599,0.01948538772299895,0.0
36.0,0.5367122850367131,11.0,0.1819241810616176,0.019823067688531128,1.0
36.0,0.5367122850367131,12.0,0.059303135472274164,0.0,0.0
36.0,0.5367122850367131,13.0,0.2582937588191078,0.0,0.0
36.0,0.5367122850367131,14.0,0.08031560513507469,0.000571427424656817,1.0
36.0,0.5367122850367131,15.0,0.26095549169510796,0.0,0.0
36.0,0.5367122850367131,16.0,0.2615227475144372,3.2183482934301255e-08,0.0
36.0,0.5367122850367131,17.0,0.08438988489141144,0.0005550086496277785,1.0
36.0,0.5367122850367131,18.0,0.2622739659418021,3.525231526126136e-05,0.0
36.0,0.5367122850367131,19.0,0.2569733275486122,0.00010748842295837619,0.0
36.0,0.5367122850367131,20.0,0.2572520746548693,0.0021785091857103056,0.0
36.0,0.5367122850367131,21.0,0.26175129673151437,3.2222361789310946e-06,0.0
36.0,0.5367122850367131,22.0,0.25755170661139976,0.0,0.0
36.0,0.5367122850367131,23.0,0.26143954845680073,5.5316340038096256e-05,0.0
36.0,0.5367122850367131,24.0,0.1838322155506199,0.00027319735706800476,0.0
36.0,0.5367122850367131,25.0,0.1828910371747714,0.011359822259541559,0.0
36.0,0.5367122850367131,26.0,0.20538774953033823,0.00013970399277283283,0.0
36.0,0.5367122850367131,27.0,0.25627800304132275,0.02272209179967021,0.0
36.0,0.5367122850367131,28.0,0.25880584584850785,0.01569218196426629,0.0
36.0,0.5367122850367131,29.0,0.25705647635884105,0.0031304929365089146,0.0
36.0,0.5367122850367131,30.0,0.25587807428887527,1.7564207931829374e-05,0.0
36.0,0.5367122850367131,31.0,0.16212814939508022,0.010240097455518814,0.0
36.0,0.5367122850367131,32.0,0.2599572156164753,2.0126683191712526e-05,0.0
36.0,0.5367122850367131,33.0,0.256915569075191,5.644435077654109e-05,0.0
36.0,0.5367122850367131,34.0,0.2550664605092866,0.006238932605701093,0.0
36.0,0.5367122850367131,35.0,0.25904136018031587,0.000748391330391008,0.0
36.0,0.5367122850367131,36.0,0.08268854905150325,0.0023717552504901505,0.0
36.0,0.5367122850367131,37.0,0.2539302659684947,0.0006169238125565961,0.0
36.0,0.5367122850367131,38.0,0.2607742922392859,0.0019457181957898667,0.0
36.0,0.5367122850367131,39.0,0.2588028390825137,0.023088296833513426,0.0
36.0,0.5367122850367131,40.0,0.0843300523223307,0.0035651023228555363,0.0
36.0,0.5367122850367131,41.0,0.05669416227919768,0.0,0.0
36.0,0.5367122850367131,42.0,0.2562720202267558,0.0012931576277202452,0.0
36.0,0.5367122850367131,43.0,0.059297745187201746,0.018553884543872443,0.0
36.0,0.5367122850367131,44.0,0.25407129257190914,0.019367315027829835,0.0
36.0,0.5367122850367131,45.0,0.08983357882062748,0.0,0.0
36.0,0.5367122850367131,46.0,0.16348008410485038,0.0,0.0
36.0,0.5367122850367131,47.0,0.08896085445858667,0.021473038203913098,1.0
36.0,0.5367122850367131,48.0,0.08210887633381701,0.00014445474182144143,1.0
36.0,0.5367122850367131,49.0,0.25800875379135724,0.0027270012809123374,0.0
36.0,0.5367122850367131,50.0,0.25478098923724063,0.004949716966621698,0.0
36.0,0.5367122850367131,51.0,0.2573540431907981,0.010422236379294991,0.0
36.0,0.5367122850367131,52.0,0.2583531174095708,0.0017598957406561606,0.0
36.0,0.5367122850367131,53.0,0.255478014788047,6.790659195128914e-05,0.0
36.0,0.5367122850367131,54.0,0.25600976337409415,0.005611505842483132,0.0
36.0,0.5367122850367131,55.0,0.0836842681211138,0.0033078597739591145,1.0
36.0,0.5367122850367131,56.0,0.25424722743505257,0.00015047512265452758,0.0
36.0,0.5367122850367131,57.0,0.25531246308479966,0.021800646507763994,0.0
36.0,0.5367122850367131,58.0,0.08830285128909009,2.5706274478032597e-06,0.0
36.0,0.5367122850367131,59.0,0.2578482740009552,0.0,0.0
36.0,0.5367122850367131,60.0,0.2604471247309553,0.0,0.0
36.0,0.5367122850367131,61.0,0.16153742553686473,0.0,0.0
36.0,0.5367122850367131,62.0,0.16208323704944108,0.022680119425059108,0.0
36.0,0.5367122850367131,63.0,0.08649362801156216,0.0,0.0
36.0,0.5367122850367131,64.0,0.2587703503051251,0.002078425324507859,0.0
36.0,0.5367122850367131,65.0,0.25742299956864945,0.0003122284469440907,0.0
36.0,0.5367122850367131,66.0,0.25589176508202605,0.02160022370679791,0.0
36.0,0.5367122850367131,67.0,0.25783196313026957,0.0006375730458534142,0.0
36.0,0.5367122850367131,68.0,0.16268539941453616,0.0,0.0
36.0,0.5367122850367131,69.0,0.2598957011929049,3.0381741195927848e-05,0.0
36.0,0.5367122850367131,70.0,0.08105983070973048,0.0024013162931735706,1.0
36.0,0.5367122850367131,71.0,0.25791777399601185,0.0005046167414408686,0.0
36.0,0.5367122850367131,72.0,0.0844050441570461,0.020497170163967238,0.0
36.0,0.5367122850367131,73.0,0.05619101744939459,2.309048792040328e-06,0.0
36.0,0.5367122850367131,74.0,0.20806059342542474,0.0,0.0
36.0,0.5367122850367131,75.0,0.25339630889416265,0.011577935813986372,0.0
36.0,0.5367122850367131,76.0,0.25506550554880636,0.02175144644262842,0.0
36.0,0.5367122850367131,77.0,0.05550054244030386,0.004712363455071666,0.0
36.0,0.5367122850367131,78.0,0.2592714557373667,0.0,0.0
36.0,0.5367122850367131,79.0,0.08445085773610236,0.0,0.0
36.0,0.5367122850367131,80.0,0.16253695980399316,0.0,0.0
36.0,0.5367122850367131,81.0,0.18291266377881243,0.0009475170093158497,0.0
36.0,0.5367122850367131,82.0,0.2573768219580108,0.0003448019964203617,0.0
36.0,0.5367122850367131,83.0,0.25731324953424695,0.001529289843121414,0.0
36.0,0.5367122850367131,84.0,0.26020969333454835,0.007220422324436565,0.0
36.0,0.5367122850367131,85.0,0.2573062999867157,0.0004451621661745688,0.0
36.0,0.5367122850367131,86.0,0.1826174470317195,0.00026504354330228664,0.0
36.0,0.5367122850367131,87.0,0.1848486881186891,0.002042322525325776,0.0
36.0,0.5367122850367131,88.0,0.25587388472578987,0.001738911664269817,0.0
36.0,0.5367122850367131,89.0,0.2547690508372648,0.02288622418873541,0.0
36.0,0.5367122850367131,90.0,0.2595262601291122,0.0037272634521783444,0.0
36.0,0.5367122850367131,91.0,0.2569712678871348,7.950870223573375e-05,0.0
36.0,0.5367122850367131,92.0,0.25740729539016244,0.02136787211283574,0.0
36.0,0.5367122850367131,93.0,0.25907683737030496,0.0013970405874513551,0.0
36.0,0.5367122850367131,94.0,0.25569029244775526,1.76581408828632e-05,0.0
36.0,0.5367122850367131,95.0,0.16326055255499647,0.019328755189184983,0.0
36.0,0.5367122850367131,96.0,0.2574332742427095,0.023860421496896617,0.0
36.0,0.5367122850367131,97.0,0.2540433598183304,5.583051014662092e-05,0.0
36.0,0.5367122850367131,98.0,0.20731156940270018,0.002033229874482509,0.0
36.0,0.5367122850367131,99.0,0.08843599571362451,0.020305710652665485,0.0
36.0,0.5367122850367131,100.0,0.08506381804920923,0.00025742188399501247,1.0
36.0,0.5367122850367131,101.0,0.2554362741162474,0.00012785898308164586,0.0
36.0,0.5367122850367131,102.0,0.05629126357305055,0.0006329585184482423,0.0
36.0,0.5367122850367131,103.0,0.05921185435825841,0.0010980362912088497,0.0
36.0,0.5367122850367131,104.0,0.255802709677916,1.3275206345901457e-05,0.0
36.0,0.5367122850367131,105.0,0.25864592189307617,0.0,0.0
36.0,0.5367122850367131,106.0,0.08292553474780236,0.013529683454056356,0.0
36.0,0.5367122850367131,107.0,0.26126130896605243,0.0,0.0
36.0,0.5367122850367131,108.0,0.08411743460522647,0.007219314654374392,0.0
36.0,0.5367122850367131,109.0,0.05843398449678563,0.0,0.0
36.0,0.5367122850367131,110.0,0.20515794403813387,5.7208859148250886e-05,0.0
36.0,0.5367122850367131,111.0,0.2579435568989176,0.023982880082369172,0.0
36.0,0.5367122850367131,112.0,0.2581352905075559,0.0010113585634063125,0.0
36.0,0.5367122850367131,113.0,0.25946894571469153,0.008235852583056641,0.0
36.0,0.5367122850367131,114.0,0.055847026308669175,0.0007446821606924278,1.0
36.0,0.5367122850367131,115.0,0.0575179027418028,7.291140705625991e-05,1.0
36.0,0.5367122850367131,116.0,0.20707899938548963,0.0,0.0
36.0,0.5367122850367131,117.0,0.08727045798853936,0.0,0.0
36.0,0.5367122850367131,118.0,0.0824624271499637,0.021568054000150286,0.0
36.0,0.5367122850367131,119.0,0.2543768774051271,2.3252200736140225e-05,1.0
36.0,0.5367122850367131,120.0,0.254287452040379,0.0018862348762323387,0.0
36.0,0.5367122850367131,121.0,0.08404544769483359,0.03967329957413158,0.0
36.0,0.5367122850367131,122.0,0.25346555908230617,0.017266438499723178,1.0
36.0,0.5367122850367131,123.0,0.16147400490746883,0.0043418035776753156,0.0
36.0,0.5367122850367131,124.0,0.05582287281920584,0.0022199330360227355,1.0
36.0,0.5367122850367131,125.0,0.25892321522565614,1.734019110564967e-06,0.0
36.0,0.5367122850367131,126.0,0.2575409918425567,0.0131096426626411,0.0
36.0,0.5367122850367131,127.0,0.25522903854133144,0.019844981885641797,0.0
36.0,0.5367122850367131,128.0,0.0839321290445974,0.025821404882564843,1.0
36.0,0.5367122850367131,129.0,0.2573520106005778,0.0003124340361004546,0.0
36.0,0.5367122850367131,130.0,0.20495159982868186,0.00027983202405472174,0.0
36.0,0.5367122850367131,131.0,0.2556873478355859,0.001680871018332936,0.0
36.0,0.5367122850367131,132.0,0.05899872802932935,0.0,0.0
36.0,0.5367122850367131,133.0,0.25510418522463135,0.02522608365753276,0.0
36.0,0.5367122850367131,134.0,0.05565358388957755,2.6393635957799263e-05,0.0
36.0,0.5367122850367131,135.0,0.25301111742905497,0.009805382216457137,0.0
36.0,0.5367122850367131,136.0,0.2562486482492769,0.014435468483138716,0.0
36.0,0.5367122850367131,137.0,0.2577320922740457,0.0014855124376911214,0.0
36.0,0.5367122850367131,138.0,0.26150008333509034,0.019639543335222262,0.0
36.0,0.5367122850367131,139.0,0.25903794474792174,0.0,0.0
36.0,0.5367122850367131,140.0,0.25764713757054974,0.003159774330505298,0.0
36.0,0.5367122850367131,141.0,0.057740802783438384,0.002618551452734317,0.0
36.0,0.5367122850367131,142.0,0.2574268206436209,0.0009268332862359663,0.0
36.0,0.5367122850367131,143.0,0.25725737835078444,0.00013195811894955756,0.0
36.0,0.5367122850367131,144.0,0.18264961391962695,0.001397461911865666,0.0
36.0,0.5367122850367131,145.0,0.20631370621135697,0.0004973508264246449,0.0
36.0,0.5367122850367131,146.0,0.057391773155276805,0.003401862015562434,0.0
36.0,0.5367122850367131,147.0,0.2588305129940475,0.00037382844512736236,0.0
36.0,0.5367122850367131,148.0,0.2556650181645556,0.023373638662725744,0.0
36.0,0.5367122850367131,149.0,0.2537798977609596,0.0008324942348788392,0.0
36.0,0.5367122850367131,150.0,0.2569732860369728,0.0011960291335893233,0.0
36.0,0.5367122850367131,151.0,0.2570250590006069,0.0001556856357322408,0.0
36.0,0.5367122850367131,152.0,0.2586778959114918,0.0005580756430577172,0.0
36.0,0.5367122850367131,153.0,0.16266442157898622,0.0,0.0
36.0,0.5367122850367131,154.0,0.256042326619825,0.0008139682321098077,0.0
36.0,0.5367122850367131,155.0,0.2577014839213684,0.003808425304991117,0.0
36.0,0.5367122850367131,156.0,0.08507633344722802,0.0010334624267586746,1.0
36.0,0.5367122850367131,157.0,0.1847779770228837,0.0,0.0
36.0,0.5367122850367131,158.0,0.055168528678314246,0.0010359722299954708,0.0
36.0,0.5367122850367131,159.0,0.26202742301407633,0.01857020215462961,0.0
36.0,0.5367122850367131,160.0,0.2552452274523303,0.010629213419632492,0.0
36.0,0.5367122850367131,161.0,0.26145263378607253,0.0,0.0
36.0,0.5367122850367131,162.0,0.25475896024632355,0.00143337551231018,0.0
36.0,0.5367122850367131,163.0,0.25934883621061827,0.00013079116246885464,0.0
36.0,0.5367122850367131,164.0,0.25957473601621744,0.019062498906185252,0.0
36.0,0.5367122850367131,165.0,0.26016547420732544,4.441250479445324e-05,0.0
36.0,0.5367122850367131,166.0,0.25579214981215137,1.2602848038593713e-05,0.0
36.0,0.5367122850367131,167.0,0.25686186080693924,3.343482469091812e-05,0.0
36.0,0.5367122850367131,168.0,0.18427258334105262,0.0,0.0
36.0,0.5367122850367131,169.0,0.2063105737010717,1.6661209121359666e-05,0.0
36.0,0.5367122850367131,170.0,0.2526668686489325,0.020910370434413246,0.0
36.0,0.5367122850367131,171.0,0.05590065428101509,0.04033257388093528,1.0
36.0,0.5367122850367131,172.0,0.2571491092452913,0.004836945015574561,0.0
36.0,0.5367122850367131,173.0,0.259765540559591,0.0002529727355964955,0.0
36.0,0.5367122850367131,174.0,0.18363875576561597,0.023374853960234445,0.0
36.0,0.5367122850367131,175.0,0.25858663648940183,1.5454913161581224e-05,0.0
36.0,0.5367122850367131,176.0,0.25819382912859373,0.0021989421860923856,0.0
36.0,0.5367122850367131,177.0,0.2066124474902319,0.013638934424333332,0.0
36.0,0.5367122850367131,178.0,0.26040890202520106,0.0022936716194707023,0.0
36.0,0.5367122850367131,179.0,0.25534519742799583,0.02073848763331606,0.0
36.0,0.5367122850367131,180.0,0.2567999200806517,0.03713217925008933,0.0
36.0,0.5367122850367131,181.0,0.05724627822416556,0.00727225012260855,0.0
36.0,0.5367122850367131,182.0,0.2564960529185846,0.00031073105174699446,0.0
36.0,0.5367122850367131,183.0,0.2590812874248722,0.010434391596241545,0.0
36.0,0.5367122850367131,184.0,0.08979807307660226,3.895855792220196e-06,1.0
36.0,0.5367122850367131,185.0,0.2568412049997311,0.0043694908843544995,0.0
36.0,0.5367122850367131,186.0,0.2591565496399924,0.01891129778782478,0.0
36.0,0.5367122850367131,187.0,0.2587194251240224,1.4335732256416494e-06,0.0
36.0,0.5367122850367131,188.0,0.18190372714081404,0.019425683784239096,1.0
36.0,0.5367122850367131,189.0,0.18512600473638893,1.237474853506668e-05,0.0
36.0,0.5367122850367131,190.0,0.25851929308140315,0.0010011669136641688,0.0
36.0,0.5367122850367131,191.0,0.25654137467147864,0.011646934082588259,0.0
36.0,0.5367122850367131,192.0,0.20596295974218015,0.001015809977530753,0.0
36.0,0.5367122850367131,193.0,0.2586513642914042,0.0011599708690399912,0.0
36.0,0.5367122850367131,194.0,0.2549948373789714,0.021243581324964952,0.0
36.0,0.5367122850367131,195.0,0.25838363482325544,7.570927523573958e-05,0.0
36.0,0.5367122850367131,196.0,0.25769861323802457,0.0013068757958362874,0.0
36.0,0.5367122850367131,197.0,0.2571400750778931,2.9068208482890606e-05,0.0
36.0,0.5367122850367131,198.0,0.2574906801227547,0.0004542017094861508,0.0
36.0,0.5367122850367131,199.0,0.08621496228143523,0.0001603362290904519,0.0
36.0,0.5367122850367131,200.0,0.256230907616404,0.0051022953734239235,0.0
36.0,0.5367122850367131,201.0,0.2565202545655872,0.0,0.0
36.0,0.5367122850367131,202.0,0.26188910127042736,0.0,0.0
36.0,0.5367122850367131,203.0,0.2548111617021965,0.001371908732027803,0.0
36.0,0.5367122850367131,204.0,0.2582185636704241,5.086053507114941e-06,0.0
36.0,0.5367122850367131,205.0,0.2628340596685633,0.0,0.0
36.0,0.5367122850367131,206.0,0.2548000785367053,0.008567881878452926,1.0
36.0,0.5367122850367131,207.0,0.18466464593305465,0.0,0.0
36.0,0.5367122850367131,208.0,0.20584038269973273,0.0028430912021972844,0.0
36.0,0.5367122850367131,209.0,0.25483507292710866,0.0007410795987693187,0.0
36.0,0.5367122850367131,210.0,0.09095170630628542,6.056261145865234e-06,1.0
36.0,0.5367122850367131,211.0,0.25695019084510773,0.013932968372783442,0.0
36.0,0.5367122850367131,212.0,0.2553418075382021,0.01192244941341908,0.0
36.0,0.5367122850367131,213.0,0.2586114959285632,0.0,0.0
36.0,0.5367122850367131,214.0,0.25554322225088305,0.000707771989082676,0.0
36.0,0.5367122850367131,215.0,0.08233295600751443,0.0002466568234353793,0.0
36.0,0.5367122850367131,216.0,0.25746501682911127,6.320992878311458e-05,0.0
36.0,0.5367122850367131,217.0,0.25556530916990167,0.024697824080201016,0.0
36.0,0.5367122850367131,218.0,0.05736749650601807,0.005153093214036966,0.0
36.0,0.5367122850367131,219.0,0.08748704595059915,0.0,0.0
36.0,0.5367122850367131,220.0,0.056416678912465455,0.002100437454808904,0.0
36.0,0.5367122850367131,221.0,0.05477432466923655,0.008287101261326988,1.0
36.0,0.5367122850367131,222.0,0.2588893873726048,0.000183830874681756,0.0
36.0,0.5367122850367131,223.0,0.25511183496389656,0.00046490384384336765,0.0
36.0,0.5367122850367131,224.0,0.08485458319474411,7.852800791220427e-06,0.0
36.0,0.5367122850367131,225.0,0.05585977750190896,0.0,0.0
36.0,0.5367122850367131,226.0,0.25780596511303266,0.014172122115376927,0.0
36.0,0.5367122850367131,227.0,0.2567456645029148,1.240892047242943e-05,0.0
36.0,0.5367122850367131,228.0,0.25396550189783584,0.0069405232098643105,0.0
36.0,0.5367122850367131,229.0,0.16148806241010613,6.447290598686287e-05,0.0
36.0,0.5367122850367131,230.0,0.2596671853734276,3.4796790063724715e-06,0.0
36.0,0.5367122850367131,231.0,0.05609564830917816,4.228413119028082e-05,0.0
36.0,0.5367122850367131,232.0,0.2075109122683474,0.0,0.0
36.0,0.5367122850367131,233.0,0.25909934740318463,0.001233554609616914,0.0
36.0,0.5367122850367131,234.0,0.2048860287615208,1.4075752578453865e-05,0.0
36.0,0.5367122850367131,235.0,0.2609435573088391,0.004690353158949963,0.0
36.0,0.5367122850367131,236.0,0.2606095538575959,1.0254736480043731e-05,0.0
36.0,0.5367122850367131,237.0,0.2538042343299884,0.022192695424327454,0.0
36.0,0.5367122850367131,238.0,0.20663583531585067,1.8428232801338904e-06,0.0
36.0,0.5367122850367131,239.0,0.260303563747017,0.0,0.0
36.0,0.5367122850367131,240.0,0.25887448146153347,0.0005854626474564923,0.0
36.0,0.5367122850367131,241.0,0.2600554559770282,0.0011701360536629942,0.0
36.0,0.5367122850367131,242.0,0.08109398365940092,0.006988815116026353,1.0
36.0,0.5367122850367131,243.0,0.2594601292413478,6.448854498026718e-05,0.0
36.0,0.5367122850367131,244.0,0.2612991750919408,0.0,0.0
36.0,0.5367122850367131,245.0,0.0862821073119598,0.0,0.0
36.0,0.5367122850367131,246.0,0.2575359104489585,8.529333488602773e-06,0.0
36.0,0.5367122850367131,247.0,0.25719194058517103,0.019629369968325292,0.0
36.0,0.5367122850367131,248.0,0.25719065112369377,0.003930882404956484,0.0
36.0,0.5367122850367131,249.0,0.25900172365710417,0.00044778094999720227,0.0
36.0,0.5367122850367131,250.0,0.25842036065876567,0.0,0.0
36.0,0.5367122850367131,251.0,0.08175007637468368,0.024064546205401414,0.0
36.0,0.5367122850367131,252.0,0.256162810638913,0.00016844049062008347,0.0
36.0,0.5367122850367131,253.0,0.2582794477606212,0.009380212633985596,0.0
36.0,0.5367122850367131,254.0,0.18380868277153378,0.024069876012030016,0.0
36.0,0.5367122850367131,255.0,0.25718533835681306,0.0,0.0
36.0,0.5367122850367131,256.0,0.25799260453545425,4.402895068672115e-06,0.0
36.0,0.5367122850367131,257.0,0.25755337050819127,0.000487400982058005,0.0
36.0,0.5367122850367131,258.0,0.25534031994621004,1.6705418004595916e-05,0.0
36.0,0.5367122850367131,259.0,0.05575275454985794,2.3035685737583114e-06,0.0
36.0,0.5367122850367131,260.0,0.26020315169144953,0.0,0.0
36.0,0.5367122850367131,261.0,0.25855924421853355,6.249578484154506e-06,0.0
36.0,0.5367122850367131,262.0,0.16339872481474982,8.802870015986767e-06,0.0
36.0,0.5367122850367131,263.0,0.25615660143739594,0.00011733735180925509,0.0
36.0,0.5367122850367131,264.0,0.1831060353324394,0.0008743078245176534,0.0
36.0,0.5367122850367131,265.0,0.25872322735474246,0.004470175728344155,0.0
36.0,0.5367122850367131,266.0,0.08305384024841758,0.0006078907769063916,1.0
36.0,0.5367122850367131,267.0,0.25816869231394785,7.85068466126856e-06,0.0
36.0,0.5367122850367131,268.0,0.08701510786130255,7.480494471766798e-05,0.0
36.0,0.5367122850367131,269.0,0.08412537709758476,0.0005236611032827005,0.0
36.0,0.5367122850367131,270.0,0.25190602573236914,0.00013025381627323362,0.0
36.0,0.5367122850367131,271.0,0.20454576396423746,0.0001548614054725318,0.0
36.0,0.5367122850367131,272.0,0.08344174790182778,1.2958712657279362e-05,0.0
36.0,0.5367122850367131,273.0,0.25427299210095355,0.0005625173802919893,0.0
36.0,0.5367122850367131,274.0,0.2563851558366004,0.023951526718274725,0.0
36.0,0.5367122850367131,275.0,0.25694685867644296,0.027973294335846832,0.0
36.0,0.5367122850367131,276.0,0.25859850495866904,0.00018882565644644546,0.0
36.0,0.5367122850367131,277.0,0.25555613793635124,4.344036281427195e-06,0.0
36.0,0.5367122850367131,278.0,0.2596271891014172,0.0,0.0
36.0,0.5367122850367131,279.0,0.2570365898280209,5.795406202839557e-05,0.0
36.0,0.5367122850367131,280.0,0.08264398614522818,2.1387904528172077e-05,0.0
36.0,0.5367122850367131,281.0,0.25989770184806715,0.0,0.0
36.0,0.5367122850367131,282.0,0.25324250077116117,0.0008297955833158181,0.0
36.0,0.5367122850367131,283.0,0.25307248638207913,0.022553436174518982,0.0
36.0,0.5367122850367131,284.0,0.08517211751638093,0.0,0.0
36.0,0.5367122850367131,285.0,0.05629614001028179,0.0,0.0
36.0,0.5367122850367131,286.0,0.25497346789239833,0.05259189644321752,0.0
36.0,0.5367122850367131,287.0,0.2588822453390039,0.00014468768032238226,0.0
36.0,0.5367122850367131,288.0,0.2550811774887228,0.0020667148396122095,0.0
36.0,0.5367122850367131,289.0,0.05628032195275503,7.846323053359179e-06,0.0
36.0,0.5367122850367131,290.0,0.2566739170987539,0.004646820914819345,0.0
36.0,0.5367122850367131,291.0,0.25619293617977573,0.0014040623555485775,0.0
36.0,0.5367122850367131,292.0,0.25462088227686586,0.026949248984565438,0.0
36.0,0.5367122850367131,293.0,0.18505427958578344,0.0073891511984597895,0.0
36.0,0.5367122850367131,294.0,0.2557452012758794,0.000527195442846621,0.0
36.0,0.5367122850367131,295.0,0.25640490304393965,2.6946737263477925e-05,0.0
36.0,0.5367122850367131,296.0,0.08398873752419318,5.02711755779979e-06,0.0
36.0,0.5367122850367131,297.0,0.2593621169327437,3.241323076427469e-06,0.0
36.0,0.5367122850367131,298.0,0.05687537662702001,1.0778663276895354e-06,0.0
36.0,0.5367122850367131,299.0,0.20563000214480126,0.020310327791441943,0.0
36.0,0.5367122850367131,300.0,0.2571926516819427,0.0,0.0
36.0,0.5367122850367131,301.0,0.05615039639114025,0.0,0.0
36.0,0.5367122850367131,302.0,0.20625696258950352,0.00010556884032174723,1.0
36.0,0.5367122850367131,303.0,0.08112268278122377,0.0040888694758725915,1.0
36.0,0.5367122850367131,304.0,0.26089340238377934,0.01901364833323,0.0
36.0,0.5367122850367131,305.0,0.2577818662056135,0.00030041338369067404,0.0
36.0,0.5367122850367131,306.0,0.2632583089688671,0.0003317957042779476,0.0
36.0,0.5367122850367131,307.0,0.056612903444647845,0.0,0.0
36.0,0.5367122850367131,308.0,0.05484549053673719,0.011723401085183728,1.0
36.0,0.5367122850367131,309.0,0.2597974503960722,0.021439151615876763,0.0
36.0,0.5367122850367131,310.0,0.20674371088840526,6.74350933429292e-05,0.0
36.0,0.5367122850367131,311.0,0.2559202491572081,1.852345238382108e-05,0.0
36.0,0.5367122850367131,312.0,0.25819946569927,0.0,0.0
36.0,0.5367122850367131,313.0,0.057788932048039234,0.0008161289862999414,0.0
36.0,0.5367122850367131,314.0,0.2581865213799218,0.0,0.0
36.0,0.5367122850367131,315.0,0.2569056268951931,0.018438314894033046,0.0
36.0,0.5367122850367131,316.0,0.2560957752707716,0.00010433711876738911,0.0
36.0,0.5367122850367131,317.0,0.25735469083253615,8.819338928618209e-07,0.0
36.0,0.5367122850367131,318.0,0.056749392501171766,0.12071739966426817,1.0
36.0,0.5367122850367131,319.0,0.20718875889508592,1.9897475335223598e-05,0.0
36.0,0.5367122850367131,320.0,0.2572290827751987,0.0017672546230534125,0.0
36.0,0.5367122850367131,321.0,0.16320870249022473,0.00912124479318136,0.0
36.0,0.5367122850367131,322.0,0.2050338729989805,0.019824566590160204,0.0
36.0,0.5367122850367131,323.0,0.1635924645916108,0.0,0.0
36.0,0.5367122850367131,324.0,0.056346458076703965,0.0,0.0
36.0,0.5367122850367131,325.0,0.05569595227536515,2.9066784903926016e-06,0.0
36.0,0.5367122850367131,326.0,0.25632201782548775,0.00037043995320864447,0.0
36.0,0.5367122850367131,327.0,0.25632133822155767,0.0012496184848397036,0.0
36.0,0.5367122850367131,328.0,0.1632526026550644,0.01032704699591848,0.0
36.0,0.5367122850367131,329.0,0.16131294558899326,8.54480115016649e-05,0.0
36.0,0.5367122850367131,330.0,0.18417228164930088,0.00035313447654893585,0.0
36.0,0.5367122850367131,331.0,0.20790169344663048,0.0,0.0
36.0,0.5367122850367131,332.0,0.0571621528645369,0.010978729067156225,1.0
36.0,0.5367122850367131,333.0,0.16362103440619608,1.5301779995559015e-05,0.0
36.0,0.5367122850367131,334.0,0.2582191660237935,0.00038413441146919005,0.0
36.0,0.5367122850367131,335.0,0.25497487482830167,0.000305303410806495,0.0
36.0,0.5367122850367131,336.0,0.25623255893632463,2.6342367637117e-06,0.0
36.0,0.5367122850367131,337.0,0.25842231458890713,0.00010652890319894182,0.0
36.0,0.5367122850367131,338.0,0.2586603136124054,0.00021387797222072416,0.0
36.0,0.5367122850367131,339.0,0.256927194693499,0.001501847266430799,0.0
36.0,0.5367122850367131,340.0,0.18533456945304458,0.0,0.0
36.0,0.5367122850367131,341.0,0.2604165160014973,0.0,0.0
36.0,0.5367122850367131,342.0,0.2587575156657618,4.317260358364199e-05,0.0
36.0,0.5367122850367131,343.0,0.0885291236792773,0.0008113674467682494,0.0
36.0,0.5367122850367131,344.0,0.08443511406666897,0.00021480447557644858,1.0
36.0,0.5367122850367131,345.0,0.2542713483627133,0.00040422979305822357,0.0
36.0,0.5367122850367131,346.0,0.18216901458102333,7.022360129855806e-05,1.0
36.0,0.5367122850367131,347.0,0.05716316470452071,0.0,0.0
36.0,0.5367122850367131,348.0,0.25647811964764006,0.0,0.0
36.0,0.5367122850367131,349.0,0.2577178818624838,0.00015028192873208204,0.0
36.0,0.5367122850367131,350.0,0.25563723774066244,3.994290283722907e-05,0.0
36.0,0.5367122850367131,351.0,0.25713379872793607,0.023326609083183073,0.0
36.0,0.5367122850367131,352.0,0.16349662304597282,0.0,0.0
36.0,0.5367122850367131,353.0,0.25639537993622236,0.001019016427447763,0.0
36.0,0.5367122850367131,354.0,0.20492923360994603,0.01868925549093104,0.0
36.0,0.5367122850367131,355.0,0.08432923374156227,0.0,0.0
36.0,0.5367122850367131,356.0,0.258799001654048,0.00041037426594315126,0.0
36.0,0.5367122850367131,357.0,0.08107973460390507,0.0006343221195587623,1.0
36.0,0.5367122850367131,358.0,0.08533494911615871,0.0015065085279139562,0.0
36.0,0.5367122850367131,359.0,0.2563867006724807,0.000337101826888513,0.0
36.0,0.5367122850367131,360.0,0.25745068396211396,0.0004654705754692835,0.0
36.0,0.5367122850367131,361.0,0.25570559042559815,0.0001861898829597253,0.0
36.0,0.5367122850367131,362.0,0.2046989311787066,0.02119307049426734,0.0
36.0,0.5367122850367131,363.0,0.18382710370199848,0.0,0.0
36.0,0.5367122850367131,364.0,0.2559218275859227,1.6527308284584804e-05,0.0
36.0,0.5367122850367131,365.0,0.2577294001836032,0.022745159706425606,0.0
36.0,0.5367122850367131,366.0,0.09078987532878285,4.198392629879099e-06,0.0
36.0,0.5367122850367131,367.0,0.2571757725186411,7.757469593526841e-07,0.0
36.0,0.5367122850367131,368.0,0.08466175431571688,0.003044928603660609,0.0
36.0,0.5367122850367131,369.0,0.20666791243326857,0.00013249413231114122,0.0
36.0,0.5367122850367131,370.0,0.25130579388704116,0.00010275935543405352,1.0
36.0,0.5367122850367131,371.0,0.16322786575175813,5.692331556592264e-05,0.0
36.0,0.5367122850367131,372.0,0.08336457330372803,0.005356151425578359,1.0
36.0,0.5367122850367131,373.0,0.08181249161063066,0.025054298002014495,1.0
36.0,0.5367122850367131,374.0,0.260586989713221,0.0,0.0
36.0,0.5367122850367131,375.0,0.25333202208901673,0.00010710667720728323,0.0
36.0,0.5367122850367131,376.0,0.08656976169778458,0.40846763801966396,1.0
36.0,0.5367122850367131,377.0,0.2564622041745261,0.035884884023626856,0.0
36.0,0.5367122850367131,378.0,0.2555820216052374,0.0,0.0
36.0,0.5367122850367131,379.0,0.20699717911723242,0.0,0.0
36.0,0.5367122850367131,380.0,0.2518602585588927,0.005446872637775818,0.0
36.0,0.5367122850367131,381.0,0.2562545855700394,0.021490991749271927,0.0
36.0,0.5367122850367131,382.0,0.05769793390156801,0.0,0.0
36.0,0.5367122850367131,383.0,0.2544790298465418,0.02181759477730272,0.0
36.0,0.5367122850367131,384.0,0.2579633336749276,2.4453599104564845e-05,0.0
36.0,0.5367122850367131,385.0,0.2592851733688121,0.00576194588819416,0.0
36.0,0.5367122850367131,386.0,0.08095757432641146,0.039047188635456274,1.0
36.0,0.5367122850367131,387.0,0.08409994801795606,3.1359588932212065e-06,0.0
36.0,0.5367122850367131,388.0,0.057480936604224535,0.0003289397592701037,1.0
36.0,0.5367122850367131,389.0,0.16321995065012546,0.028220682508393012,0.0
36.0,0.5367122850367131,390.0,0.25244526122358313,0.00015355186303367803,0.0
36.0,0.5367122850367131,391.0,0.05672663692081837,0.0,0.0
36.0,0.5367122850367131,392.0,0.057695030474549366,0.006155379299511742,0.0
36.0,0.5367122850367131,393.0,0.2598921220871322,0.0,0.0
36.0,0.5367122850367131,394.0,0.25742312139295304,0.040141995262737686,0.0
36.0,0.5367122850367131,395.0,0.25855379523273564,5.336293845184755e-07,0.0
36.0,0.5367122850367131,396.0,0.16271818135742702,0.00044676927966295064,0.0
36.0,0.5367122850367131,397.0,0.16124378347056734,0.0061804646230290035,0.0
36.0,0.5367122850367131,398.0,0.25466359822047163,0.00929274188553613,0.0
36.0,0.5367122850367131,399.0,0.2529243395206079,1.966244222043388e-05,1.0
