control_period,penalty,parameters_idx,deficit_cost,total_leaching_gN_per_m2,violated
3.0,0.0,0.0,0.004189140830360794,0.008543882061303921,1.0
3.0,0.0,1.0,0.0013535154734269589,0.0586967865645824,1.0
3.0,0.0,2.0,0.0013856175539429263,0.004140671218162184,1.0
3.0,0.0,3.0,0.002276732240936233,0.0012111194035145068,1.0
3.0,0.0,4.0,0.0010895384757177624,0.009157208112325727,1.0
3.0,0.0,5.0,0.002461843114303734,0.001190402581527366,1.0
3.0,0.0,6.0,0.00189589007825108,0.0,0.0
3.0,0.0,7.0,0.006142450552495684,0.0,0.0
3.0,0.0,8.0,0.006049536863199684,0.008115153241827265,1.0
3.0,0.0,9.0,0.004547352920894859,0.0009898213515395656,1.0
3.0,0.0,10.0,0.0020797179263982867,0.028367854040772023,1.0
3.0,0.0,11.0,0.0022658745859748426,0.17268893142326572,1.0
3.0,0.0,12.0,0.0013075500683307143,0.0,0.0
3.0,0.0,13.0,0.004690071617672633,0.0,0.0
3.0,0.0,14.0,0.005717066679997759,0.01913844024516166,1.0
3.0,0.0,15.0,0.004862678587462858,0.0,0.0
3.0,0.0,16.0,0.019522972254570826,3.8507454672962e-08,0.0
3.0,0.0,17.0,0.006050876369769462,0.005860527952969493,1.0
3.0,0.0,18.0,0.004308746430912914,8.711789259100603e-05,0.0
3.0,0.0,19.0,0.004064684324242916,0.0009902886989676186,1.0
3.0,0.0,20.0,0.00582362071278575,0.9109621106198224,1.0
3.0,0.0,21.0,0.003953520000639591,8.440161823046649e-06,1.0
3.0,0.0,22.0,0.001679858060758647,0.0,0.0
3.0,0.0,23.0,0.006629637511905286,0.00329190789429185,1.0
3.0,0.0,24.0,0.002575742667008412,0.000631544286647636,0.0
3.0,0.0,25.0,0.002011166239923071,0.12029963151631878,1.0
3.0,0.0,26.0,0.0006491520375218424,0.0003708984735064736,0.0
3.0,0.0,27.0,0.0045401434025883185,0.03844375951075729,1.0
3.0,0.0,28.0,0.007569217887917351,2.597505299280832,1.0
3.0,0.0,29.0,0.0010134934831340587,0.007740371925262923,1.0
3.0,0.0,30.0,0.006897795972700782,3.279005004095567e-05,1.0
3.0,0.0,31.0,0.003379051651063116,0.0114286169801703,1.0
3.0,0.0,32.0,0.004068446229152934,0.0008167152055295128,1.0
3.0,0.0,33.0,0.001395461295014712,0.012453450899672066,1.0
3.0,0.0,34.0,0.0023299621617373185,1.9411076268091159,1.0
3.0,0.0,35.0,0.005136987156625412,0.002840824890041838,0.0
3.0,0.0,36.0,0.006304013951206897,0.002391124870199465,1.0
3.0,0.0,37.0,0.0013350202736793961,0.0008991726424000201,1.0
3.0,0.0,38.0,0.02280851460340773,0.08318541339042516,1.0
3.0,0.0,39.0,0.0017266788227735862,0.10486531822190048,1.0
3.0,0.0,40.0,0.005643935456316005,0.10608694120508196,1.0
3.0,0.0,41.0,0.0009331089184961851,0.0,0.0
3.0,0.0,42.0,0.0025256957964650524,0.010530959737291606,1.0
3.0,0.0,43.0,0.0021950981427669137,0.03887848262107903,0.0
3.0,0.0,44.0,0.003805948257678708,6.219791307127293,1.0
3.0,0.0,45.0,0.005289200686037128,0.0,0.0
3.0,0.0,46.0,0.003393331965832716,0.0,0.0
3.0,0.0,47.0,0.006609598216383248,4.10283363237083,1.0
3.0,0.0,48.0,0.005387391601272058,0.0006078944830955487,1.0
3.0,0.0,49.0,0.01730428587726691,0.01507980722410001,1.0
3.0,0.0,50.0,0.0013782910995574495,0.3488542964851176,1.0
3.0,0.0,51.0,0.005152843122312798,0.9655172309442623,1.0
3.0,0.0,52.0,0.004373417088454929,0.0019704649689585496,1.0
3.0,0.0,53.0,0.002752001709865129,0.020604497672188384,1.0
3.0,0.0,54.0,0.002942275082721077,1.937013714754488,1.0
3.0,0.0,55.0,0.006207771797822039,0.6769058536916431,1.0
3.0,0.0,56.0,0.0017884089776129721,0.0011502596660628236,1.0
3.0,0.0,57.0,0.0033887224216697064,3.320229356326738,1.0
3.0,0.0,58.0,0.006167168545642512,6.925604830283144e-05,1.0
3.0,0.0,59.0,0.002663007691675448,0.0,0.0
3.0,0.0,60.0,0.005963389022253268,0.0,0.0
3.0,0.0,61.0,0.002785409819016825,0.0,0.0
3.0,0.0,62.0,0.003955253468522639,1.501999886123253,1.0
3.0,0.0,63.0,0.004906927598995529,0.0,0.0
3.0,0.0,64.0,0.0021461839746443763,0.002598862753014761,0.0
3.0,0.0,65.0,0.0029811012393323195,0.0005146162910720281,1.0
3.0,0.0,66.0,0.0013311010632592417,0.02970606317986423,1.0
3.0,0.0,67.0,0.004383617224048605,0.09854910938086318,1.0
3.0,0.0,68.0,0.00311853140859112,0.0,0.0
3.0,0.0,69.0,0.0233896837516902,3.12658641305357e-05,0.0
3.0,0.0,70.0,0.005678740571910995,0.2275013961480104,1.0
3.0,0.0,71.0,0.0058767853025578735,0.0009746986865310011,1.0
3.0,0.0,72.0,0.006063356502843845,0.04906375752773359,1.0
3.0,0.0,73.0,0.001544218310755322,1.6845645469443637e-05,1.0
3.0,0.0,74.0,0.0007929953686001147,0.0,0.0
3.0,0.0,75.0,0.004462509453947005,3.0817938809262255,1.0
3.0,0.0,76.0,0.0012924232182717882,2.948455106902162,1.0
3.0,0.0,77.0,0.0008428871593221534,0.15366621628008273,1.0
3.0,0.0,78.0,0.0017812243640381604,0.0,0.0
3.0,0.0,79.0,0.006216064805501885,0.0,0.0
3.0,0.0,80.0,0.004202873722441777,0.0,0.0
3.0,0.0,81.0,0.0023009718913655007,0.0013074612539554886,0.0
3.0,0.0,82.0,0.005918782979240534,0.08023378410186363,1.0
3.0,0.0,83.0,0.0010244331284933964,0.028485139032827046,1.0
3.0,0.0,84.0,0.006573064719313895,1.1554233669747442,1.0
3.0,0.0,85.0,0.0061465761867129055,0.0004730216206567177,1.0
3.0,0.0,86.0,0.002626044709947829,0.0008151052138512206,1.0
3.0,0.0,87.0,0.002475838631774114,0.013237181674711412,1.0
3.0,0.0,88.0,0.001187868659594554,0.0018199095890028352,0.0
3.0,0.0,89.0,0.001056342528906394,5.384737120550599,1.0
3.0,0.0,90.0,0.000956330168119548,0.0038681792138350406,1.0
3.0,0.0,91.0,0.00116391028525535,0.013735592132980153,1.0
3.0,0.0,92.0,0.004574288766837633,3.7123113989771994,1.0
3.0,0.0,93.0,0.0012093413302335307,0.0021585432868250587,0.0
3.0,0.0,94.0,0.0021170756047389928,0.0021538254436354307,1.0
3.0,0.0,95.0,0.0031052859288514994,0.03253599657976351,0.0
3.0,0.0,96.0,0.004094699357628828,0.024049292757037096,0.0
3.0,0.0,97.0,0.006626480440423294,0.0007889778248596021,1.0
3.0,0.0,98.0,0.0008768720590371876,0.0020518411762497296,1.0
3.0,0.0,99.0,0.0061840914339304715,0.026978402280241134,0.0
3.0,0.0,100.0,0.006247893561942713,0.01493960174851137,1.0
3.0,0.0,101.0,0.004571380685353548,0.03235482126641129,1.0
3.0,0.0,102.0,0.0011576311022705559,0.004402967678942,1.0
3.0,0.0,103.0,0.0007981542821301523,0.0014754445299393624,1.0
3.0,0.0,104.0,0.00047772595776469733,0.0023062284622436062,1.0
3.0,0.0,105.0,0.0022340692981353207,0.0,0.0
3.0,0.0,106.0,0.005225394247947003,0.977641137420386,1.0
3.0,0.0,107.0,0.022014929602605766,0.0,0.0
3.0,0.0,108.0,0.006366248788654616,0.6079867952583867,1.0
3.0,0.0,109.0,0.002320132478302835,0.0,0.0
3.0,0.0,110.0,0.00034276066977009876,0.00043730540588315616,1.0
3.0,0.0,111.0,0.007207726736750967,3.8040448585579782,1.0
3.0,0.0,112.0,0.005968366696755419,0.0015046053921785188,1.0
3.0,0.0,113.0,0.005807246544344184,0.49461289023877236,1.0
3.0,0.0,114.0,0.0010328521161125782,0.00788368118903286,1.0
3.0,0.0,115.0,0.0012741740904138581,0.0012701758729749232,1.0
3.0,0.0,116.0,0.0008939691012267007,0.0,0.0
3.0,0.0,117.0,0.0062526658201933,0.0,0.0
3.0,0.0,118.0,0.004657982547468928,0.07265377506240597,0.0
3.0,0.0,119.0,0.002664687951676706,0.0035172553999744255,1.0
3.0,0.0,120.0,0.0060115135617569305,0.05958362524833845,1.0
3.0,0.0,121.0,0.006157782469417907,0.06780091982158609,0.0
3.0,0.0,122.0,0.0023083819389845845,2.215852413679404,1.0
3.0,0.0,123.0,0.002700518792412447,0.01142129237227032,1.0
3.0,0.0,124.0,0.0018788321012088312,0.0066336745813528305,1.0
3.0,0.0,125.0,0.0023743974986772482,0.0005103607240362132,1.0
3.0,0.0,126.0,0.004629323209962516,1.1665664180192292,1.0
3.0,0.0,127.0,0.0046594190508337015,0.023097085799772713,0.0
3.0,0.0,128.0,0.006376690047191256,0.7306677667832364,1.0
3.0,0.0,129.0,0.0025359182914608293,0.027089637235334564,1.0
3.0,0.0,130.0,0.000595147840485162,0.0007906271801056651,1.0
3.0,0.0,131.0,0.0020823416495224885,0.007887713133364348,1.0
3.0,0.0,132.0,0.0013182722112842571,0.0,0.0
3.0,0.0,133.0,0.003005055443076651,3.672277047443737,1.0
3.0,0.0,134.0,0.001150940199781328,0.00011312899908664332,1.0
3.0,0.0,135.0,0.0011132233811116375,0.01124368578637677,1.0
3.0,0.0,136.0,0.000805487622108859,0.08857699333156846,1.0
3.0,0.0,137.0,0.0009531166199873557,0.004990212304161054,1.0
3.0,0.0,138.0,0.006521733420395292,0.028385058759302043,0.0
3.0,0.0,139.0,0.0016356810483729451,0.0,0.0
3.0,0.0,140.0,0.0021606345278961945,0.9629964815875889,1.0
3.0,0.0,141.0,0.001941045731659189,0.002745592200006902,0.0
3.0,0.0,142.0,0.0018409226843262411,0.0012893843385624138,1.0
3.0,0.0,143.0,0.00603250096468622,0.02200567305944777,1.0
3.0,0.0,144.0,0.0019522319718215668,0.00809715421543088,1.0
3.0,0.0,145.0,0.0007225392393623507,0.0005169141005978848,0.0
3.0,0.0,146.0,0.0007965765554267096,0.059207896240725096,1.0
3.0,0.0,147.0,0.004262001884354286,0.0016769113681514688,1.0
3.0,0.0,148.0,0.002593032026871669,2.348578428762179,1.0
3.0,0.0,149.0,0.000724562867076137,0.23892220329430497,1.0
3.0,0.0,150.0,0.001607169975258908,0.0024604759520600217,0.0
3.0,0.0,151.0,0.00393674652949205,0.023411870784046482,1.0
3.0,0.0,152.0,0.0019949406326952523,0.0005874588727923973,0.0
3.0,0.0,153.0,0.0030950636756450086,0.0,0.0
3.0,0.0,154.0,0.0042030120652113015,0.00089993571606972,1.0
3.0,0.0,155.0,0.004611376469425376,0.011590249407474785,0.0
3.0,0.0,156.0,0.006050525716673118,0.05881188193483495,1.0
3.0,0.0,157.0,0.003393197952718888,0.0,0.0
3.0,0.0,158.0,0.0005411868416385478,0.007976062042446058,1.0
3.0,0.0,159.0,0.029277107735882543,1.312241495595299,1.0
3.0,0.0,160.0,0.0038176131501695965,1.2876210915272541,1.0
3.0,0.0,161.0,0.005861456187310445,0.0,0.0
3.0,0.0,162.0,0.0011407075022861067,0.011091568307836594,1.0
3.0,0.0,163.0,0.005788570395106038,0.008536500560009024,1.0
3.0,0.0,164.0,0.006046543494965814,0.038398787121079234,1.0
3.0,0.0,165.0,0.004048394274070402,6.007343351220692e-05,0.0
3.0,0.0,166.0,0.00423727244587798,0.0004298008207301523,1.0
3.0,0.0,167.0,0.0033832074061808984,0.006035963698631002,1.0
3.0,0.0,168.0,0.0027623015008075326,0.0,0.0
3.0,0.0,169.0,0.0005740219066270882,0.00016289288391053096,1.0
3.0,0.0,170.0,0.001020166685641226,0.14257883207638397,1.0
3.0,0.0,171.0,0.0014330737654265776,0.21952568275100576,1.0
3.0,0.0,172.0,0.001510026404527567,0.21809226920962924,1.0
3.0,0.0,173.0,0.002222839334788055,0.04410662286810257,1.0
3.0,0.0,174.0,0.002699808272579912,0.19113816751193038,1.0
3.0,0.0,175.0,0.00171264852945872,0.00223186331869429,1.0
3.0,0.0,176.0,0.0034327007219543213,0.6642253279927789,1.0
3.0,0.0,177.0,0.0007517438878871788,0.013652665199946082,0.0
3.0,0.0,178.0,0.007454938787223923,0.49552376421517574,1.0
3.0,0.0,179.0,0.0017040798632663725,0.4906138406451991,1.0
3.0,0.0,180.0,0.005763253248560833,12.485717655649633,1.0
3.0,0.0,181.0,0.0009673862302203831,0.13577303721149891,1.0
3.0,0.0,182.0,0.0028114621978762478,0.11125443735355746,1.0
3.0,0.0,183.0,0.001018744660706987,0.017451876692892523,0.0
3.0,0.0,184.0,0.006072510787603804,9.139804983566956e-05,1.0
3.0,0.0,185.0,0.0018546303879685062,1.2731569169358772,1.0
3.0,0.0,186.0,0.0007925887877415706,0.0205203372429103,0.0
3.0,0.0,187.0,0.001855643239223676,3.393041870832416e-06,0.0
3.0,0.0,188.0,0.002430423494902849,1.5462282249610784,1.0
3.0,0.0,189.0,0.0016561538824780766,1.5799937207188137e-05,0.0
3.0,0.0,190.0,0.0005091271086782704,0.0049180926200384735,1.0
3.0,0.0,191.0,0.0045231232229290385,0.016055629880699272,1.0
3.0,0.0,192.0,0.0007056439001641992,0.003956979366658472,1.0
3.0,0.0,193.0,0.0012418914952343626,0.028869148150032165,1.0
3.0,0.0,194.0,0.005289181116083677,1.6080133810011563,1.0
3.0,0.0,195.0,0.0038577046551632526,0.020982410513301183,1.0
3.0,0.0,196.0,0.0012439411795208077,0.0036046892516536843,1.0
3.0,0.0,197.0,0.005522767657361118,0.002916942701043978,1.0
3.0,0.0,198.0,0.006041323321249766,0.04936137701093007,1.0
3.0,0.0,199.0,0.006113936198357953,0.0002988992604367243,1.0
3.0,0.0,200.0,0.0027058591260607076,0.006630189681974414,1.0
3.0,0.0,201.0,0.005445124749039516,0.0,0.0
3.0,0.0,202.0,0.0063323371548209585,0.0,0.0
3.0,0.0,203.0,0.0013568885559296585,0.04773135194205703,1.0
3.0,0.0,204.0,0.005740072545527248,0.00017943816255173295,1.0
3.0,0.0,205.0,0.0030387670445007767,0.0,0.0
3.0,0.0,206.0,0.006673250394479306,1.911097076979663,1.0
3.0,0.0,207.0,0.002276795382977571,0.0,0.0
3.0,0.0,208.0,0.00047136338645956897,0.1268996142823356,1.0
3.0,0.0,209.0,0.004093111541620055,0.2220823931769306,1.0
3.0,0.0,210.0,0.00618154626632764,0.0002699908303836921,1.0
3.0,0.0,211.0,0.0074784920263238335,3.4130183035943076,1.0
3.0,0.0,212.0,0.004909482875917907,5.805244397781268,1.0
3.0,0.0,213.0,0.0043040666108809834,0.0,0.0
3.0,0.0,214.0,0.0021626060206824073,0.0007262531858895129,0.0
3.0,0.0,215.0,0.006250195310747105,0.0013877511941784001,1.0
3.0,0.0,216.0,0.0046216735959114215,0.00022452957976670218,1.0
3.0,0.0,217.0,0.005524427624189662,5.185420501285706,1.0
3.0,0.0,218.0,0.0006323692833759591,0.02845616236144015,1.0
3.0,0.0,219.0,0.00625532123124832,0.0,0.0
3.0,0.0,220.0,0.0008499860641734246,0.003774362542348835,0.0
3.0,0.0,221.0,0.0021308373560912745,0.19101044640404363,1.0
3.0,0.0,222.0,0.007662162071917003,0.016642214843772606,1.0
3.0,0.0,223.0,0.0059423577497939245,0.0432712043905462,1.0
3.0,0.0,224.0,0.006184254461547146,0.00012755665274099133,1.0
3.0,0.0,225.0,0.0018360723093832532,0.0,0.0
3.0,0.0,226.0,0.0013460964294789222,1.848326511352702,1.0
3.0,0.0,227.0,0.0012680569996367337,7.619332765282514e-05,1.0
3.0,0.0,228.0,0.0023025468987069257,0.19200810533807453,1.0
3.0,0.0,229.0,0.0028023609557031085,0.0007609530179691559,1.0
3.0,0.0,230.0,0.005452925850223784,0.001158630091881975,1.0
3.0,0.0,231.0,0.0022202213529396936,8.452781226880789e-05,0.0
3.0,0.0,232.0,0.0007484388384440784,0.0,0.0
3.0,0.0,233.0,0.006423583237330256,0.0015762704902467022,0.0
3.0,0.0,234.0,0.0010864103585307443,0.0006277378731074605,1.0
3.0,0.0,235.0,0.0008823151797189425,0.07831589098664193,1.0
3.0,0.0,236.0,0.0021629626239267254,6.0324579402294806e-05,1.0
3.0,0.0,237.0,0.002454046744060351,3.867876920556034,1.0
3.0,0.0,238.0,0.0006169391812321335,3.47223096539222e-05,1.0
3.0,0.0,239.0,0.006066372251169024,0.0,0.0
3.0,0.0,240.0,0.001502139850958653,0.000932894764238536,1.0
3.0,0.0,241.0,0.001838818589837735,0.002614934131581647,0.0
3.0,0.0,242.0,0.0065047358088094025,0.5637878155380693,1.0
3.0,0.0,243.0,0.003826280653448124,0.00028446180904889403,1.0
3.0,0.0,244.0,0.0066525388084667505,0.0,0.0
3.0,0.0,245.0,0.006198769525505643,0.0,0.0
3.0,0.0,246.0,0.0016092611433686644,1.0843057818938896e-05,1.0
3.0,0.0,247.0,0.0025635381295022793,0.020601448050060273,0.0
3.0,0.0,248.0,0.0034802472566325144,0.009305387872679783,1.0
3.0,0.0,249.0,0.002093741869200528,0.010910945292376377,1.0
3.0,0.0,250.0,0.006670465992484305,0.0,0.0
3.0,0.0,251.0,0.001521172432543076,0.51009817598238,1.0
3.0,0.0,252.0,0.0018857099484259638,0.010900682180205998,1.0
3.0,0.0,253.0,0.007122646601510892,0.02335740667132,0.0
3.0,0.0,254.0,0.0025341745250061125,0.1816958111852097,1.0
3.0,0.0,255.0,0.002255482201599896,0.0,0.0
3.0,0.0,256.0,0.0016188054749979052,4.3656903220325006e-05,1.0
3.0,0.0,257.0,0.0026281178406634565,0.16275008976035454,1.0
3.0,0.0,258.0,0.0013749683206443833,4.148367618352082e-05,0.0
3.0,0.0,259.0,0.0012240774882828552,1.1277974973712996e-05,1.0
3.0,0.0,260.0,0.0029611195669918123,0.0,0.0
3.0,0.0,261.0,0.0016158878665569814,5.9349479010299894e-05,1.0
3.0,0.0,262.0,0.0031687395756047655,1.5825593485348514e-05,0.0
3.0,0.0,263.0,0.003844576009299154,0.03275335737347627,1.0
3.0,0.0,264.0,0.001794430537488359,0.003128506033496768,1.0
3.0,0.0,265.0,0.001593716393186412,0.03549405849301631,1.0
3.0,0.0,266.0,0.005538619984948795,0.018671345223488064,1.0
3.0,0.0,267.0,0.0017438539885896874,0.0018827493315958649,1.0
3.0,0.0,268.0,0.006068787137329709,0.00013424571317786178,1.0
3.0,0.0,269.0,0.001048922576548397,0.0264688907351339,1.0
3.0,0.0,270.0,0.0014706712283235764,0.007645366180477025,1.0
3.0,0.0,271.0,0.0007775901786077413,0.004128480555297016,1.0
3.0,0.0,272.0,0.005650871617625209,0.0010136283121696828,1.0
3.0,0.0,273.0,0.004325938911206338,0.11885664629409032,1.0
3.0,0.0,274.0,0.0020714522661014734,0.029282861886562667,1.0
3.0,0.0,275.0,0.0017876863080217734,3.7246923752341177,1.0
3.0,0.0,276.0,0.004214264790553791,0.00021892436093520783,0.0
3.0,0.0,277.0,0.0019950281733855622,8.407345968737017e-05,1.0
3.0,0.0,278.0,0.004484222054449187,0.0,0.0
3.0,0.0,279.0,0.0007355690444686155,0.0005807954248850022,1.0
3.0,0.0,280.0,0.001585958341342107,0.00015479086049235803,1.0
3.0,0.0,281.0,0.0019317132552874984,0.0,0.0
3.0,0.0,282.0,0.0023057621157801084,0.12489885061300451,1.0
3.0,0.0,283.0,0.0060507327974476995,6.897798543558988,1.0
3.0,0.0,284.0,0.006139754954123274,0.0,0.0
3.0,0.0,285.0,0.0009628337304826569,0.0,0.0
3.0,0.0,286.0,0.0020037771839828138,10.282872293396426,1.0
3.0,0.0,287.0,0.0010906967543787662,0.003989896346596501,1.0
3.0,0.0,288.0,0.003343170997580871,0.0022541062082362044,0.0
3.0,0.0,289.0,0.0008762492660130904,1.3396254923422033e-05,0.0
3.0,0.0,290.0,0.004753328029706719,0.05088541509035733,1.0
3.0,0.0,291.0,0.001400933510975246,0.0719684118366634,1.0
3.0,0.0,292.0,0.001262658730204434,0.03335606961203965,1.0
3.0,0.0,293.0,0.0024953728153454023,0.008687046504561083,0.0
3.0,0.0,294.0,0.005523359467447952,0.17355222995264055,1.0
3.0,0.0,295.0,0.0018896485793920511,2.858668328937092e-05,0.0
3.0,0.0,296.0,0.0026254091726928574,0.00014587514369575008,1.0
3.0,0.0,297.0,0.001519651953496116,0.0007896787965353079,1.0
3.0,0.0,298.0,0.0017739756773922123,1.7300210759246244e-06,0.0
3.0,0.0,299.0,0.0011939372657863493,0.062109382030499115,1.0
3.0,0.0,300.0,0.0046608454784157465,0.0,0.0
3.0,0.0,301.0,0.0023357285655828982,0.0,0.0
3.0,0.0,302.0,0.001078264130322724,0.0064112429918409325,1.0
3.0,0.0,303.0,0.0017865781583154747,0.5560114571081354,1.0
3.0,0.0,304.0,0.0017414653712493357,0.03780597908730211,1.0
3.0,0.0,305.0,0.00605134495460748,0.022049743132541922,1.0
3.0,0.0,306.0,0.006399719698624824,0.0004933706242594188,1.0
3.0,0.0,307.0,0.00199162893197839,0.0,0.0
3.0,0.0,308.0,0.0008734541448446911,0.14002761318731796,1.0
3.0,0.0,309.0,0.0032096881297511625,6.095917031483292,1.0
3.0,0.0,310.0,0.000524351239494905,0.00010081014583090756,1.0
3.0,0.0,311.0,0.0014305896845235506,0.002482876714173988,1.0
3.0,0.0,312.0,0.0014723334700558334,0.0,0.0
3.0,0.0,313.0,0.0010681677860299777,0.0037483838419258065,1.0
3.0,0.0,314.0,0.0020678370601854893,0.0,0.0
3.0,0.0,315.0,0.006749484021686814,0.031091349580686954,1.0
3.0,0.0,316.0,0.006587179099497967,0.011259961639588211,1.0
3.0,0.0,317.0,0.0013148692642153533,6.741632832332203e-05,1.0
3.0,0.0,318.0,0.002462769701933859,3.5002170592892394,1.0
3.0,0.0,319.0,0.0006112697827890515,5.970919860294522e-05,1.0
3.0,0.0,320.0,0.006662465674180648,0.5054904780340649,1.0
3.0,0.0,321.0,0.0023167068667580863,0.016610373272023658,1.0
3.0,0.0,322.0,0.0006800953510877969,0.14472768378619624,1.0
3.0,0.0,323.0,0.0031854339919313453,0.0,0.0
3.0,0.0,324.0,0.0018813413248715467,0.0,0.0
3.0,0.0,325.0,0.00047307203854064447,5.656790205453632e-05,1.0
3.0,0.0,326.0,0.0012517677778683097,0.0005401769339871117,0.0
3.0,0.0,327.0,0.004617835584000019,0.15123597969898972,1.0
3.0,0.0,328.0,0.0036207298529584136,0.02437498953215569,0.0
3.0,0.0,329.0,0.0032343421222652937,0.005418262681713477,1.0
3.0,0.0,330.0,0.0027179054619032627,0.0007508699036492643,1.0
3.0,0.0,331.0,0.001183654546845377,0.0,0.0
3.0,0.0,332.0,0.0008502313922479646,0.28746348036114494,1.0
3.0,0.0,333.0,0.0029539552969184576,0.00016704761729653805,1.0
3.0,0.0,334.0,0.006033720292200263,0.08387276303215446,1.0
3.0,0.0,335.0,0.0034620051945275575,0.008485515773711639,1.0
3.0,0.0,336.0,0.006477950659041537,2.643642159210899e-06,0.0
3.0,0.0,337.0,0.0067620127268878845,0.003029498681870191,1.0
3.0,0.0,338.0,0.005549666013895611,0.00022721761832309709,0.0
3.0,0.0,339.0,0.0014771247490795807,0.39410072074955954,1.0
3.0,0.0,340.0,0.0030979755819146157,0.0,0.0
3.0,0.0,341.0,0.0019737183164375864,0.0,0.0
3.0,0.0,342.0,0.0015630867253689843,4.76472690069007e-05,0.0
3.0,0.0,343.0,0.0060678945890407536,0.022909589909088236,1.0
3.0,0.0,344.0,0.006109498493553205,0.006794882729095698,1.0
3.0,0.0,345.0,0.0011207633189272911,0.03088455058605561,1.0
3.0,0.0,346.0,0.002408631972035661,0.0004579098843103544,1.0
3.0,0.0,347.0,0.0012531698871369934,0.0,0.0
3.0,0.0,348.0,0.0005668074881440836,0.0,0.0
3.0,0.0,349.0,0.0029002954261751813,0.0024859364678278405,1.0
3.0,0.0,350.0,0.0013605350646611458,4.46732994095833e-05,0.0
3.0,0.0,351.0,0.0060743232341694585,5.099144489932219,1.0
3.0,0.0,352.0,0.0030851409389394237,0.0,0.0
3.0,0.0,353.0,0.0012238363001624895,0.0013755861539857556,1.0
3.0,0.0,354.0,0.0005681923837889985,0.020111242082778407,1.0
3.0,0.0,355.0,0.0015022885952561725,0.0,0.0
3.0,0.0,356.0,0.00481896279485608,0.006637876459200731,1.0
3.0,0.0,357.0,0.005202751589582607,0.006930041577511548,1.0
3.0,0.0,358.0,0.0052093947568514435,0.027491790147903806,1.0
3.0,0.0,359.0,0.006362401136752655,0.0020646327519281403,1.0
3.0,0.0,360.0,0.002554362530606317,0.1074135638198179,1.0
3.0,0.0,361.0,0.002040502315360635,0.0405122278265003,1.0
3.0,0.0,362.0,0.0010829463339833791,0.021773786001401306,1.0
3.0,0.0,363.0,0.00221344315281817,0.0,0.0
3.0,0.0,364.0,0.004542611899176824,0.00332366315818746,1.0
3.0,0.0,365.0,0.00661347575774446,0.024569238010913555,1.0
3.0,0.0,366.0,0.00636139056158961,3.411094164593103e-05,1.0
3.0,0.0,367.0,0.001321318538013697,1.0786994232181168e-06,0.0
3.0,0.0,368.0,0.0015431241725420168,0.003082840307226151,0.0
3.0,0.0,369.0,0.0006719334550346697,0.0001656924963835055,0.0
3.0,0.0,370.0,0.0016442344653451624,0.01595742800006537,1.0
3.0,0.0,371.0,0.002779018996399793,0.00019630283011660719,1.0
3.0,0.0,372.0,0.000844771401428041,0.21182379709920693,1.0
3.0,0.0,373.0,0.009043108523884255,4.6905606273865414,1.0
3.0,0.0,374.0,0.006494092520584649,0.0,0.0
3.0,0.0,375.0,0.0002650460090219611,0.009036810159032425,1.0
3.0,0.0,376.0,0.002643183819003356,9.37749469656633,1.0
3.0,0.0,377.0,0.001848561840857425,7.830460086258022,1.0
3.0,0.0,378.0,0.0017003189134948277,0.0,0.0
3.0,0.0,379.0,0.0009730588430768494,0.0,0.0
3.0,0.0,380.0,0.0027057742621020256,0.053576158012690916,1.0
3.0,0.0,381.0,0.0010417262933339953,2.1184406906207074,1.0
3.0,0.0,382.0,0.0011333642617920897,0.0,0.0
3.0,0.0,383.0,0.0009785157375149238,0.024887366559831467,1.0
3.0,0.0,384.0,0.0016960710340142102,0.001982473364012176,1.0
3.0,0.0,385.0,0.006043569182134773,0.18828658264999737,1.0
3.0,0.0,386.0,0.005659365323799828,0.468451583611304,1.0
3.0,0.0,387.0,0.006158403050252477,0.00012203547468998684,1.0
3.0,0.0,388.0,0.000909823371358907,0.002124498721906067,1.0
3.0,0.0,389.0,0.002167031134907707,0.029225137752476666,1.0
3.0,0.0,390.0,0.0007255884121384322,0.003715667300072304,1.0
3.0,0.0,391.0,0.0012982183941485663,0.0,0.0
3.0,0.0,392.0,0.001214038890989863,0.010377012402430998,1.0
3.0,0.0,393.0,0.0014932161075797996,0.0,0.0
3.0,0.0,394.0,0.003691509835407116,5.190274479583197,1.0
3.0,0.0,395.0,0.0007125338860513946,1.9491379310285223e-06,1.0
3.0,0.0,396.0,0.0035891910706749557,0.0005515477705018527,1.0
3.0,0.0,397.0,0.0031100111810407833,0.25944966392729113,1.0
3.0,0.0,398.0,0.0018164110324314408,0.03528793105612952,1.0
3.0,0.0,399.0,0.0034272386126962167,0.002284539418033372,1.0
3.0,0.022363011876529712,0.0,0.003981761721888982,0.008382531884443737,1.0
3.0,0.022363011876529712,1.0,0.0004416185356684515,0.07892122159077945,1.0
3.0,0.022363011876529712,2.0,0.00044001065629078085,0.00460522262178691,1.0
3.0,0.022363011876529712,3.0,0.0017591593413198517,0.0012208152059009325,1.0
3.0,0.022363011876529712,4.0,0.000477867249215341,0.00980212325551846,1.0
3.0,0.022363011876529712,5.0,0.0018621098727775603,0.0008973968608256184,1.0
3.0,0.022363011876529712,6.0,0.0023498698294502594,0.0,0.0
3.0,0.022363011876529712,7.0,0.006359601866075054,0.0,0.0
3.0,0.022363011876529712,8.0,0.006049536863199684,0.008115153241827265,1.0
3.0,0.022363011876529712,9.0,0.003977420380976527,0.0010727018525898743,1.0
3.0,0.022363011876529712,10.0,0.0015955596404785687,0.023694966685656852,1.0
3.0,0.022363011876529712,11.0,0.0015168026383304664,0.0925633588806752,1.0
3.0,0.022363011876529712,12.0,0.0006651903307582126,0.0,0.0
3.0,0.022363011876529712,13.0,0.004395359339789521,0.0,0.0
3.0,0.022363011876529712,14.0,0.005717066679997759,0.01913844024516166,1.0
3.0,0.022363011876529712,15.0,0.0047490039472312985,0.0,0.0
3.0,0.022363011876529712,16.0,0.01899276053316224,3.8536370800278946e-08,0.0
3.0,0.022363011876529712,17.0,0.006050876369769462,0.005738867303330763,1.0
3.0,0.022363011876529712,18.0,0.004315318832110429,5.2395430086124276e-05,0.0
3.0,0.022363011876529712,19.0,0.003918063803790875,0.000980544618780971,1.0
3.0,0.022363011876529712,20.0,0.005755634976932561,0.9527793352544576,1.0
3.0,0.022363011876529712,21.0,0.0042368632525688985,6.0554323664094875e-06,1.0
3.0,0.022363011876529712,22.0,0.0013589551654778224,0.0,0.0
3.0,0.022363011876529712,23.0,0.006410036105172963,0.003275284074494156,1.0
3.0,0.022363011876529712,24.0,0.001184525214431432,0.0003124442068245681,0.0
3.0,0.022363011876529712,25.0,0.0016595930165180807,0.05963089353109589,1.0
3.0,0.022363011876529712,26.0,0.00044879766441062257,0.0001787238260139762,0.0
3.0,0.022363011876529712,27.0,0.004310446246224126,0.03677478269847144,1.0
3.0,0.022363011876529712,28.0,0.007387133476888632,2.745190785398869,1.0
3.0,0.022363011876529712,29.0,0.0003976766923289468,0.007712368465096838,1.0
3.0,0.022363011876529712,30.0,0.006386282204160359,3.31420741805016e-05,1.0
3.0,0.022363011876529712,31.0,0.0017363720727278883,0.010298876452680975,1.0
3.0,0.022363011876529712,32.0,0.004035158989545612,0.000736713644817379,1.0
3.0,0.022363011876529712,33.0,0.0006661030660540539,0.013277225703488849,1.0
3.0,0.022363011876529712,34.0,0.002032233224807385,1.9332418820921269,1.0
3.0,0.022363011876529712,35.0,0.004574304686949928,0.0016648711106244773,0.0
3.0,0.022363011876529712,36.0,0.006304013951206897,0.002391124870199465,1.0
3.0,0.022363011876529712,37.0,0.0009554903797805395,0.0007489703700739954,1.0
3.0,0.022363011876529712,38.0,0.022833153183773,0.07423014483807368,1.0
3.0,0.022363011876529712,39.0,0.0016559710443133225,0.09786750487139385,1.0
3.0,0.022363011876529712,40.0,0.00570800331517447,0.08839841586800685,1.0
3.0,0.022363011876529712,41.0,0.000671613094937409,0.0,0.0
3.0,0.022363011876529712,42.0,0.0016440842358067774,0.009576615081496896,1.0
3.0,0.022363011876529712,43.0,0.0007272355462659263,0.019790305606733272,0.0
3.0,0.022363011876529712,44.0,0.0033726727105371475,6.233851286375404,1.0
3.0,0.022363011876529712,45.0,0.0054397791123256545,0.0,0.0
3.0,0.022363011876529712,46.0,0.001924558221907143,0.0,0.0
3.0,0.022363011876529712,47.0,0.007017842328604997,3.5549342862046207,1.0
3.0,0.022363011876529712,48.0,0.005387391601272058,0.0006078944830955487,1.0
3.0,0.022363011876529712,49.0,0.015873254804473998,0.006410916629922905,1.0
3.0,0.022363011876529712,50.0,0.0016101951257371633,0.24729388659818954,1.0
3.0,0.022363011876529712,51.0,0.004814149491943382,1.0428878891586537,1.0
3.0,0.022363011876529712,52.0,0.004461753077725609,0.0019053357303600094,1.0
3.0,0.022363011876529712,53.0,0.0019477511664878924,0.02072071135685941,1.0
3.0,0.022363011876529712,54.0,0.0028742821252464913,1.9056033674825055,1.0
3.0,0.022363011876529712,55.0,0.006594622728716306,0.6580386706291597,1.0
3.0,0.022363011876529712,56.0,0.0013639228139740982,0.001123001281802519,1.0
3.0,0.022363011876529712,57.0,0.0017424865609143665,2.8952866393934475,1.0
3.0,0.022363011876529712,58.0,0.006059101317552565,7.623783906379569e-05,1.0
3.0,0.022363011876529712,59.0,0.002069700013141869,0.0,0.0
3.0,0.022363011876529712,60.0,0.00568546106540872,0.0,0.0
3.0,0.022363011876529712,61.0,0.0016905195757596977,0.0,0.0
3.0,0.022363011876529712,62.0,0.002648676750991412,1.6404135592970748,1.0
3.0,0.022363011876529712,63.0,0.004906927598995529,0.0,0.0
3.0,0.022363011876529712,64.0,0.0025552438390397,0.002337176169902513,0.0
3.0,0.022363011876529712,65.0,0.0013799465487529376,0.00031468834327112515,0.0
3.0,0.022363011876529712,66.0,0.001551081678005353,0.028992799951021365,1.0
3.0,0.022363011876529712,67.0,0.003916613348578787,0.10532733714633544,1.0
3.0,0.022363011876529712,68.0,0.001861493490428695,0.0,0.0
3.0,0.022363011876529712,69.0,0.021308178862275182,3.126891149618581e-05,0.0
3.0,0.022363011876529712,70.0,0.00559174369296605,0.21727369378945835,1.0
3.0,0.022363011876529712,71.0,0.005271022966807435,0.0010890457845943618,1.0
3.0,0.022363011876529712,72.0,0.006368071546324434,0.02615326578539686,1.0
3.0,0.022363011876529712,73.0,0.000522668857871049,1.235946801154683e-05,1.0
3.0,0.022363011876529712,74.0,0.0007294816214636734,0.0,0.0
3.0,0.022363011876529712,75.0,0.003538389995713249,2.888360357042948,1.0
3.0,0.022363011876529712,76.0,0.0018381435773698984,2.82799925376785,1.0
3.0,0.022363011876529712,77.0,0.0005287084442317943,0.13987959410123704,1.0
3.0,0.022363011876529712,78.0,0.0006181836643463481,0.0,0.0
3.0,0.022363011876529712,79.0,0.006467722729683876,0.0,0.0
3.0,0.022363011876529712,80.0,0.0018541627977864765,0.0,0.0
3.0,0.022363011876529712,81.0,0.0022440552524292576,0.0009501621222028873,0.0
3.0,0.022363011876529712,82.0,0.005923700903169016,0.08350455433311738,1.0
3.0,0.022363011876529712,83.0,0.00047105997132539465,0.031004006756156305,1.0
3.0,0.022363011876529712,84.0,0.005428131536787331,1.2093243275256467,1.0
3.0,0.022363011876529712,85.0,0.005613540090711367,0.0004648121655280563,1.0
3.0,0.022363011876529712,86.0,0.001112574292596661,0.0005946228380557037,1.0
3.0,0.022363011876529712,87.0,0.0012287682585763733,0.005354974772351391,0.0
3.0,0.022363011876529712,88.0,0.001358494225501564,0.0017762499729746845,0.0
3.0,0.022363011876529712,89.0,0.0020533738805281017,6.446071387071732,1.0
3.0,0.022363011876529712,90.0,0.00039921148346484233,0.0038429558946788535,1.0
3.0,0.022363011876529712,91.0,0.0009903122708104309,0.013681977801758347,1.0
3.0,0.022363011876529712,92.0,0.005243892459867427,3.8341064466445003,1.0
3.0,0.022363011876529712,93.0,0.0013677909945515258,0.0014610887903764257,0.0
3.0,0.022363011876529712,94.0,0.0016301640763184844,0.0020524230176234325,1.0
3.0,0.022363011876529712,95.0,0.0018280523221503463,0.020532621187468562,0.0
3.0,0.022363011876529712,96.0,0.004149482153067222,0.02386755231990994,0.0
3.0,0.022363011876529712,97.0,0.006112082760382002,0.0009160758483750655,1.0
3.0,0.022363011876529712,98.0,0.0005827006621829559,0.002043260387421552,1.0
3.0,0.022363011876529712,99.0,0.006441756349136479,0.024420336766528675,0.0
3.0,0.022363011876529712,100.0,0.006198836859887372,0.01522518417987456,1.0
3.0,0.022363011876529712,101.0,0.0037020073584991204,0.03300015932968368,1.0
3.0,0.022363011876529712,102.0,0.000547588775688846,0.0015738718701199745,1.0
3.0,0.022363011876529712,103.0,0.0006195493304334667,0.0012709208922550058,1.0
3.0,0.022363011876529712,104.0,0.00031208754868124617,0.0024264832777034285,1.0
3.0,0.022363011876529712,105.0,0.0014976074802111941,0.0,0.0
3.0,0.022363011876529712,106.0,0.005225394247947003,0.977641137420386,1.0
3.0,0.022363011876529712,107.0,0.022014929602605766,0.0,0.0
3.0,0.022363011876529712,108.0,0.006680926090145063,0.5285347911490401,1.0
3.0,0.022363011876529712,109.0,0.0008090432015099307,0.0,0.0
3.0,0.022363011876529712,110.0,0.0004316772740275569,0.0002561255838310181,1.0
3.0,0.022363011876529712,111.0,0.006544064390429328,3.9975245972335713,1.0
3.0,0.022363011876529712,112.0,0.005971750809195695,0.001526739914789021,1.0
3.0,0.022363011876529712,113.0,0.0057297719053761385,0.4987603835084953,1.0
3.0,0.022363011876529712,114.0,0.00046215486568748426,0.007766272620198005,1.0
3.0,0.022363011876529712,115.0,0.0005396286736561085,0.0011319753565167177,1.0
3.0,0.022363011876529712,116.0,0.0006576514846770761,0.0,0.0
3.0,0.022363011876529712,117.0,0.006541905459999022,0.0,0.0
3.0,0.022363011876529712,118.0,0.004657982547468928,0.07265377506240597,0.0
3.0,0.022363011876529712,119.0,0.002227978792693642,0.003548633409108402,1.0
3.0,0.022363011876529712,120.0,0.005535825557709247,0.06962236216536642,1.0
3.0,0.022363011876529712,121.0,0.00637786937357602,0.06488419565579716,0.0
3.0,0.022363011876529712,122.0,0.0019400927136310913,2.19017359502119,1.0
3.0,0.022363011876529712,123.0,0.0016486543722929801,0.010965243479617404,1.0
3.0,0.022363011876529712,124.0,0.000617038165320431,0.006278626008959847,1.0
3.0,0.022363011876529712,125.0,0.001903065564305223,0.0005199230455732603,1.0
3.0,0.022363011876529712,126.0,0.004838245663594686,1.532107972104157,1.0
3.0,0.022363011876529712,127.0,0.004456161625040002,0.020566819912774714,0.0
3.0,0.022363011876529712,128.0,0.006436366770990362,0.8023523478968627,1.0
3.0,0.022363011876529712,129.0,0.0009153589966209381,0.026788868907020615,1.0
3.0,0.022363011876529712,130.0,0.00042084839065475484,0.0005703633020528117,1.0
3.0,0.022363011876529712,131.0,0.0016232069782360242,0.007431874456808602,1.0
3.0,0.022363011876529712,132.0,0.000713107302696686,0.0,0.0
3.0,0.022363011876529712,133.0,0.0013602793494685958,4.157550970263378,1.0
3.0,0.022363011876529712,134.0,0.0005124558538593244,9.59668374209839e-05,1.0
3.0,0.022363011876529712,135.0,0.0009427139459346317,0.011240184575000532,1.0
3.0,0.022363011876529712,136.0,0.00042572279175039074,0.025759204563498003,1.0
3.0,0.022363011876529712,137.0,0.00042447860203931076,0.005259595792721773,1.0
3.0,0.022363011876529712,138.0,0.006322323108840537,0.021757997300864276,0.0
3.0,0.022363011876529712,139.0,0.0013411510166009347,0.0,0.0
3.0,0.022363011876529712,140.0,0.0014665678809994535,1.017784058660222,1.0
3.0,0.022363011876529712,141.0,0.0006681282491301866,0.002622170761267746,0.0
3.0,0.022363011876529712,142.0,0.000620936362002682,0.0009650406685384097,0.0
3.0,0.022363011876529712,143.0,0.006048002518108801,0.022622041951611487,1.0
3.0,0.022363011876529712,144.0,0.0016167488848025972,0.002093326341926105,1.0
3.0,0.022363011876529712,145.0,0.0005289639549080645,0.0004985000980949692,0.0
3.0,0.022363011876529712,146.0,0.0005750959355833533,0.020540022028458046,1.0
3.0,0.022363011876529712,147.0,0.004234638339180879,0.0012478126264641846,1.0
3.0,0.022363011876529712,148.0,0.0012431025255211284,2.4015492019859477,1.0
3.0,0.022363011876529712,149.0,0.0005663866055252073,0.214692854773281,1.0
3.0,0.022363011876529712,150.0,0.0020282612771593926,0.0015594437183899202,0.0
3.0,0.022363011876529712,151.0,0.0038786934549037335,0.024302725962807355,1.0
3.0,0.022363011876529712,152.0,0.0011493947158316674,0.0005593264521740259,0.0
3.0,0.022363011876529712,153.0,0.0018401633202158123,0.0,0.0
3.0,0.022363011876529712,154.0,0.003996493779852408,0.0008852758060246393,1.0
3.0,0.022363011876529712,155.0,0.004331892741657997,0.005160548113637658,0.0
3.0,0.022363011876529712,156.0,0.006050525716673118,0.0566085754860203,1.0
3.0,0.022363011876529712,157.0,0.0015691460793805052,0.0,0.0
3.0,0.022363011876529712,158.0,0.00044381479646313454,0.004847560687612884,1.0
3.0,0.022363011876529712,159.0,0.029451398298234913,1.1580916687776377,1.0
3.0,0.022363011876529712,160.0,0.00222009853237497,1.4575396401716945,1.0
3.0,0.022363011876529712,161.0,0.005686630183951447,0.0,0.0
3.0,0.022363011876529712,162.0,0.0006280096311607076,0.006498252455719622,1.0
3.0,0.022363011876529712,163.0,0.0053598460416814965,0.008419272555844303,1.0
3.0,0.022363011876529712,164.0,0.006419368352052975,0.02215145452555533,0.0
3.0,0.022363011876529712,165.0,0.004102094263968459,4.617861802511881e-05,0.0
3.0,0.022363011876529712,166.0,0.0040442034751058155,0.00040368429675317403,1.0
3.0,0.022363011876529712,167.0,0.0025107581676193885,0.0059787262031062395,1.0
3.0,0.022363011876529712,168.0,0.0014624893844767677,0.0,0.0
3.0,0.022363011876529712,169.0,0.0005359998917693747,9.545944939856224e-05,1.0
3.0,0.022363011876529712,170.0,0.0003640871962625439,0.026225330779901055,1.0
3.0,0.022363011876529712,171.0,0.000733265031575316,0.24900598223026957,1.0
3.0,0.022363011876529712,172.0,0.0008309786997085578,0.225206098917023,1.0
3.0,0.022363011876529712,173.0,0.0007094081298871875,0.047645310976986335,1.0
3.0,0.022363011876529712,174.0,0.0012734024496358887,0.029989933494684387,0.0
3.0,0.022363011876529712,175.0,0.0006181309818131652,0.002337637162345534,1.0
3.0,0.022363011876529712,176.0,0.0016618832250217806,0.7862899362964647,1.0
3.0,0.022363011876529712,177.0,0.00048444607899036696,0.01364694263575353,0.0
3.0,0.022363011876529712,178.0,0.007565447013563452,0.49124163508946844,1.0
3.0,0.022363011876529712,179.0,0.0012145142610435356,0.27553279463000874,1.0
3.0,0.022363011876529712,180.0,0.0053210523693726615,12.92967922758893,1.0
3.0,0.022363011876529712,181.0,0.0006329642918460947,0.11711582073808005,1.0
3.0,0.022363011876529712,182.0,0.0023758688297990742,0.11140065956136533,1.0
3.0,0.022363011876529712,183.0,0.0005742126329177931,0.012999768280098219,0.0
3.0,0.022363011876529712,184.0,0.006070187762258899,9.104955117057957e-05,1.0
3.0,0.022363011876529712,185.0,0.0021975646527467316,1.2470235926276747,1.0
3.0,0.022363011876529712,186.0,0.0005191049011854854,0.018974237065285404,0.0
3.0,0.022363011876529712,187.0,0.0005909689509750551,2.156806445288601e-06,0.0
3.0,0.022363011876529712,188.0,0.0012973942825323802,1.842983442189199,1.0
3.0,0.022363011876529712,189.0,0.002339159384722662,1.3463582117832436e-05,0.0
3.0,0.022363011876529712,190.0,0.0004891390417021987,0.005239501863879879,1.0
3.0,0.022363011876529712,191.0,0.003963900362581459,0.01653643188103443,1.0
3.0,0.022363011876529712,192.0,0.0004340265069732521,0.0036510438468893938,1.0
3.0,0.022363011876529712,193.0,0.0011195371499251202,0.02434874238567358,1.0
3.0,0.022363011876529712,194.0,0.005276498368340389,1.227025956912285,1.0
3.0,0.022363011876529712,195.0,0.003070233903365824,0.023132794714797764,1.0
3.0,0.022363011876529712,196.0,0.001228095937739408,0.0037019408586094742,1.0
3.0,0.022363011876529712,197.0,0.005390318513529102,0.0030722660164601598,1.0
3.0,0.022363011876529712,198.0,0.006063654418066746,0.04811265031174204,1.0
3.0,0.022363011876529712,199.0,0.006328599140495407,0.00025540855651044736,1.0
3.0,0.022363011876529712,200.0,0.0017668198316973492,0.00612530476628339,1.0
3.0,0.022363011876529712,201.0,0.005680425746390533,0.0,0.0
3.0,0.022363011876529712,202.0,0.0063633591170499165,0.0,0.0
3.0,0.022363011876529712,203.0,0.00039000742797506917,0.05788389705926163,1.0
3.0,0.022363011876529712,204.0,0.005566956647735233,0.00015878147306466904,1.0
3.0,0.022363011876529712,205.0,0.0016045929951164096,0.0,0.0
3.0,0.022363011876529712,206.0,0.006316280568261048,1.9932865703499205,1.0
3.0,0.022363011876529712,207.0,0.002520582190953141,0.0,0.0
3.0,0.022363011876529712,208.0,0.0005049413782096927,0.12202153880499839,1.0
3.0,0.022363011876529712,209.0,0.003980178677313118,0.22611175769080108,1.0
3.0,0.022363011876529712,210.0,0.00618154626632764,0.0002699908303836921,1.0
3.0,0.022363011876529712,211.0,0.00788189592006811,3.6179021540197276,1.0
3.0,0.022363011876529712,212.0,0.004634424859643043,6.370927778477949,1.0
3.0,0.022363011876529712,213.0,0.004283473392392949,0.0,0.0
3.0,0.022363011876529712,214.0,0.0016557123051859782,0.0007188422009942111,0.0
3.0,0.022363011876529712,215.0,0.006250195310747105,0.0013877511941784001,1.0
3.0,0.022363011876529712,216.0,0.0046734311743518156,0.00022948399438341084,1.0
3.0,0.022363011876529712,217.0,0.004579351261703498,5.787296683397962,1.0
3.0,0.022363011876529712,218.0,0.0005652451781967781,0.023935578454054546,1.0
3.0,0.022363011876529712,219.0,0.006573370902677432,0.0,0.0
3.0,0.022363011876529712,220.0,0.0005569630359641778,0.0026313132338586,0.0
3.0,0.022363011876529712,221.0,0.0006328356833810015,0.34682697491073383,1.0
3.0,0.022363011876529712,222.0,0.006841507849028596,0.018047143669621766,1.0
3.0,0.022363011876529712,223.0,0.006041080517768287,0.04434564658717335,1.0
3.0,0.022363011876529712,224.0,0.006434716761936522,9.615211936512924e-05,1.0
3.0,0.022363011876529712,225.0,0.0005784927568809192,0.0,0.0
3.0,0.022363011876529712,226.0,0.0006709459478259916,2.589822285710982,1.0
3.0,0.022363011876529712,227.0,0.0010436917952038737,2.009098399685189e-05,0.0
3.0,0.022363011876529712,228.0,0.0017536388834204699,0.12923736546055622,1.0
3.0,0.022363011876529712,229.0,0.00166956708576272,0.0006026764933140665,1.0
3.0,0.022363011876529712,230.0,0.005655601470884572,0.0011768808916606357,1.0
3.0,0.022363011876529712,231.0,0.0005682046316950681,5.1995117719001606e-05,0.0
3.0,0.022363011876529712,232.0,0.0007195555776636405,0.0,0.0
3.0,0.022363011876529712,233.0,0.006241718288493525,0.0014214459269524743,0.0
3.0,0.022363011876529712,234.0,0.0004944073291938195,0.0006789658440668508,1.0
3.0,0.022363011876529712,235.0,0.0011187914847331105,0.02015454532708231,0.0
3.0,0.022363011876529712,236.0,0.001156902664823816,2.7024439184955816e-05,0.0
3.0,0.022363011876529712,237.0,0.002663633896131927,3.6778344046642477,1.0
3.0,0.022363011876529712,238.0,0.0005862488437605249,2.649864634822673e-05,1.0
3.0,0.022363011876529712,239.0,0.005758417574947643,0.0,0.0
3.0,0.022363011876529712,240.0,0.0014584488469102943,0.0009227958851724559,1.0
3.0,0.022363011876529712,241.0,0.0004723921058663392,0.001391566772136734,0.0
3.0,0.022363011876529712,242.0,0.0065047358088094025,0.5637878155380693,1.0
3.0,0.022363011876529712,243.0,0.0031057821200181877,0.00027195900736438157,1.0
3.0,0.022363011876529712,244.0,0.006360098557490595,0.0,0.0
3.0,0.022363011876529712,245.0,0.0064659438949605935,0.0,0.0
3.0,0.022363011876529712,246.0,0.0012332107010038307,1.0170755265626254e-05,1.0
3.0,0.022363011876529712,247.0,0.001642713116279881,0.019868636640154612,0.0
3.0,0.022363011876529712,248.0,0.0031307558560699712,0.007596006048511967,1.0
3.0,0.022363011876529712,249.0,0.0017023646026125838,0.009881373779946103,1.0
3.0,0.022363011876529712,250.0,0.0063471158617954835,0.0,0.0
3.0,0.022363011876529712,251.0,0.001521172432543076,0.51009817598238,1.0
3.0,0.022363011876529712,252.0,0.0006700171460218866,0.014854928070652584,1.0
3.0,0.022363011876529712,253.0,0.005552857108341425,0.01149634737025606,0.0
3.0,0.022363011876529712,254.0,0.001826249388375338,0.1907101923617945,1.0
3.0,0.022363011876529712,255.0,0.0008055859016739299,0.0,0.0
3.0,0.022363011876529712,256.0,0.0012633988676570814,3.569521376578785e-05,1.0
3.0,0.022363011876529712,257.0,0.001471112382339893,0.17720736084542799,1.0
3.0,0.022363011876529712,258.0,0.0018333520803555479,2.489263802684949e-05,0.0
3.0,0.022363011876529712,259.0,0.0004866143470557094,2.649801915127182e-06,0.0
3.0,0.022363011876529712,260.0,0.002778646542963819,0.0,0.0
3.0,0.022363011876529712,261.0,0.001529849712511763,5.359284602173577e-05,1.0
3.0,0.022363011876529712,262.0,0.0014516923072953715,8.946404011641713e-06,0.0
3.0,0.022363011876529712,263.0,0.0029857611722423232,0.03451534831919675,1.0
3.0,0.022363011876529712,264.0,0.0007301308741114349,0.0028253587880012116,1.0
3.0,0.022363011876529712,265.0,0.0010524202759457008,0.032112816955417366,1.0
3.0,0.022363011876529712,266.0,0.005538619984948795,0.018671345223488064,1.0
3.0,0.022363011876529712,267.0,0.0008586987414597248,0.002046711051818199,1.0
3.0,0.022363011876529712,268.0,0.006404375376306805,0.00010524983053153116,0.0
3.0,0.022363011876529712,269.0,0.0012471574326947772,0.02309030602684411,1.0
3.0,0.022363011876529712,270.0,0.0013454901140734226,0.007541637166718817,1.0
3.0,0.022363011876529712,271.0,0.0005723937901749162,0.004343175778231079,1.0
3.0,0.022363011876529712,272.0,0.005650871617625209,0.0010136283121696828,1.0
3.0,0.022363011876529712,273.0,0.003556130756165925,0.1263135015415497,1.0
3.0,0.022363011876529712,274.0,0.0016623674458999538,0.025398494119055547,1.0
3.0,0.022363011876529712,275.0,0.0017562926213888737,3.0422016454454597,1.0
3.0,0.022363011876529712,276.0,0.004040237293219521,0.00020454790992365535,0.0
3.0,0.022363011876529712,277.0,0.001251752848606826,7.338347985806826e-05,1.0
3.0,0.022363011876529712,278.0,0.004163920488565398,0.0,0.0
3.0,0.022363011876529712,279.0,0.00035046346777972844,0.00043532100825391384,1.0
3.0,0.022363011876529712,280.0,0.0018080025924509413,0.00014146164429348004,1.0
3.0,0.022363011876529712,281.0,0.0006836298791959761,0.0,0.0
3.0,0.022363011876529712,282.0,0.0017480182689205647,0.1186038852894819,1.0
3.0,0.022363011876529712,283.0,0.005488969763934409,6.913270108058857,1.0
3.0,0.022363011876529712,284.0,0.006365319997241692,0.0,0.0
3.0,0.022363011876529712,285.0,0.0005892858099345861,0.0,0.0
3.0,0.022363011876529712,286.0,0.0018103493847047456,10.342850848063875,1.0
3.0,0.022363011876529712,287.0,0.0010465160039487358,0.0033809601237387754,1.0
3.0,0.022363011876529712,288.0,0.0027242370708179878,0.00207031643524931,0.0
3.0,0.022363011876529712,289.0,0.0005903277732480209,8.958988852994957e-06,0.0
3.0,0.022363011876529712,290.0,0.004263005876806787,0.05292905607834583,1.0
3.0,0.022363011876529712,291.0,0.0004802271282021655,0.08415659671429589,1.0
3.0,0.022363011876529712,292.0,0.0011365370211090947,0.033115542304134216,1.0
3.0,0.022363011876529712,293.0,0.0022736348761013456,0.007461353497187665,0.0
3.0,0.022363011876529712,294.0,0.005294864536376549,0.18024349306362977,1.0
3.0,0.022363011876529712,295.0,0.0016429145237432583,2.7587518365841305e-05,0.0
3.0,0.022363011876529712,296.0,0.002579312652005282,0.00015489125012770145,1.0
3.0,0.022363011876529712,297.0,0.0014068030542473912,0.0008186321437407882,1.0
3.0,0.022363011876529712,298.0,0.0005134905164558492,1.2363059609489396e-06,0.0
3.0,0.022363011876529712,299.0,0.0005707177229869584,0.06587564042534066,1.0
3.0,0.022363011876529712,300.0,0.004391322511491752,0.0,0.0
3.0,0.022363011876529712,301.0,0.0006144426174489778,0.0,0.0
3.0,0.022363011876529712,302.0,0.00045851664355452625,0.006598752120450684,1.0
3.0,0.022363011876529712,303.0,0.0017865781583154747,0.5328545566675276,1.0
3.0,0.022363011876529712,304.0,0.0014820906887654203,0.020211763394591107,0.0
3.0,0.022363011876529712,305.0,0.00605134495460748,0.022049743132541922,1.0
3.0,0.022363011876529712,306.0,0.006494434249683985,0.00040952371653918857,1.0
3.0,0.022363011876529712,307.0,0.0006615071871186043,0.0,0.0
3.0,0.022363011876529712,308.0,0.0005568868901072058,0.197437441422279,1.0
3.0,0.022363011876529712,309.0,0.001980454753261849,4.898254145058925,1.0
3.0,0.022363011876529712,310.0,0.00033571255025083166,8.991016829865023e-05,1.0
3.0,0.022363011876529712,311.0,0.00038499435007115126,0.002746704876948547,1.0
3.0,0.022363011876529712,312.0,0.0013843967060687495,0.0,0.0
3.0,0.022363011876529712,313.0,0.0007434419043985126,0.00269462137660436,1.0
3.0,0.022363011876529712,314.0,0.00206405035560014,0.0,0.0
3.0,0.022363011876529712,315.0,0.006269175040707785,0.04368029626410674,1.0
3.0,0.022363011876529712,316.0,0.00609023319656984,0.01211189539924078,1.0
3.0,0.022363011876529712,317.0,0.0006107069396303721,6.516938779264345e-05,1.0
3.0,0.022363011876529712,318.0,0.0015537004194558818,4.311579891017548,1.0
3.0,0.022363011876529712,319.0,0.0005380014412949297,2.6467969044705352e-05,0.0
3.0,0.022363011876529712,320.0,0.00572085327522541,0.5795368308388118,1.0
3.0,0.022363011876529712,321.0,0.0012617515428541264,0.012817466348209718,1.0
3.0,0.022363011876529712,322.0,0.00046808699347087527,0.07062911974112784,1.0
3.0,0.022363011876529712,323.0,0.0018717617193688425,0.0,0.0
3.0,0.022363011876529712,324.0,0.0006299260368066179,0.0,0.0
3.0,0.022363011876529712,325.0,0.0004680919490315372,2.3046670132440136e-05,1.0
3.0,0.022363011876529712,326.0,0.000569180064899182,0.00037155310503028666,0.0
3.0,0.022363011876529712,327.0,0.004075162691891308,0.1642004076356946,1.0
3.0,0.022363011876529712,328.0,0.001564847152935902,0.012570229983874305,0.0
3.0,0.022363011876529712,329.0,0.0016502201103323123,0.005997912434150766,1.0
3.0,0.022363011876529712,330.0,0.00125543574501628,0.00048285966375818246,0.0
3.0,0.022363011876529712,331.0,0.0008198767139878087,0.0,0.0
3.0,0.022363011876529712,332.0,0.0006800260075997986,0.06416833548547568,1.0
3.0,0.022363011876529712,333.0,0.0014748032809709037,0.00010012542171002655,1.0
3.0,0.022363011876529712,334.0,0.006010098732883548,0.08369116536505967,1.0
3.0,0.022363011876529712,335.0,0.002235490822306766,0.008704523200831378,1.0
3.0,0.022363011876529712,336.0,0.006215992494599989,2.641001879469657e-06,0.0
3.0,0.022363011876529712,337.0,0.006171142904351768,0.003622025597896067,1.0
3.0,0.022363011876529712,338.0,0.005714077149563337,0.00022191824228882706,0.0
3.0,0.022363011876529712,339.0,0.001459977568258186,0.32045118251582927,1.0
3.0,0.022363011876529712,340.0,0.00231504986295656,0.0,0.0
3.0,0.022363011876529712,341.0,0.0014350688330224254,0.0,0.0
3.0,0.022363011876529712,342.0,0.0004532080972476797,4.322993345953328e-05,0.0
3.0,0.022363011876529712,343.0,0.006160277194025013,0.017154254645181357,1.0
3.0,0.022363011876529712,344.0,0.006049962607515327,0.0065674925236821,1.0
3.0,0.022363011876529712,345.0,0.0011145989839945435,0.028026765113646906,1.0
3.0,0.022363011876529712,346.0,0.0014073700114311221,0.00039409267418273017,1.0
3.0,0.022363011876529712,347.0,0.0006316323377319311,0.0,0.0
3.0,0.022363011876529712,348.0,0.0006204012480113307,0.0,0.0
3.0,0.022363011876529712,349.0,0.0024029801029588982,0.0021817349542605797,1.0
3.0,0.022363011876529712,350.0,0.0022031412896977073,4.0124678058649156e-05,0.0
3.0,0.022363011876529712,351.0,0.006419236899921476,4.5590193351700785,1.0
3.0,0.022363011876529712,352.0,0.0014128087894957726,0.0,0.0
3.0,0.022363011876529712,353.0,0.0006578181722942291,0.0018555851745066779,1.0
3.0,0.022363011876529712,354.0,0.00039327117391382507,0.02017107781287188,1.0
3.0,0.022363011876529712,355.0,0.0017859550048693281,0.0,0.0
3.0,0.022363011876529712,356.0,0.004553762555878341,0.005454690696493984,1.0
3.0,0.022363011876529712,357.0,0.005202751589582607,0.006930041577511548,1.0
3.0,0.022363011876529712,358.0,0.0052093947568514435,0.027491790147903806,1.0
3.0,0.022363011876529712,359.0,0.006189468882689787,0.0015379030260463968,1.0
3.0,0.022363011876529712,360.0,0.0012219905211301354,0.11151721199126531,1.0
3.0,0.022363011876529712,361.0,0.0017287375198543713,0.03867968219495829,1.0
3.0,0.022363011876529712,362.0,0.0005063165452543417,0.021837461811283758,1.0
3.0,0.022363011876529712,363.0,0.0021718754647233494,0.0,0.0
3.0,0.022363011876529712,364.0,0.004379724508571613,0.0033743876554730226,1.0
3.0,0.022363011876529712,365.0,0.006119264859985292,0.02470598859144388,1.0
3.0,0.022363011876529712,366.0,0.006366704527777268,3.458573459132074e-05,1.0
3.0,0.022363011876529712,367.0,0.00037064331924036763,7.928531398760669e-07,0.0
3.0,0.022363011876529712,368.0,0.0014709498856114653,0.0030809620663808874,0.0
3.0,0.022363011876529712,369.0,0.0004130316487893074,0.0001599337992361056,0.0
3.0,0.022363011876529712,370.0,0.0012487511280249164,0.015697535224804618,1.0
3.0,0.022363011876529712,371.0,0.0016962550391269515,8.69499031900631e-05,0.0
3.0,0.022363011876529712,372.0,0.0010068892799541505,0.1778456238102578,1.0
3.0,0.022363011876529712,373.0,0.009043108523884255,4.6905606273865414,1.0
3.0,0.022363011876529712,374.0,0.0062249365316634055,0.0,0.0
3.0,0.022363011876529712,375.0,0.0002670903252156347,0.008543534429894967,1.0
3.0,0.022363011876529712,376.0,0.002643183819003356,9.37749469656633,1.0
3.0,0.022363011876529712,377.0,0.0022360272639483474,7.437921482024158,1.0
3.0,0.022363011876529712,378.0,0.002515738755879007,0.0,0.0
3.0,0.022363011876529712,379.0,0.0007017547164187595,0.0,0.0
3.0,0.022363011876529712,380.0,0.0019670032514671793,0.04451024456348762,1.0
3.0,0.022363011876529712,381.0,0.0012605476255303962,2.0945896168989075,1.0
3.0,0.022363011876529712,382.0,0.0006776713918318503,0.0,0.0
3.0,0.022363011876529712,383.0,0.0008055606961033145,0.024843448682133364,1.0
3.0,0.022363011876529712,384.0,0.0010816386468270735,0.002050391286418179,1.0
3.0,0.022363011876529712,385.0,0.006194651848113755,0.16548842328867056,1.0
3.0,0.022363011876529712,386.0,0.005659365323799828,0.468451583611304,1.0
3.0,0.022363011876529712,387.0,0.006397341731058584,0.00010672946113565379,1.0
3.0,0.022363011876529712,388.0,0.0006471983070300683,0.001843184842626028,1.0
3.0,0.022363011876529712,389.0,0.0014647134219427918,0.02851052325934328,1.0
3.0,0.022363011876529712,390.0,0.0006947517267840476,0.0027318084117441024,1.0
3.0,0.022363011876529712,391.0,0.000651618248312869,0.0,0.0
3.0,0.022363011876529712,392.0,0.0006649341451458366,0.006846912100468219,0.0
3.0,0.022363011876529712,393.0,0.00235493445072512,0.0,0.0
3.0,0.022363011876529712,394.0,0.0033708718277507413,5.067273005438331,1.0
3.0,0.022363011876529712,395.0,0.0006522896942510188,9.279354401194789e-07,0.0
3.0,0.022363011876529712,396.0,0.0014603530877010827,0.00045671423558251486,0.0
3.0,0.022363011876529712,397.0,0.0018105718583952873,0.29662656772621127,1.0
3.0,0.022363011876529712,398.0,0.0004614396607824812,0.036749391043972734,1.0
3.0,0.022363011876529712,399.0,0.002418881443869939,0.0024200492952043302,1.0
3.0,0.06708903562958914,0.0,0.003981761721888982,0.008382531884443737,1.0
3.0,0.06708903562958914,1.0,0.0009772509611325384,0.06341787429501523,1.0
3.0,0.06708903562958914,2.0,0.0010003228178272073,0.004286982200441678,1.0
3.0,0.06708903562958914,3.0,0.0017591593413198517,0.0012208152059009325,1.0
3.0,0.06708903562958914,4.0,0.001064679579487699,0.008008022101835132,1.0
3.0,0.06708903562958914,5.0,0.0018621098727775603,0.0008973968608256184,1.0
3.0,0.06708903562958914,6.0,0.0023498698294502594,0.0,0.0
3.0,0.06708903562958914,7.0,0.006359601866075054,0.0,0.0
3.0,0.06708903562958914,8.0,0.006049536863199684,0.008115153241827265,1.0
3.0,0.06708903562958914,9.0,0.003977420380976527,0.0010727018525898743,1.0
3.0,0.06708903562958914,10.0,0.0015955596404785687,0.023694966685656852,1.0
3.0,0.06708903562958914,11.0,0.0015168026383304664,0.0925633588806752,1.0
3.0,0.06708903562958914,12.0,0.0020077593054267234,0.0,0.0
3.0,0.06708903562958914,13.0,0.004395359339789521,0.0,0.0
3.0,0.06708903562958914,14.0,0.005841689970987806,0.018412464979335703,1.0
3.0,0.06708903562958914,15.0,0.005027387945864605,0.0,0.0
3.0,0.06708903562958914,16.0,0.019254601705172864,3.72246304872102e-08,0.0
3.0,0.06708903562958914,17.0,0.006050876369769462,0.005738867303330763,1.0
3.0,0.06708903562958914,18.0,0.004315318832110429,5.2395430086124276e-05,0.0
3.0,0.06708903562958914,19.0,0.003918063803790875,0.000980544618780971,1.0
3.0,0.06708903562958914,20.0,0.005755634976932561,0.9527793352544576,1.0
3.0,0.06708903562958914,21.0,0.0042368632525688985,6.0554323664094875e-06,1.0
3.0,0.06708903562958914,22.0,0.0020053498553297662,0.0,0.0
3.0,0.06708903562958914,23.0,0.006410036105172963,0.003275284074494156,1.0
3.0,0.06708903562958914,24.0,0.00222794797267832,0.00030145753486868703,0.0
3.0,0.06708903562958914,25.0,0.0016595930165180807,0.05963089353109589,1.0
3.0,0.06708903562958914,26.0,0.0015392819449089046,0.0001655233888233214,0.0
3.0,0.06708903562958914,27.0,0.004310446246224126,0.03677478269847144,1.0
3.0,0.06708903562958914,28.0,0.007387133476888632,2.745190785398869,1.0
3.0,0.06708903562958914,29.0,0.0009215782509919967,0.007552976511372961,1.0
3.0,0.06708903562958914,30.0,0.006386282204160359,3.31420741805016e-05,1.0
3.0,0.06708903562958914,31.0,0.0019508703489454053,0.013117612188886065,1.0
3.0,0.06708903562958914,32.0,0.004035158989545612,0.000736713644817379,1.0
3.0,0.06708903562958914,33.0,0.0007964176222382496,0.012827351325946116,1.0
3.0,0.06708903562958914,34.0,0.002032233224807385,1.9332418820921269,1.0
3.0,0.06708903562958914,35.0,0.004574304686949928,0.0016648711106244773,0.0
3.0,0.06708903562958914,36.0,0.006304013951206897,0.002391124870199465,1.0
3.0,0.06708903562958914,37.0,0.0005791059186845509,0.0009949609132995224,1.0
3.0,0.06708903562958914,38.0,0.024118007806988823,0.05913684020600377,1.0
3.0,0.06708903562958914,39.0,0.0016559710443133225,0.09786750487139385,1.0
3.0,0.06708903562958914,40.0,0.005905987476598272,0.06894441055395731,1.0
3.0,0.06708903562958914,41.0,0.001989677336337924,0.0,0.0
3.0,0.06708903562958914,42.0,0.0016440842358067774,0.009576615081496896,1.0
3.0,0.06708903562958914,43.0,0.002119891979565471,0.01951522548766876,0.0
3.0,0.06708903562958914,44.0,0.0033726727105371475,6.233851286375404,1.0
3.0,0.06708903562958914,45.0,0.005745222151776156,0.0,0.0
3.0,0.06708903562958914,46.0,0.0033738616587253717,0.0,0.0
3.0,0.06708903562958914,47.0,0.00627154411081693,3.294556717177212,1.0
3.0,0.06708903562958914,48.0,0.005291402082591996,0.0005977634478216224,1.0
3.0,0.06708903562958914,49.0,0.015873254804473998,0.006410916629922905,1.0
3.0,0.06708903562958914,50.0,0.0020569867437609515,0.19066488054450262,1.0
3.0,0.06708903562958914,51.0,0.004814149491943382,1.0428878891586537,1.0
3.0,0.06708903562958914,52.0,0.004461753077725609,0.0019053357303600094,1.0
3.0,0.06708903562958914,53.0,0.0019477511664878924,0.02072071135685941,1.0
3.0,0.06708903562958914,54.0,0.0028742821252464913,1.9056033674825055,1.0
3.0,0.06708903562958914,55.0,0.006594622728716306,0.6580386706291597,1.0
3.0,0.06708903562958914,56.0,0.0013639228139740982,0.001123001281802519,1.0
3.0,0.06708903562958914,57.0,0.002011165992902365,2.5890130372090256,1.0
3.0,0.06708903562958914,58.0,0.00639991571781821,5.534911472866141e-05,1.0
3.0,0.06708903562958914,59.0,0.002069700013141869,0.0,0.0
3.0,0.06708903562958914,60.0,0.00568546106540872,0.0,0.0
3.0,0.06708903562958914,61.0,0.0029714616756178506,0.0,0.0
3.0,0.06708903562958914,62.0,0.002858313166217305,1.406023811989893,1.0
3.0,0.06708903562958914,63.0,0.00526044147038433,0.0,0.0
3.0,0.06708903562958914,64.0,0.0025552438390397,0.002337176169902513,0.0
3.0,0.06708903562958914,65.0,0.001906704689909885,0.00031422341339746825,0.0
3.0,0.06708903562958914,66.0,0.001551081678005353,0.028992799951021365,1.0
3.0,0.06708903562958914,67.0,0.003916613348578787,0.10532733714633544,1.0
3.0,0.06708903562958914,68.0,0.0032369191128056017,0.0,0.0
3.0,0.06708903562958914,69.0,0.02173405934161307,3.094363527701002e-05,0.0
3.0,0.06708903562958914,70.0,0.0059304280432488235,0.20913658842327665,1.0
3.0,0.06708903562958914,71.0,0.005426236074909152,0.0010182980284911605,1.0
3.0,0.06708903562958914,72.0,0.006368071546324434,0.02615326578539686,1.0
3.0,0.06708903562958914,73.0,0.0016679044433638404,8.15974715614088e-06,1.0
3.0,0.06708903562958914,74.0,0.002122459404067179,0.0,0.0
3.0,0.06708903562958914,75.0,0.003538389995713249,2.888360357042948,1.0
3.0,0.06708903562958914,76.0,0.0022603024420199103,2.676485734996303,1.0
3.0,0.06708903562958914,77.0,0.001147402162878689,0.1233590381146594,1.0
3.0,0.06708903562958914,78.0,0.001867891474537718,0.0,0.0
3.0,0.06708903562958914,79.0,0.006467722729683876,0.0,0.0
3.0,0.06708903562958914,80.0,0.0032356063055199984,0.0,0.0
3.0,0.06708903562958914,81.0,0.0022440552524292576,0.0009501621222028873,0.0
3.0,0.06708903562958914,82.0,0.005923700903169016,0.08350455433311738,1.0
3.0,0.06708903562958914,83.0,0.0010338146297049764,0.02298938414387266,1.0
3.0,0.06708903562958914,84.0,0.005428131536787331,1.2093243275256467,1.0
3.0,0.06708903562958914,85.0,0.005613540090711367,0.0004648121655280563,1.0
3.0,0.06708903562958914,86.0,0.001498230592718933,0.0005422140298606905,1.0
3.0,0.06708903562958914,87.0,0.0022879934469900885,0.003961954287450819,0.0
3.0,0.06708903562958914,88.0,0.0022618268470216774,0.0017653233645164876,0.0
3.0,0.06708903562958914,89.0,0.0023108090111210343,6.1533694414993745,1.0
3.0,0.06708903562958914,90.0,0.0005529163080730001,0.003836199558453425,1.0
3.0,0.06708903562958914,91.0,0.0009903122708104309,0.013681977801758347,1.0
3.0,0.06708903562958914,92.0,0.005243892459867427,3.8341064466445003,1.0
3.0,0.06708903562958914,93.0,0.001996204237068383,0.0014353910607253905,0.0
3.0,0.06708903562958914,94.0,0.0016301640763184844,0.0020524230176234325,1.0
3.0,0.06708903562958914,95.0,0.003243002708363028,0.0203742732993181,0.0
3.0,0.06708903562958914,96.0,0.004149482153067222,0.02386755231990994,0.0
3.0,0.06708903562958914,97.0,0.006112082760382002,0.0009160758483750655,1.0
3.0,0.06708903562958914,98.0,0.0006049171445146884,0.0027423801083812705,1.0
3.0,0.06708903562958914,99.0,0.006441756349136479,0.024420336766528675,0.0
3.0,0.06708903562958914,100.0,0.006198836859887372,0.01522518417987456,1.0
3.0,0.06708903562958914,101.0,0.0037020073584991204,0.03300015932968368,1.0
3.0,0.06708903562958914,102.0,0.0005784059952868218,0.006278961839176846,1.0
3.0,0.06708903562958914,103.0,0.0012914960864758283,0.0012465726692064533,1.0
3.0,0.06708903562958914,104.0,0.0007672572025828613,0.002294981615536773,1.0
3.0,0.06708903562958914,105.0,0.0013655791498975978,0.0,0.0
3.0,0.06708903562958914,106.0,0.005599591134778091,0.8716174594454494,1.0
3.0,0.06708903562958914,107.0,0.023527113464948336,0.0,0.0
3.0,0.06708903562958914,108.0,0.006680926090145063,0.5285347911490401,1.0
3.0,0.06708903562958914,109.0,0.0022401305914348554,0.0,0.0
3.0,0.06708903562958914,110.0,0.0009744701886470479,0.00020044242687728483,1.0
3.0,0.06708903562958914,111.0,0.006544064390429328,3.9975245972335713,1.0
3.0,0.06708903562958914,112.0,0.005971750809195695,0.001526739914789021,1.0
3.0,0.06708903562958914,113.0,0.006028045644514535,0.43344726208886336,1.0
3.0,0.06708903562958914,114.0,0.0010393125678807536,0.005883531267582593,1.0
3.0,0.06708903562958914,115.0,0.0011652488765935835,0.0007183258222052611,1.0
3.0,0.06708903562958914,116.0,0.001971862329027719,0.0,0.0
3.0,0.06708903562958914,117.0,0.006541905459999022,0.0,0.0
3.0,0.06708903562958914,118.0,0.0048474601735996594,0.06079764930118485,0.0
3.0,0.06708903562958914,119.0,0.002227978792693642,0.003548633409108402,1.0
3.0,0.06708903562958914,120.0,0.005535825557709247,0.06962236216536642,1.0
3.0,0.06708903562958914,121.0,0.00637786937357602,0.06488419565579716,0.0
3.0,0.06708903562958914,122.0,0.0019400927136310913,2.19017359502119,1.0
3.0,0.06708903562958914,123.0,0.002851093473767328,0.010437692497874447,1.0
3.0,0.06708903562958914,124.0,0.001303414110082227,0.006092801736327902,1.0
3.0,0.06708903562958914,125.0,0.001903065564305223,0.0005199230455732603,1.0
3.0,0.06708903562958914,126.0,0.004838245663594686,1.532107972104157,1.0
3.0,0.06708903562958914,127.0,0.004456161625040002,0.020566819912774714,0.0
3.0,0.06708903562958914,128.0,0.006436366770990362,0.8023523478968627,1.0
3.0,0.06708903562958914,129.0,0.0014351993133565398,0.023602898838832678,1.0
3.0,0.06708903562958914,130.0,0.0009583391903520253,0.0007640038499192041,1.0
3.0,0.06708903562958914,131.0,0.0016232069782360242,0.007431874456808602,1.0
3.0,0.06708903562958914,132.0,0.00206483103738604,0.0,0.0
3.0,0.06708903562958914,133.0,0.0016196529177154606,3.992486877432045,1.0
3.0,0.06708903562958914,134.0,0.0011244225402550882,7.48777855638235e-05,1.0
3.0,0.06708903562958914,135.0,0.0009427139459346317,0.011240184575000532,1.0
3.0,0.06708903562958914,136.0,0.0009896260490265842,0.042357351935578755,1.0
3.0,0.06708903562958914,137.0,0.000939928541327176,0.004698899869003028,1.0
3.0,0.06708903562958914,138.0,0.006322323108840537,0.021757997300864276,0.0
3.0,0.06708903562958914,139.0,0.0018941178314620588,0.0,0.0
3.0,0.06708903562958914,140.0,0.002446171687649259,0.9009005967002328,1.0
3.0,0.06708903562958914,141.0,0.001978440832564512,0.002621175361689922,0.0
3.0,0.06708903562958914,142.0,0.0019267358010323955,0.000960974470637272,0.0
3.0,0.06708903562958914,143.0,0.006048002518108801,0.022622041951611487,1.0
3.0,0.06708903562958914,144.0,0.0016167488848025972,0.002093326341926105,1.0
3.0,0.06708903562958914,145.0,0.00174741117120292,0.000498310960409694,0.0
3.0,0.06708903562958914,146.0,0.001216597137471841,0.017970013507134366,1.0
3.0,0.06708903562958914,147.0,0.004234638339180879,0.0012478126264641846,1.0
3.0,0.06708903562958914,148.0,0.001146733206402674,2.1737354554678836,1.0
3.0,0.06708903562958914,149.0,0.001685844731985171,0.19882807733450697,1.0
3.0,0.06708903562958914,150.0,0.0020282612771593926,0.0015594437183899202,0.0
3.0,0.06708903562958914,151.0,0.0038786934549037335,0.024302725962807355,1.0
3.0,0.06708903562958914,152.0,0.002417837938024271,0.0005590143786203625,0.0
3.0,0.06708903562958914,153.0,0.0032285301270839196,0.0,0.0
3.0,0.06708903562958914,154.0,0.003996493779852408,0.0008852758060246393,1.0
3.0,0.06708903562958914,155.0,0.004331892741657997,0.005160548113637658,0.0
3.0,0.06708903562958914,156.0,0.006050525716673118,0.0566085754860203,1.0
3.0,0.06708903562958914,157.0,0.002592535328340183,0.0,0.0
3.0,0.06708903562958914,158.0,0.0010015818428472049,0.004165697297197713,1.0
3.0,0.06708903562958914,159.0,0.030511434846145477,1.1498943129708317,1.0
3.0,0.06708903562958914,160.0,0.002751041591438949,1.3998105345947973,1.0
3.0,0.06708903562958914,161.0,0.005686630183951447,0.0,0.0
3.0,0.06708903562958914,162.0,0.000985173013288549,0.006037450816681309,1.0
3.0,0.06708903562958914,163.0,0.005504427705083965,0.008029368049477731,1.0
3.0,0.06708903562958914,164.0,0.006419368352052975,0.02215145452555533,0.0
3.0,0.06708903562958914,165.0,0.004102094263968459,4.617861802511881e-05,0.0
3.0,0.06708903562958914,166.0,0.0040442034751058155,0.00040368429675317403,1.0
3.0,0.06708903562958914,167.0,0.0025107581676193885,0.0059787262031062395,1.0
3.0,0.06708903562958914,168.0,0.0024509923186279655,0.0,0.0
3.0,0.06708903562958914,169.0,0.0007090697699050827,0.00013145535347739196,1.0
3.0,0.06708903562958914,170.0,0.0009009899484294041,0.0629857181334674,1.0
3.0,0.06708903562958914,171.0,0.0020446096902044,0.22849255473642507,1.0
3.0,0.06708903562958914,172.0,0.0012134057433786515,0.20384004678810352,1.0
3.0,0.06708903562958914,173.0,0.0011181067184364295,0.045123762697387174,1.0
3.0,0.06708903562958914,174.0,0.0023237706283520997,0.02808293324622948,0.0
3.0,0.06708903562958914,175.0,0.0012890524497129693,0.002197205945646984,1.0
3.0,0.06708903562958914,176.0,0.0016652272415812052,0.7559281012257107,1.0
3.0,0.06708903562958914,177.0,0.0016322036895736781,0.013643797795480797,0.0
3.0,0.06708903562958914,178.0,0.007296090061307223,0.47123517459851394,1.0
3.0,0.06708903562958914,179.0,0.0005589366475372563,0.22334336461875698,1.0
3.0,0.06708903562958914,180.0,0.0053210523693726615,12.92967922758893,1.0
3.0,0.06708903562958914,181.0,0.0009466855856516542,0.08489202104162426,1.0
3.0,0.06708903562958914,182.0,0.0023758688297990742,0.11140065956136533,1.0
3.0,0.06708903562958914,183.0,0.00181360206107797,0.012514329607012537,0.0
3.0,0.06708903562958914,184.0,0.0060902006557071115,8.711493530930716e-05,1.0
3.0,0.06708903562958914,185.0,0.0021975646527467316,1.2470235926276747,1.0
3.0,0.06708903562958914,186.0,0.0017119373105752827,0.018964918182350483,0.0
3.0,0.06708903562958914,187.0,0.0018495288310326763,2.082219713329449e-06,0.0
3.0,0.06708903562958914,188.0,0.0012973942825323802,1.842983442189199,1.0
3.0,0.06708903562958914,189.0,0.002339159384722662,1.3463582117832436e-05,0.0
3.0,0.06708903562958914,190.0,0.0003930099706018529,0.00503782115033377,1.0
3.0,0.06708903562958914,191.0,0.003963900362581459,0.01653643188103443,1.0
3.0,0.06708903562958914,192.0,0.0010080457005693555,0.00365677777791083,1.0
3.0,0.06708903562958914,193.0,0.0010122472923157874,0.0179859525050021,1.0
3.0,0.06708903562958914,194.0,0.005276498368340389,1.227025956912285,1.0
3.0,0.06708903562958914,195.0,0.0030551323552429855,0.022929910507817945,1.0
3.0,0.06708903562958914,196.0,0.001228095937739408,0.0037019408586094742,1.0
3.0,0.06708903562958914,197.0,0.005390318513529102,0.0030722660164601598,1.0
3.0,0.06708903562958914,198.0,0.006063654418066746,0.04811265031174204,1.0
3.0,0.06708903562958914,199.0,0.006328599140495407,0.00025540855651044736,1.0
3.0,0.06708903562958914,200.0,0.0017668198316973492,0.00612530476628339,1.0
3.0,0.06708903562958914,201.0,0.005680425746390533,0.0,0.0
3.0,0.06708903562958914,202.0,0.0063633591170499165,0.0,0.0
3.0,0.06708903562958914,203.0,0.0009140733467487821,0.051661999730475576,1.0
3.0,0.06708903562958914,204.0,0.005566956647735233,0.00015878147306466904,1.0
3.0,0.06708903562958914,205.0,0.0022599123405535504,0.0,0.0
3.0,0.06708903562958914,206.0,0.006316280568261048,1.9932865703499205,1.0
3.0,0.06708903562958914,207.0,0.002520582190953141,0.0,0.0
3.0,0.06708903562958914,208.0,0.0011100647335415322,0.10668555496244596,1.0
3.0,0.06708903562958914,209.0,0.003980178677313118,0.22611175769080108,1.0
3.0,0.06708903562958914,210.0,0.006398343609476426,0.00025482520577431737,1.0
3.0,0.06708903562958914,211.0,0.00788189592006811,3.6179021540197276,1.0
3.0,0.06708903562958914,212.0,0.004634424859643043,6.370927778477949,1.0
3.0,0.06708903562958914,213.0,0.004283473392392949,0.0,0.0
3.0,0.06708903562958914,214.0,0.0016557123051859782,0.0007188422009942111,0.0
3.0,0.06708903562958914,215.0,0.006250195310747105,0.0013877511941784001,1.0
3.0,0.06708903562958914,216.0,0.0046734311743518156,0.00022948399438341084,1.0
3.0,0.06708903562958914,217.0,0.00422966332297708,5.369959890996044,1.0
3.0,0.06708903562958914,218.0,0.000589869463829146,0.024311264845730894,1.0
3.0,0.06708903562958914,219.0,0.006573370902677432,0.0,0.0
3.0,0.06708903562958914,220.0,0.0017791142403421137,0.0025506636440835524,0.0
3.0,0.06708903562958914,221.0,0.0012276816715238426,0.23636768835933772,1.0
3.0,0.06708903562958914,222.0,0.007360327262856819,0.01605807287884848,1.0
3.0,0.06708903562958914,223.0,0.006041080517768287,0.04434564658717335,1.0
3.0,0.06708903562958914,224.0,0.006434716761936522,9.615211936512924e-05,1.0
3.0,0.06708903562958914,225.0,0.0017863246907934803,0.0,0.0
3.0,0.06708903562958914,226.0,0.0015380879994556325,1.9024129969334054,1.0
3.0,0.06708903562958914,227.0,0.001569177728407858,1.8682816770082034e-05,0.0
3.0,0.06708903562958914,228.0,0.0017536388834204699,0.12923736546055622,1.0
3.0,0.06708903562958914,229.0,0.002351199453147911,0.000474228395752855,1.0
3.0,0.06708903562958914,230.0,0.005655601470884572,0.0011768808916606357,1.0
3.0,0.06708903562958914,231.0,0.0018028696117571813,4.7468282078503764e-05,0.0
3.0,0.06708903562958914,232.0,0.0020976153418969935,0.0,0.0
3.0,0.06708903562958914,233.0,0.006241718288493525,0.0014214459269524743,0.0
3.0,0.06708903562958914,234.0,0.0005271745102104812,0.0005374173255558642,1.0
3.0,0.06708903562958914,235.0,0.0017066862471277306,0.0155052667888106,0.0
3.0,0.06708903562958914,236.0,0.001766853901123001,2.4959697581665598e-05,0.0
3.0,0.06708903562958914,237.0,0.002663633896131927,3.6778344046642477,1.0
3.0,0.06708903562958914,238.0,0.0012637252060986146,2.2150070037411383e-05,1.0
3.0,0.06708903562958914,239.0,0.005758417574947643,0.0,0.0
3.0,0.06708903562958914,240.0,0.0014584488469102943,0.0009227958851724559,1.0
3.0,0.06708903562958914,241.0,0.0017193581382986514,0.0013517478340392248,0.0
3.0,0.06708903562958914,242.0,0.0065047358088094025,0.5637878155380693,1.0
3.0,0.06708903562958914,243.0,0.0031057821200181877,0.00027195900736438157,1.0
3.0,0.06708903562958914,244.0,0.006360098557490595,0.0,0.0
3.0,0.06708903562958914,245.0,0.0064659438949605935,0.0,0.0
3.0,0.06708903562958914,246.0,0.0012332107010038307,1.0170755265626254e-05,1.0
3.0,0.06708903562958914,247.0,0.001642713116279881,0.019868636640154612,0.0
3.0,0.06708903562958914,248.0,0.0031307558560699712,0.007596006048511967,1.0
3.0,0.06708903562958914,249.0,0.0017023646026125838,0.009881373779946103,1.0
3.0,0.06708903562958914,250.0,0.0063471158617954835,0.0,0.0
3.0,0.06708903562958914,251.0,0.001521172432543076,0.51009817598238,1.0
3.0,0.06708903562958914,252.0,0.0009923025018496875,0.013725846645323949,1.0
3.0,0.06708903562958914,253.0,0.005552857108341425,0.01149634737025606,0.0
3.0,0.06708903562958914,254.0,0.001826249388375338,0.1907101923617945,1.0
3.0,0.06708903562958914,255.0,0.002173241795103034,0.0,0.0
3.0,0.06708903562958914,256.0,0.0012633988676570814,3.569521376578785e-05,1.0
3.0,0.06708903562958914,257.0,0.0019598884141614173,0.1695421187075339,1.0
3.0,0.06708903562958914,258.0,0.0018333520803555479,2.489263802684949e-05,0.0
3.0,0.06708903562958914,259.0,0.0016925099071086762,2.55965111383232e-06,0.0
3.0,0.06708903562958914,260.0,0.002778646542963819,0.0,0.0
3.0,0.06708903562958914,261.0,0.001529849712511763,5.359284602173577e-05,1.0
3.0,0.06708903562958914,262.0,0.0027731934153309035,8.918055738889332e-06,0.0
3.0,0.06708903562958914,263.0,0.0029857611722423232,0.03451534831919675,1.0
3.0,0.06708903562958914,264.0,0.0007301308741114349,0.0028253587880012116,1.0
3.0,0.06708903562958914,265.0,0.0010355602625568459,0.03276820434085485,1.0
3.0,0.06708903562958914,266.0,0.005705133477642187,0.016959217076970567,1.0
3.0,0.06708903562958914,267.0,0.0010889490313249876,0.0019518486819388066,1.0
3.0,0.06708903562958914,268.0,0.006404375376306805,0.00010524983053153116,0.0
3.0,0.06708903562958914,269.0,0.0012471574326947772,0.02309030602684411,1.0
3.0,0.06708903562958914,270.0,0.0013454901140734226,0.007541637166718817,1.0
3.0,0.06708903562958914,271.0,0.001153741835805217,0.0033982903102950926,1.0
3.0,0.06708903562958914,272.0,0.0058496787895883934,0.0009633368085198735,1.0
3.0,0.06708903562958914,273.0,0.003556130756165925,0.1263135015415497,1.0
3.0,0.06708903562958914,274.0,0.0016623674458999538,0.025398494119055547,1.0
3.0,0.06708903562958914,275.0,0.0017562926213888737,3.0422016454454597,1.0
3.0,0.06708903562958914,276.0,0.004040237293219521,0.00020454790992365535,0.0
3.0,0.06708903562958914,277.0,0.001251752848606826,7.338347985806826e-05,1.0
3.0,0.06708903562958914,278.0,0.004163920488565398,0.0,0.0
3.0,0.06708903562958914,279.0,0.0009027764906756479,0.000487075995693564,1.0
3.0,0.06708903562958914,280.0,0.0018080025924509413,0.00014146164429348004,1.0
3.0,0.06708903562958914,281.0,0.001967860732559852,0.0,0.0
3.0,0.06708903562958914,282.0,0.0017480182689205647,0.1186038852894819,1.0
3.0,0.06708903562958914,283.0,0.005488969763934409,6.913270108058857,1.0
3.0,0.06708903562958914,284.0,0.006365319997241692,0.0,0.0
3.0,0.06708903562958914,285.0,0.0018390206987631968,0.0,0.0
3.0,0.06708903562958914,286.0,0.0018103493847047456,10.342850848063875,1.0
3.0,0.06708903562958914,287.0,0.0010465160039487358,0.0033809601237387754,1.0
3.0,0.06708903562958914,288.0,0.0032926392590772414,0.0020698303578328896,0.0
3.0,0.06708903562958914,289.0,0.0018986706040915768,8.579863290929682e-06,0.0
3.0,0.06708903562958914,290.0,0.004263005876806787,0.05292905607834583,1.0
3.0,0.06708903562958914,291.0,0.0010137099921904565,0.0696354728095314,1.0
3.0,0.06708903562958914,292.0,0.0011365370211090947,0.033115542304134216,1.0
3.0,0.06708903562958914,293.0,0.0022736348761013456,0.007461353497187665,0.0
3.0,0.06708903562958914,294.0,0.005294864536376549,0.18024349306362977,1.0
3.0,0.06708903562958914,295.0,0.0016429145237432583,2.7587518365841305e-05,0.0
3.0,0.06708903562958914,296.0,0.002785978380697556,0.0001329468605124021,1.0
3.0,0.06708903562958914,297.0,0.0014068030542473912,0.0008186321437407882,1.0
3.0,0.06708903562958914,298.0,0.0017541622233526446,1.1877115657045476e-06,0.0
3.0,0.06708903562958914,299.0,0.001296674076752223,0.14285526425633574,1.0
3.0,0.06708903562958914,300.0,0.004391322511491752,0.0,0.0
3.0,0.06708903562958914,301.0,0.0018988600789603494,0.0,0.0
3.0,0.06708903562958914,302.0,0.0011250631465260445,0.006152978257886658,1.0
3.0,0.06708903562958914,303.0,0.0017865781583154747,0.5328545566675276,1.0
3.0,0.06708903562958914,304.0,0.002084018859300818,0.0198064828734698,0.0
3.0,0.06708903562958914,305.0,0.006277382793116755,0.019639921998501716,1.0
3.0,0.06708903562958914,306.0,0.006494434249683985,0.00040952371653918857,1.0
3.0,0.06708903562958914,307.0,0.002043600808632466,0.0,0.0
3.0,0.06708903562958914,308.0,0.0011369691603015613,0.1566168957107352,1.0
3.0,0.06708903562958914,309.0,0.0020995518097781767,4.667501866177512,1.0
3.0,0.06708903562958914,310.0,0.0014212168645585139,8.677886755571354e-05,1.0
3.0,0.06708903562958914,311.0,0.0009676728133554368,0.0025619282351848024,1.0
3.0,0.06708903562958914,312.0,0.0013843967060687495,0.0,0.0
3.0,0.06708903562958914,313.0,0.0013657793578887407,0.003009354097590324,1.0
3.0,0.06708903562958914,314.0,0.00206405035560014,0.0,0.0
3.0,0.06708903562958914,315.0,0.006269175040707785,0.04368029626410674,1.0
3.0,0.06708903562958914,316.0,0.006120183916070354,0.011982493045556116,1.0
3.0,0.06708903562958914,317.0,0.0013028227798633826,6.115048173666543e-05,1.0
3.0,0.06708903562958914,318.0,0.0016818182752775341,3.747152961721601,1.0
3.0,0.06708903562958914,319.0,0.001774386936712237,2.5636552816533547e-05,0.0
3.0,0.06708903562958914,320.0,0.00572085327522541,0.5795368308388118,1.0
3.0,0.06708903562958914,321.0,0.0013943681461875091,0.014892313533132572,1.0
3.0,0.06708903562958914,322.0,0.0010858391284836468,0.13329893360896722,1.0
3.0,0.06708903562958914,323.0,0.0033455127777891752,0.0,0.0
3.0,0.06708903562958914,324.0,0.0019924710925434573,0.0,0.0
3.0,0.06708903562958914,325.0,0.00048717129269877104,1.3847235874573516e-05,1.0
3.0,0.06708903562958914,326.0,0.0017740515649666475,0.00037144256973135507,0.0
3.0,0.06708903562958914,327.0,0.004075162691891308,0.1642004076356946,1.0
3.0,0.06708903562958914,328.0,0.002912315373450435,0.01219843111629783,0.0
3.0,0.06708903562958914,329.0,0.0023629353856250155,0.0056388178464429044,1.0
3.0,0.06708903562958914,330.0,0.002314821012218615,0.0004525786833405129,0.0
3.0,0.06708903562958914,331.0,0.0022229066551851927,0.0,0.0
3.0,0.06708903562958914,332.0,0.0013102254891306448,0.04980894721915378,1.0
3.0,0.06708903562958914,333.0,0.0022606132996603723,0.00013962321890620326,1.0
3.0,0.06708903562958914,334.0,0.006010098732883548,0.08369116536505967,1.0
3.0,0.06708903562958914,335.0,0.0022658675691947286,0.008920217162331889,1.0
3.0,0.06708903562958914,336.0,0.006215992494599989,2.641001879469657e-06,0.0
3.0,0.06708903562958914,337.0,0.0065582202653934425,0.0031581809711734464,1.0
3.0,0.06708903562958914,338.0,0.005714077149563337,0.00022191824228882706,0.0
3.0,0.06708903562958914,339.0,0.001459977568258186,0.32045118251582927,1.0
3.0,0.06708903562958914,340.0,0.00231504986295656,0.0,0.0
3.0,0.06708903562958914,341.0,0.002041803865116756,0.0,0.0
3.0,0.06708903562958914,342.0,0.0016744953738940971,4.32196403424155e-05,0.0
3.0,0.06708903562958914,343.0,0.006390376985686166,0.01325166247767372,1.0
3.0,0.06708903562958914,344.0,0.006049962607515327,0.0065674925236821,1.0
3.0,0.06708903562958914,345.0,0.0011145989839945435,0.028026765113646906,1.0
3.0,0.06708903562958914,346.0,0.0014073700114311221,0.00039409267418273017,1.0
3.0,0.06708903562958914,347.0,0.0019897559485204386,0.0,0.0
3.0,0.06708903562958914,348.0,0.001958004398129029,0.0,0.0
3.0,0.06708903562958914,349.0,0.0024029801029588982,0.0021817349542605797,1.0
3.0,0.06708903562958914,350.0,0.0022031412896977073,4.0124678058649156e-05,0.0
3.0,0.06708903562958914,351.0,0.006419236899921476,4.5590193351700785,1.0
3.0,0.06708903562958914,352.0,0.0027666751813859186,0.0,0.0
3.0,0.06708903562958914,353.0,0.0006578181722942291,0.0018555851745066779,1.0
3.0,0.06708903562958914,354.0,0.0009418541883677212,0.019904441751724816,1.0
3.0,0.06708903562958914,355.0,0.0017859550048693281,0.0,0.0
3.0,0.06708903562958914,356.0,0.004553762555878341,0.005454690696493984,1.0
3.0,0.06708903562958914,357.0,0.005134904159625045,0.0069889084238272696,1.0
3.0,0.06708903562958914,358.0,0.005426938390347961,0.02015619267116614,1.0
3.0,0.06708903562958914,359.0,0.006189468882689787,0.0015379030260463968,1.0
3.0,0.06708903562958914,360.0,0.0012219905211301354,0.11151721199126531,1.0
3.0,0.06708903562958914,361.0,0.0017287375198543713,0.03867968219495829,1.0
3.0,0.06708903562958914,362.0,0.0005552584622576795,0.03652320162551561,1.0
3.0,0.06708903562958914,363.0,0.0021718754647233494,0.0,0.0
3.0,0.06708903562958914,364.0,0.004379724508571613,0.0033743876554730226,1.0
3.0,0.06708903562958914,365.0,0.006119264859985292,0.02470598859144388,1.0
3.0,0.06708903562958914,366.0,0.006700871900270632,2.3641322023256466e-05,1.0
3.0,0.06708903562958914,367.0,0.0014722501435696608,7.885822582634399e-07,0.0
3.0,0.06708903562958914,368.0,0.0017773227786782974,0.0030712324967817873,0.0
3.0,0.06708903562958914,369.0,0.0015378627297437401,0.0001528153017493138,0.0
3.0,0.06708903562958914,370.0,0.0012487511280249164,0.015697535224804618,1.0
3.0,0.06708903562958914,371.0,0.003011508045448737,7.916858586022535e-05,0.0
3.0,0.06708903562958914,372.0,0.0010068892799541505,0.1778456238102578,1.0
3.0,0.06708903562958914,373.0,0.009043108523884255,4.6905606273865414,1.0
3.0,0.06708903562958914,374.0,0.0062249365316634055,0.0,0.0
3.0,0.06708903562958914,375.0,0.00028771905428835525,0.008824301105675036,1.0
3.0,0.06708903562958914,376.0,0.002643183819003356,9.37749469656633,1.0
3.0,0.06708903562958914,377.0,0.0022360272639483474,7.437921482024158,1.0
3.0,0.06708903562958914,378.0,0.002515738755879007,0.0,0.0
3.0,0.06708903562958914,379.0,0.0020205510758989284,0.0,0.0
3.0,0.06708903562958914,380.0,0.0019670032514671793,0.04451024456348762,1.0
3.0,0.06708903562958914,381.0,0.0010081522374359264,1.9086897688994862,1.0
3.0,0.06708903562958914,382.0,0.0019858263672561465,0.0,0.0
3.0,0.06708903562958914,383.0,0.001322476428311168,0.026360822538300927,1.0
3.0,0.06708903562958914,384.0,0.0010816386468270735,0.002050391286418179,1.0
3.0,0.06708903562958914,385.0,0.006446225327929718,0.13959514297902248,1.0
3.0,0.06708903562958914,386.0,0.00565583060889362,0.459552533181989,1.0
3.0,0.06708903562958914,387.0,0.006397341731058584,0.00010672946113565379,1.0
3.0,0.06708903562958914,388.0,0.0012983148584836345,0.001677648928352943,1.0
3.0,0.06708903562958914,389.0,0.001645311704937072,0.06209188819109728,1.0
3.0,0.06708903562958914,390.0,0.0006947517267840476,0.0027318084117441024,1.0
3.0,0.06708903562958914,391.0,0.0018560428231487857,0.0,0.0
3.0,0.06708903562958914,392.0,0.0019945773000514854,0.006755039257422383,0.0
3.0,0.06708903562958914,393.0,0.00235493445072512,0.0,0.0
3.0,0.06708903562958914,394.0,0.0033708718277507413,5.067273005438331,1.0
3.0,0.06708903562958914,395.0,0.001895633445239612,8.879908028566272e-07,0.0
3.0,0.06708903562958914,396.0,0.002706161602820021,0.00045431902326208124,0.0
3.0,0.06708903562958914,397.0,0.0026203337104183048,0.2721020984514386,1.0
3.0,0.06708903562958914,398.0,0.0008001281657929985,0.034930754149287944,1.0
3.0,0.06708903562958914,399.0,0.002418881443869939,0.0024200492952043302,1.0
3.0,0.13417807125917827,0.0,0.005313236279036659,0.006975066896615745,1.0
3.0,0.13417807125917827,1.0,0.0007475302685966718,0.05055054097212627,1.0
3.0,0.13417807125917827,2.0,0.0019598740554196774,0.0039731301989702735,1.0
3.0,0.13417807125917827,3.0,0.001967974945974758,0.001211540586490226,1.0
3.0,0.13417807125917827,4.0,0.0015292906424205811,0.0062316748114336455,1.0
3.0,0.13417807125917827,5.0,0.0021408840839377435,0.004170273086645067,1.0
3.0,0.13417807125917827,6.0,0.0023498698294502594,0.0,0.0
3.0,0.13417807125917827,7.0,0.012380967502894552,0.0,0.0
3.0,0.13417807125917827,8.0,0.006049536863199684,0.007413496542840722,1.0
3.0,0.13417807125917827,9.0,0.005447886681035469,0.0007539292757823968,1.0
3.0,0.13417807125917827,10.0,0.002273317389598511,0.028072812609881297,1.0
3.0,0.13417807125917827,11.0,0.0014489179197980605,0.1769412290371076,1.0
3.0,0.13417807125917827,12.0,0.0042442922436198354,0.0,0.0
3.0,0.13417807125917827,13.0,0.007954525113545448,0.0,0.0
3.0,0.13417807125917827,14.0,0.006305545735410459,0.016591961478233958,1.0
3.0,0.13417807125917827,15.0,0.008992554188642764,0.0,0.0
3.0,0.13417807125917827,16.0,0.02107233231551586,3.63668565473843e-08,0.0
3.0,0.13417807125917827,17.0,0.006050876369769462,0.004371152469307052,1.0
3.0,0.13417807125917827,18.0,0.007953597585587705,4.455825720997448e-05,0.0
3.0,0.13417807125917827,19.0,0.005300825838938709,0.0007875965721375089,1.0
3.0,0.13417807125917827,20.0,0.006055071931129055,0.8387938686418563,1.0
3.0,0.13417807125917827,21.0,0.00768728718915968,4.468175344664209e-06,0.0
3.0,0.13417807125917827,22.0,0.0041984219335907975,0.0,0.0
3.0,0.13417807125917827,23.0,0.008110525203405109,0.0014408675616955165,1.0
3.0,0.13417807125917827,24.0,0.00438390077820465,0.00029601684594233736,0.0
3.0,0.13417807125917827,25.0,0.0022888035207608965,0.0768767129755435,1.0
3.0,0.13417807125917827,26.0,0.0035229834954106608,0.0001571142938692904,0.0
3.0,0.13417807125917827,27.0,0.005001827717468765,0.04322632969602041,1.0
3.0,0.13417807125917827,28.0,0.01085682116772136,2.0681145603890827,1.0
3.0,0.13417807125917827,29.0,0.0009335598611898479,0.007799958805715707,1.0
3.0,0.13417807125917827,30.0,0.006941231569678886,3.518882936743599e-05,1.0
3.0,0.13417807125917827,31.0,0.0019508703489454053,0.013117612188886065,1.0
3.0,0.13417807125917827,32.0,0.00555262673191244,0.0004114403572941998,1.0
3.0,0.13417807125917827,33.0,0.0011447101995150958,0.012747325888489681,1.0
3.0,0.13417807125917827,34.0,0.002032233224807385,1.9332418820921269,1.0
3.0,0.13417807125917827,35.0,0.008423268059003045,0.001385502648153095,0.0
3.0,0.13417807125917827,36.0,0.012242069917934471,0.002380108673293212,0.0
3.0,0.13417807125917827,37.0,0.0014417972170735322,0.001067340909517172,1.0
3.0,0.13417807125917827,38.0,0.026610801175122146,0.050019771218642886,1.0
3.0,0.13417807125917827,39.0,0.0016559710443133225,0.09786750487139385,1.0
3.0,0.13417807125917827,40.0,0.012157941416437192,0.006502087397810749,0.0
3.0,0.13417807125917827,41.0,0.004175749409463216,0.0,0.0
3.0,0.13417807125917827,42.0,0.0018477334229170274,0.009979669186492691,1.0
3.0,0.13417807125917827,43.0,0.004400759684623955,0.01932505317845347,0.0
3.0,0.13417807125917827,44.0,0.0033726727105371475,6.233851286375404,1.0
3.0,0.13417807125917827,45.0,0.013170648944257422,0.0,0.0
3.0,0.13417807125917827,46.0,0.0033738616587253717,0.0,0.0
3.0,0.13417807125917827,47.0,0.006807534600676382,1.2308821479466465,1.0
3.0,0.13417807125917827,48.0,0.006356135849080305,0.0004984777726000165,1.0
3.0,0.13417807125917827,49.0,0.018891638570201312,0.005804258599171881,1.0
3.0,0.13417807125917827,50.0,0.0020569867437609515,0.19066488054450262,1.0
3.0,0.13417807125917827,51.0,0.004782000176365367,0.8213904333445713,1.0
3.0,0.13417807125917827,52.0,0.007574104619579678,0.0018474991324543397,0.0
3.0,0.13417807125917827,53.0,0.0023769600346245697,0.020525452921850238,1.0
3.0,0.13417807125917827,54.0,0.0028742821252464913,1.9056033674825055,1.0
3.0,0.13417807125917827,55.0,0.006058465539700758,0.7321922798748376,1.0
3.0,0.13417807125917827,56.0,0.0013639228139740982,0.001123001281802519,1.0
3.0,0.13417807125917827,57.0,0.0031746737532195018,2.0259715963116074,1.0
3.0,0.13417807125917827,58.0,0.011424944760793776,8.719008712826153e-06,1.0
3.0,0.13417807125917827,59.0,0.0036229045905183917,0.0,0.0
3.0,0.13417807125917827,60.0,0.00904775895138051,0.0,0.0
3.0,0.13417807125917827,61.0,0.0029714616756178506,0.0,0.0
3.0,0.13417807125917827,62.0,0.002858313166217305,1.406023811989893,1.0
3.0,0.13417807125917827,63.0,0.013613065078904493,0.0,0.0
3.0,0.13417807125917827,64.0,0.0025552438390397,0.002337176169902513,0.0
3.0,0.13417807125917827,65.0,0.004156154073256341,0.0003136196559379494,0.0
3.0,0.13417807125917827,66.0,0.001551081678005353,0.028992799951021365,1.0
3.0,0.13417807125917827,67.0,0.004846214506554324,0.08221528251267737,1.0
3.0,0.13417807125917827,68.0,0.0032369191128056017,0.0,0.0
3.0,0.13417807125917827,69.0,0.02614570741094821,3.078878325764982e-05,0.0
3.0,0.13417807125917827,70.0,0.006390533791384137,0.23744813933515538,1.0
3.0,0.13417807125917827,71.0,0.006768029725563005,0.0009448471617590102,1.0
3.0,0.13417807125917827,72.0,0.007757532122461848,0.44705179934654815,1.0
3.0,0.13417807125917827,73.0,0.0016614703536738792,1.0838231300975315e-05,1.0
3.0,0.13417807125917827,74.0,0.004388725792898177,0.0,0.0
3.0,0.13417807125917827,75.0,0.00404056205387791,2.6393670587694746,1.0
3.0,0.13417807125917827,76.0,0.0012137620536699799,2.720785924209967,1.0
3.0,0.13417807125917827,77.0,0.0016574599145756227,0.10847412431591195,1.0
3.0,0.13417807125917827,78.0,0.003990386985433361,0.0,0.0
3.0,0.13417807125917827,79.0,0.012874525157652219,0.0,0.0
3.0,0.13417807125917827,80.0,0.0032356063055199984,0.0,0.0
3.0,0.13417807125917827,81.0,0.004378534935331404,0.0009495568933408496,0.0
3.0,0.13417807125917827,82.0,0.005955517032774754,0.07349341107016373,1.0
3.0,0.13417807125917827,83.0,0.0020354714337919135,0.016413240161992453,1.0
3.0,0.13417807125917827,84.0,0.008189068431889924,0.549671659596965,1.0
3.0,0.13417807125917827,85.0,0.006556842286304044,0.0008324858588259341,1.0
3.0,0.13417807125917827,86.0,0.002508666545940442,0.0006528072498841727,1.0
3.0,0.13417807125917827,87.0,0.004481060454647192,0.0035611540526898407,0.0
3.0,0.13417807125917827,88.0,0.0022618268470216774,0.0017653233645164876,0.0
3.0,0.13417807125917827,89.0,0.0035378288240464416,5.623910208246868,1.0
3.0,0.13417807125917827,90.0,0.0006980208705009118,0.00387007566332709,1.0
3.0,0.13417807125917827,91.0,0.0009903122708104309,0.013681977801758347,1.0
3.0,0.13417807125917827,92.0,0.005299123206726068,3.3016322910094185,1.0
3.0,0.13417807125917827,93.0,0.004212173309735483,0.001429155054026698,0.0
3.0,0.13417807125917827,94.0,0.0016301640763184844,0.0020524230176234325,1.0
3.0,0.13417807125917827,95.0,0.003243002708363028,0.0203742732993181,0.0
3.0,0.13417807125917827,96.0,0.007342491062726962,0.023862876388310115,0.0
3.0,0.13417807125917827,97.0,0.007437872244805953,0.0005876174710975352,1.0
3.0,0.13417807125917827,98.0,0.001810249162661591,0.002741025398638876,1.0
3.0,0.13417807125917827,99.0,0.012799108920579338,0.020672601927894038,0.0
3.0,0.13417807125917827,100.0,0.006851658415158907,0.016107775876769766,1.0
3.0,0.13417807125917827,101.0,0.004213439583306975,0.03252620400253103,1.0
3.0,0.13417807125917827,102.0,0.003739814117422727,0.001172365919305799,0.0
3.0,0.13417807125917827,103.0,0.0024170219834344342,0.001643681650101431,1.0
3.0,0.13417807125917827,104.0,0.0011685669209242579,0.0021629678733211116,1.0
3.0,0.13417807125917827,105.0,0.004455792757746719,0.0,0.0
3.0,0.13417807125917827,106.0,0.007941685708793519,0.4992194998102693,1.0
3.0,0.13417807125917827,107.0,0.02645829387045316,0.0,0.0
3.0,0.13417807125917827,108.0,0.007253159026014739,0.2458151440817891,1.0
3.0,0.13417807125917827,109.0,0.0045596322555487585,0.0,0.0
3.0,0.13417807125917827,110.0,0.0019238285949033447,0.00016750323359393952,1.0
3.0,0.13417807125917827,111.0,0.007530826002367974,3.3621991995920935,1.0
3.0,0.13417807125917827,112.0,0.007091833923650516,0.001451983745322452,1.0
3.0,0.13417807125917827,113.0,0.007172006319216696,0.23389847229175192,1.0
3.0,0.13417807125917827,114.0,0.001547104996318806,0.005798176961587136,1.0
3.0,0.13417807125917827,115.0,0.002207784861843282,0.00041608969979176514,1.0
3.0,0.13417807125917827,116.0,0.004177690575166566,0.0,0.0
3.0,0.13417807125917827,117.0,0.013119591116098846,0.0,0.0
3.0,0.13417807125917827,118.0,0.012147304809426007,0.03430935852825994,0.0
3.0,0.13417807125917827,119.0,0.002227978792693642,0.003548633409108402,1.0
3.0,0.13417807125917827,120.0,0.005621746050940721,0.10689494399350812,1.0
3.0,0.13417807125917827,121.0,0.012544956436671337,0.05329457556485121,0.0
3.0,0.13417807125917827,122.0,0.0019400927136310913,2.19017359502119,1.0
3.0,0.13417807125917827,123.0,0.002851093473767328,0.010437692497874447,1.0
3.0,0.13417807125917827,124.0,0.0015852061325604323,0.006460506843476424,1.0
3.0,0.13417807125917827,125.0,0.0021022878776309666,0.0005090209715383477,1.0
3.0,0.13417807125917827,126.0,0.004887270669538277,1.0327822433610203,1.0
3.0,0.13417807125917827,127.0,0.0077689918143405475,0.020352720035664525,0.0
3.0,0.13417807125917827,128.0,0.006881507567896606,1.026508995866294,1.0
3.0,0.13417807125917827,129.0,0.0019791058389644544,0.021438028274997408,1.0
3.0,0.13417807125917827,130.0,0.0019884956131280985,0.0011346230825619386,1.0
3.0,0.13417807125917827,131.0,0.0027676338043453015,0.006893957037985505,1.0
3.0,0.13417807125917827,132.0,0.00430052156375893,0.0,0.0
3.0,0.13417807125917827,133.0,0.002237724818366929,4.3871294397738225,1.0
3.0,0.13417807125917827,134.0,0.0021825580667280777,6.212621486890523e-05,1.0
3.0,0.13417807125917827,135.0,0.0009427139459346317,0.011240184575000532,1.0
3.0,0.13417807125917827,136.0,0.0011694116453120802,0.08733727984965887,1.0
3.0,0.13417807125917827,137.0,0.0018525819741892669,0.004145845826777508,1.0
3.0,0.13417807125917827,138.0,0.009661239935245694,0.020794981715450623,0.0
3.0,0.13417807125917827,139.0,0.004096180865757921,0.0,0.0
3.0,0.13417807125917827,140.0,0.0020478904072653917,0.8412225939952546,1.0
3.0,0.13417807125917827,141.0,0.004191849930831794,0.002620604082387633,0.0
3.0,0.13417807125917827,142.0,0.004126691358488322,0.0009571123099215908,0.0
3.0,0.13417807125917827,143.0,0.006245166135753693,0.01991065568605855,1.0
3.0,0.13417807125917827,144.0,0.00277031282011432,0.0021734502867860202,1.0
3.0,0.13417807125917827,145.0,0.003855117992181885,0.0004981058306946165,0.0
3.0,0.13417807125917827,146.0,0.0017917841950101192,0.03326869470676087,1.0
3.0,0.13417807125917827,147.0,0.005728201551597923,0.002556269985829755,1.0
3.0,0.13417807125917827,148.0,0.0022921007854005814,1.803158695476974,1.0
3.0,0.13417807125917827,149.0,0.0010174777893916258,0.22519215990615138,1.0
3.0,0.13417807125917827,150.0,0.0020282612771593926,0.0015594437183899202,0.0
3.0,0.13417807125917827,151.0,0.004136374645836893,0.02382812668226997,1.0
3.0,0.13417807125917827,152.0,0.002417837938024271,0.0005590143786203625,0.0
3.0,0.13417807125917827,153.0,0.0032285301270839196,0.0,0.0
3.0,0.13417807125917827,154.0,0.007081490600849279,0.0008460714027772068,0.0
3.0,0.13417807125917827,155.0,0.007676748776258125,0.004618034957537636,0.0
3.0,0.13417807125917827,156.0,0.006947613025203983,0.03681859676944269,1.0
3.0,0.13417807125917827,157.0,0.004863232706170565,0.0,0.0
3.0,0.13417807125917827,158.0,0.0014966968811332426,0.003804947887177537,1.0
3.0,0.13417807125917827,159.0,0.03376714230432062,0.8727634407741852,1.0
3.0,0.13417807125917827,160.0,0.0028506873550013436,1.274218850457652,1.0
3.0,0.13417807125917827,161.0,0.00911763207439176,0.0,0.0
3.0,0.13417807125917827,162.0,0.0007819398041660475,0.010870945520310623,1.0
3.0,0.13417807125917827,163.0,0.007048090518961372,0.007357105086462865,1.0
3.0,0.13417807125917827,164.0,0.00975800175919473,0.02045548584093961,0.0
3.0,0.13417807125917827,165.0,0.0074156014972028075,4.577820698264855e-05,0.0
3.0,0.13417807125917827,166.0,0.005489700012362283,0.0002980060349961039,1.0
3.0,0.13417807125917827,167.0,0.0029912795491302056,0.006026580659788322,1.0
3.0,0.13417807125917827,168.0,0.004670119044168319,0.0,0.0
3.0,0.13417807125917827,169.0,0.001712737721571852,9.889434288237795e-05,1.0
3.0,0.13417807125917827,170.0,0.0011746579511106164,0.29405550725857554,1.0
3.0,0.13417807125917827,171.0,0.0020426267364755816,0.20797912724258197,1.0
3.0,0.13417807125917827,172.0,0.0006422033066621568,0.17758031987159753,1.0
3.0,0.13417807125917827,173.0,0.0021514719199675772,0.0410411554551533,1.0
3.0,0.13417807125917827,174.0,0.004475514135950671,0.027050838535735644,0.0
3.0,0.13417807125917827,175.0,0.0017464285529443214,0.0020561803400392185,1.0
3.0,0.13417807125917827,176.0,0.003596682956708652,0.6937862261940301,1.0
3.0,0.13417807125917827,177.0,0.00367373750171595,0.013641921158207277,0.0
3.0,0.13417807125917827,178.0,0.010916283171616296,0.25781718166642387,1.0
3.0,0.13417807125917827,179.0,0.0016410040237997568,0.17492298283261223,1.0
3.0,0.13417807125917827,180.0,0.0055821738621741265,12.066727823599997,1.0
3.0,0.13417807125917827,181.0,0.0014107230089774733,0.06512665453602053,1.0
3.0,0.13417807125917827,182.0,0.0023758688297990742,0.11140065956136533,1.0
3.0,0.13417807125917827,183.0,0.003941768249416313,0.012020871270049282,0.0
3.0,0.13417807125917827,184.0,0.006904121865522931,5.0646253032387594e-05,1.0
3.0,0.13417807125917827,185.0,0.0021975646527467316,1.2470235926276747,1.0
3.0,0.13417807125917827,186.0,0.0037962636714482514,0.018954190450022796,0.0
3.0,0.13417807125917827,187.0,0.0040135388399617005,2.010293399821108e-06,0.0
3.0,0.13417807125917827,188.0,0.0014517778772687345,1.6545940830086863,1.0
3.0,0.13417807125917827,189.0,0.0045719964779850925,1.3333881455651783e-05,0.0
3.0,0.13417807125917827,190.0,0.0006346659513608098,0.0048057302855120665,1.0
3.0,0.13417807125917827,191.0,0.004491077254300537,0.05699550576319435,1.0
3.0,0.13417807125917827,192.0,0.0020179384054499943,0.004100262022613954,1.0
3.0,0.13417807125917827,193.0,0.0010122472923157874,0.0179859525050021,1.0
3.0,0.13417807125917827,194.0,0.005119463987777442,0.9295162198224127,1.0
3.0,0.13417807125917827,195.0,0.003455141825851044,0.021738079711661324,1.0
3.0,0.13417807125917827,196.0,0.001228095937739408,0.0037019408586094742,1.0
3.0,0.13417807125917827,197.0,0.007314256874987406,0.0024395307031350017,1.0
3.0,0.13417807125917827,198.0,0.006050784332475364,0.04911631827116825,1.0
3.0,0.13417807125917827,199.0,0.010208576115943046,0.0003364519818660678,1.0
3.0,0.13417807125917827,200.0,0.0025424740742737957,0.01031961799258438,1.0
3.0,0.13417807125917827,201.0,0.008895179226240463,0.0,0.0
3.0,0.13417807125917827,202.0,0.009841983081748405,0.0,0.0
3.0,0.13417807125917827,203.0,0.0013853379512770232,0.049445363399519,1.0
3.0,0.13417807125917827,204.0,0.007143467036041523,8.131003790692159e-05,1.0
3.0,0.13417807125917827,205.0,0.004589031129299231,0.0,0.0
3.0,0.13417807125917827,206.0,0.007245969223816592,1.9482512197855755,1.0
3.0,0.13417807125917827,207.0,0.004792707226293072,0.0,0.0
3.0,0.13417807125917827,208.0,0.0008031536713806077,0.09427853702192729,1.0
3.0,0.13417807125917827,209.0,0.004299704924615039,0.21281961191580195,1.0
3.0,0.13417807125917827,210.0,0.006144627626860288,0.00011272584478438561,1.0
3.0,0.13417807125917827,211.0,0.009436430443353787,2.9050239177523585,1.0
3.0,0.13417807125917827,212.0,0.005339857912819482,5.54010948846811,1.0
3.0,0.13417807125917827,213.0,0.007704013542299778,0.0,0.0
3.0,0.13417807125917827,214.0,0.0028707718313039214,0.0007151529275430906,0.0
3.0,0.13417807125917827,215.0,0.01197673557053308,0.0004285280924478712,0.0
3.0,0.13417807125917827,216.0,0.005250315080410206,0.00021990837274491777,1.0
3.0,0.13417807125917827,217.0,0.002731572364491247,4.951437536417669,1.0
3.0,0.13417807125917827,218.0,0.0017677124094197477,0.022076201034482473,1.0
3.0,0.13417807125917827,219.0,0.013354696892420269,0.0,0.0
3.0,0.13417807125917827,220.0,0.003903047587653226,0.0024806731201714484,0.0
3.0,0.13417807125917827,221.0,0.0012349696564767961,0.13425903120430838,1.0
3.0,0.13417807125917827,222.0,0.009985047302636073,0.010262498802693264,1.0
3.0,0.13417807125917827,223.0,0.006024724274845013,0.03989228372819854,1.0
3.0,0.13417807125917827,224.0,0.010643569542576075,4.7225346019047415e-05,1.0
3.0,0.13417807125917827,225.0,0.003861758573882503,0.0,0.0
3.0,0.13417807125917827,226.0,0.0022119688222336517,1.5651498833703497,1.0
3.0,0.13417807125917827,227.0,0.00355140528166128,1.7335562892290964e-05,0.0
3.0,0.13417807125917827,228.0,0.002474707699556775,0.10700847661917585,1.0
3.0,0.13417807125917827,229.0,0.002351199453147911,0.000474228395752855,1.0
3.0,0.13417807125917827,230.0,0.005680644066581253,0.0010765632229970247,1.0
3.0,0.13417807125917827,231.0,0.003939465030732801,4.4478515695606935e-05,0.0
3.0,0.13417807125917827,232.0,0.004339039691329191,0.0,0.0
3.0,0.13417807125917827,233.0,0.009488759511033857,0.0013696374857148734,0.0
3.0,0.13417807125917827,234.0,0.001627982820269628,0.00039588841278700033,1.0
3.0,0.13417807125917827,235.0,0.003788378915214774,0.011335812570514976,0.0
3.0,0.13417807125917827,236.0,0.003848945630771241,2.279136103956703e-05,0.0
3.0,0.13417807125917827,237.0,0.002663633896131927,3.6778344046642477,1.0
3.0,0.13417807125917827,238.0,0.001926264378918755,1.9216420097829398e-05,1.0
3.0,0.13417807125917827,239.0,0.009334628668837375,0.0,0.0
3.0,0.13417807125917827,240.0,0.0014584488469102943,0.0009227958851724559,1.0
3.0,0.13417807125917827,241.0,0.0038554968301032413,0.0013236753202582052,0.0
3.0,0.13417807125917827,242.0,0.007229478365914376,0.1782963063698207,1.0
3.0,0.13417807125917827,243.0,0.005655915368030251,0.00024791132112506764,1.0
3.0,0.13417807125917827,244.0,0.009768740362310686,0.0,0.0
3.0,0.13417807125917827,245.0,0.012965647849935421,0.0,0.0
3.0,0.13417807125917827,246.0,0.004799187515601225,9.333793095204116e-06,0.0
3.0,0.13417807125917827,247.0,0.0029971151376301814,0.019841335937967917,0.0
3.0,0.13417807125917827,248.0,0.00410760943381203,0.013167525249943763,1.0
3.0,0.13417807125917827,249.0,0.0037142650193778106,0.00873623804269519,1.0
3.0,0.13417807125917827,250.0,0.009815082768737524,0.0,0.0
3.0,0.13417807125917827,251.0,0.003699600759728865,0.3444785112264389,1.0
3.0,0.13417807125917827,252.0,0.0019311722207368282,0.011753791694932009,1.0
3.0,0.13417807125917827,253.0,0.008754008946155786,0.010133836075030248,0.0
3.0,0.13417807125917827,254.0,0.0019924218020871466,0.16917803636211706,1.0
3.0,0.13417807125917827,255.0,0.004413908355979584,0.0,0.0
3.0,0.13417807125917827,256.0,0.0026903360485896494,6.32715551342505e-05,1.0
3.0,0.13417807125917827,257.0,0.0028883768092442304,0.15963964720565077,1.0
3.0,0.13417807125917827,258.0,0.0018333520803555479,2.489263802684949e-05,0.0
3.0,0.13417807125917827,259.0,0.0037813633509443407,2.4885334229728583e-06,0.0
3.0,0.13417807125917827,260.0,0.0066722300366710095,0.0,0.0
3.0,0.13417807125917827,261.0,0.001529849712511763,5.359284602173577e-05,1.0
3.0,0.13417807125917827,262.0,0.0027731934153309035,8.918055738889332e-06,0.0
3.0,0.13417807125917827,263.0,0.0034655295067678345,0.03303354591810106,1.0
3.0,0.13417807125917827,264.0,0.0017652011713100268,0.0027674020598653717,1.0
3.0,0.13417807125917827,265.0,0.0020784596431767956,0.028478066268091247,1.0
3.0,0.13417807125917827,266.0,0.007105709030494577,0.010335902404814504,1.0
3.0,0.13417807125917827,267.0,0.001774828382280558,0.0018556949286880197,1.0
3.0,0.13417807125917827,268.0,0.0127703913685139,7.801566832994529e-05,0.0
3.0,0.13417807125917827,269.0,0.0039506348557052165,0.010915069605067856,1.0
3.0,0.13417807125917827,270.0,0.0013454901140734226,0.007541637166718817,1.0
3.0,0.13417807125917827,271.0,0.0021455964124550983,0.0024537744254050455,1.0
3.0,0.13417807125917827,272.0,0.010385649439315294,0.0005638226690408327,1.0
3.0,0.13417807125917827,273.0,0.004227295508576479,0.1188041925730221,1.0
3.0,0.13417807125917827,274.0,0.005226944875627216,0.024820066989913746,0.0
3.0,0.13417807125917827,275.0,0.0017562926213888737,3.0422016454454597,1.0
3.0,0.13417807125917827,276.0,0.007108809346348966,0.00020034989949933383,0.0
3.0,0.13417807125917827,277.0,0.0019335686083594337,7.426823273061748e-05,1.0
3.0,0.13417807125917827,278.0,0.0075685759778238056,0.0,0.0
3.0,0.13417807125917827,279.0,0.0018535049973193557,0.00045536233933152887,1.0
3.0,0.13417807125917827,280.0,0.005056993889891464,0.00015193638734349387,1.0
3.0,0.13417807125917827,281.0,0.004124856109723415,0.0,0.0
3.0,0.13417807125917827,282.0,0.002011896350255375,0.12635233818044975,1.0
3.0,0.13417807125917827,283.0,0.005488969763934409,6.913270108058857,1.0
3.0,0.13417807125917827,284.0,0.01245326870314426,0.0,0.0
3.0,0.13417807125917827,285.0,0.003959998723152656,0.0,0.0
3.0,0.13417807125917827,286.0,0.002090171887614424,9.795333585966032,1.0
3.0,0.13417807125917827,287.0,0.0016698668161321604,0.0037205469732071103,1.0
3.0,0.13417807125917827,288.0,0.005687540241566926,0.0020690708531174895,0.0
3.0,0.13417807125917827,289.0,0.004099451456555714,8.263039003351491e-06,0.0
3.0,0.13417807125917827,290.0,0.005202484223179204,0.051394859384877804,1.0
3.0,0.13417807125917827,291.0,0.001953910667630651,0.05512070992633284,1.0
3.0,0.13417807125917827,292.0,0.0011365370211090947,0.033115542304134216,1.0
3.0,0.13417807125917827,293.0,0.004497489873402417,0.007451809264838191,0.0
3.0,0.13417807125917827,294.0,0.005741556107212354,0.15814913418967264,1.0
3.0,0.13417807125917827,295.0,0.002976424533561186,2.7496253493126557e-05,0.0
3.0,0.13417807125917827,296.0,0.008204914212427701,8.227334551297194e-05,1.0
3.0,0.13417807125917827,297.0,0.00205012928643384,0.0007362000278069385,1.0
3.0,0.13417807125917827,298.0,0.0038934591428583243,1.149025898776382e-06,0.0
3.0,0.13417807125917827,299.0,0.0006883748977516363,0.13487310947514794,1.0
3.0,0.13417807125917827,300.0,0.007918457297198757,0.0,0.0
3.0,0.13417807125917827,301.0,0.004058139635830855,0.0,0.0
3.0,0.13417807125917827,302.0,0.002305826411875016,0.005698065244841489,1.0
3.0,0.13417807125917827,303.0,0.004622459747992267,0.468021169715971,1.0
3.0,0.13417807125917827,304.0,0.004274346145567038,0.019520307217842498,0.0
3.0,0.13417807125917827,305.0,0.007212109162704651,0.015883554943672582,1.0
3.0,0.13417807125917827,306.0,0.010058755947897877,0.0003427698276257788,0.0
3.0,0.13417807125917827,307.0,0.004288637721816974,0.0,0.0
3.0,0.13417807125917827,308.0,0.00124232613030531,0.1258185313900704,1.0
3.0,0.13417807125917827,309.0,0.0026473194358803366,4.184057064532625,1.0
3.0,0.13417807125917827,310.0,0.0034095761017495624,8.392751977466524e-05,0.0
3.0,0.13417807125917827,311.0,0.0013103033752302944,0.0023761547594788237,1.0
3.0,0.13417807125917827,312.0,0.005000212039732683,0.0,0.0
3.0,0.13417807125917827,313.0,0.002405320569284753,0.003225194678983419,1.0
3.0,0.13417807125917827,314.0,0.006146754857569643,0.0,0.0
3.0,0.13417807125917827,315.0,0.006515725937442515,0.2728833537876012,1.0
3.0,0.13417807125917827,316.0,0.0061129248226268985,0.012720321936031226,1.0
3.0,0.13417807125917827,317.0,0.002208975015378526,5.7131332579436876e-05,1.0
3.0,0.13417807125917827,318.0,0.002780196785373531,3.183312547833042,1.0
3.0,0.13417807125917827,319.0,0.003915203207983138,2.491520100173417e-05,0.0
3.0,0.13417807125917827,320.0,0.006260343872597595,0.49040278774199225,1.0
3.0,0.13417807125917827,321.0,0.0013943681461875091,0.014892313533132572,1.0
3.0,0.13417807125917827,322.0,0.0011990335129111282,0.12212360739598166,1.0
3.0,0.13417807125917827,323.0,0.0033455127777891752,0.0,0.0
3.0,0.13417807125917827,324.0,0.0042224802381321,0.0,0.0
3.0,0.13417807125917827,325.0,0.001630152109555357,8.61141986456708e-06,1.0
3.0,0.13417807125917827,326.0,0.003877054635363337,0.00037133282775532976,0.0
3.0,0.13417807125917827,327.0,0.0055526289914687044,0.11166585388224753,1.0
3.0,0.13417807125917827,328.0,0.002912315373450435,0.01219843111629783,0.0
3.0,0.13417807125917827,329.0,0.0023629353856250155,0.0056388178464429044,1.0
3.0,0.13417807125917827,330.0,0.004515375521412462,0.00043304993599682624,0.0
3.0,0.13417807125917827,331.0,0.0045181306716494535,0.0,0.0
3.0,0.13417807125917827,332.0,0.0015402610498000211,0.1298279235864717,1.0
3.0,0.13417807125917827,333.0,0.0022606132996603723,0.00013962321890620326,1.0
3.0,0.13417807125917827,334.0,0.006047831203834226,0.08551725565208873,1.0
3.0,0.13417807125917827,335.0,0.0027216694963926214,0.009058058866421297,1.0
3.0,0.13417807125917827,336.0,0.009367303671766705,2.6367353998977646e-06,0.0
3.0,0.13417807125917827,337.0,0.00850062251405003,0.0012829716326747229,1.0
3.0,0.13417807125917827,338.0,0.008919436597931102,0.00021763728865611368,0.0
3.0,0.13417807125917827,339.0,0.0012876533411837617,0.3905727548215196,1.0
3.0,0.13417807125917827,340.0,0.004599299587534723,0.0,0.0
3.0,0.13417807125917827,341.0,0.0042732613283067745,0.0,0.0
3.0,0.13417807125917827,342.0,0.003795541436244872,4.321153105969635e-05,0.0
3.0,0.13417807125917827,343.0,0.009730455527364684,0.00755553894248762,1.0
3.0,0.13417807125917827,344.0,0.006066713061645925,0.005613206037864762,1.0
3.0,0.13417807125917827,345.0,0.0011145989839945435,0.028026765113646906,1.0
3.0,0.13417807125917827,346.0,0.0014892555671203182,0.00048222782722784455,1.0
3.0,0.13417807125917827,347.0,0.004234514292162749,0.0,0.0
3.0,0.13417807125917827,348.0,0.004165757978353122,0.0,0.0
3.0,0.13417807125917827,349.0,0.004594894165911762,0.001119497257870542,1.0
3.0,0.13417807125917827,350.0,0.0022031412896977073,4.0124678058649156e-05,0.0
3.0,0.13417807125917827,351.0,0.0065793509471583755,5.141269956679976,1.0
3.0,0.13417807125917827,352.0,0.0027666751813859186,0.0,0.0
3.0,0.13417807125917827,353.0,0.0006578181722942291,0.0018555851745066779,1.0
3.0,0.13417807125917827,354.0,0.0019047568099241775,0.019887718242400834,1.0
3.0,0.13417807125917827,355.0,0.009163090122871084,0.0,0.0
3.0,0.13417807125917827,356.0,0.007883309342445216,0.001346374650687037,0.0
3.0,0.13417807125917827,357.0,0.006049299508097942,0.005968135685597468,1.0
3.0,0.13417807125917827,358.0,0.012463242757618611,0.0038116197844561745,0.0
3.0,0.13417807125917827,359.0,0.009218840462733318,0.000918269442033737,0.0
3.0,0.13417807125917827,360.0,0.0019552036603221945,0.10488118324836745,1.0
3.0,0.13417807125917827,361.0,0.001939606226142271,0.03621879549891557,1.0
3.0,0.13417807125917827,362.0,0.0008941052976161958,0.09244174926991251,1.0
3.0,0.13417807125917827,363.0,0.0043166283940992145,0.0,0.0
3.0,0.13417807125917827,364.0,0.005328371167419401,0.003131385589457552,1.0
3.0,0.13417807125917827,365.0,0.0061143591380591195,0.024858963977678235,1.0
3.0,0.13417807125917827,366.0,0.013169020434406981,4.430975484307168e-06,0.0
3.0,0.13417807125917827,367.0,0.003462619540550208,7.854405074853607e-07,0.0
3.0,0.13417807125917827,368.0,0.00904660373763185,0.00305121093593655,0.0
3.0,0.13417807125917827,369.0,0.003554386677983622,0.0001466602685547436,0.0
3.0,0.13417807125917827,370.0,0.0014505902344349076,0.015975595998883388,1.0
3.0,0.13417807125917827,371.0,0.003011508045448737,7.916858586022535e-05,0.0
3.0,0.13417807125917827,372.0,0.0035135915868257815,0.11644071957613422,1.0
3.0,0.13417807125917827,373.0,0.010452383130150605,5.354912683911499,1.0
3.0,0.13417807125917827,374.0,0.009361560258461491,0.0,0.0
3.0,0.13417807125917827,375.0,0.0003730910905282894,0.008644726658487681,1.0
3.0,0.13417807125917827,376.0,0.0030643855608668553,6.9306294338753816,1.0
3.0,0.13417807125917827,377.0,0.0022360272639483474,7.437921482024158,1.0
3.0,0.13417807125917827,378.0,0.002515738755879007,0.0,0.0
3.0,0.13417807125917827,379.0,0.004217533654933735,0.0,0.0
3.0,0.13417807125917827,380.0,0.002840237647545568,0.04909050113223766,1.0
3.0,0.13417807125917827,381.0,0.0021770119531607226,1.5968071664003383,1.0
3.0,0.13417807125917827,382.0,0.004165370803375307,0.0,0.0
3.0,0.13417807125917827,383.0,0.001322476428311168,0.026360822538300927,1.0
3.0,0.13417807125917827,384.0,0.0028291446307187095,0.0016887978258283791,1.0
3.0,0.13417807125917827,385.0,0.008763304844558865,0.07006700520387052,1.0
3.0,0.13417807125917827,386.0,0.0062748355870410255,0.36303506724967943,1.0
3.0,0.13417807125917827,387.0,0.0076405679203758545,3.3783985064586275e-05,1.0
3.0,0.13417807125917827,388.0,0.001985131034521715,0.0014908854618254641,1.0
3.0,0.13417807125917827,389.0,0.001645311704937072,0.06209188819109728,1.0
3.0,0.13417807125917827,390.0,0.0012711913508263095,0.0032209876484559047,1.0
3.0,0.13417807125917827,391.0,0.0039345744995699155,0.0,0.0
3.0,0.13417807125917827,392.0,0.004215848737476442,0.006667001312085996,0.0
3.0,0.13417807125917827,393.0,0.00235493445072512,0.0,0.0
3.0,0.13417807125917827,394.0,0.0033708718277507413,5.067273005438331,1.0
3.0,0.13417807125917827,395.0,0.00401323013213766,8.52159203134041e-07,0.0
3.0,0.13417807125917827,396.0,0.002706161602820021,0.00045431902326208124,0.0
3.0,0.13417807125917827,397.0,0.0026203337104183048,0.2721020984514386,1.0
3.0,0.13417807125917827,398.0,0.0017062671205493778,0.04404758032735966,1.0
3.0,0.13417807125917827,399.0,0.0029501403128315822,0.0023079115835387977,1.0
3.0,0.20126710688876742,0.0,0.005936678225596871,0.006418375895335892,1.0
3.0,0.20126710688876742,1.0,0.0016931635082134584,0.04024183514779095,1.0
3.0,0.20126710688876742,2.0,0.0019320927067112677,0.0036689223073892224,1.0
3.0,0.20126710688876742,3.0,0.002290123452247588,0.001193789768339978,1.0
3.0,0.20126710688876742,4.0,0.0016387539401040018,0.004617529110970693,1.0
3.0,0.20126710688876742,5.0,0.0034318272967483123,0.004092037489370555,1.0
3.0,0.20126710688876742,6.0,0.004556846218671969,0.0,0.0
3.0,0.20126710688876742,7.0,0.020922159093783838,0.0,0.0
3.0,0.20126710688876742,8.0,0.006049536863199684,0.007277053149785443,1.0
3.0,0.20126710688876742,9.0,0.005902065694691088,0.0006356909848717337,1.0
3.0,0.20126710688876742,10.0,0.002951244479512667,0.03772559675031889,1.0
3.0,0.20126710688876742,11.0,0.0020719784792803285,0.30073373273820403,1.0
3.0,0.20126710688876742,12.0,0.011467791087708052,0.0,0.0
3.0,0.20126710688876742,13.0,0.011046110739032684,0.0,0.0
3.0,0.20126710688876742,14.0,0.006521859935999209,0.013390086975865986,1.0
3.0,0.20126710688876742,15.0,0.01241465352563866,0.0,0.0
3.0,0.20126710688876742,16.0,0.030970501443288306,3.3984905009068615e-08,0.0
3.0,0.20126710688876742,17.0,0.006050876369769462,0.0034677183952674436,1.0
3.0,0.20126710688876742,18.0,0.011169194404519129,4.128929851278263e-05,0.0
3.0,0.20126710688876742,19.0,0.006564854746155168,0.0006983601326314965,1.0
3.0,0.20126710688876742,20.0,0.006478538373815375,0.7559041232886998,1.0
3.0,0.20126710688876742,21.0,0.010792997793877003,4.000897416628228e-06,0.0
3.0,0.20126710688876742,22.0,0.007288870508762868,0.0,0.0
3.0,0.20126710688876742,23.0,0.00954606556051847,0.0006364285366309868,1.0
3.0,0.20126710688876742,24.0,0.00748099661780697,0.00029061701354119764,0.0
3.0,0.20126710688876742,25.0,0.00732887087336038,0.03141046597707196,0.0
3.0,0.20126710688876742,26.0,0.006430089076222454,0.00015162507370968393,0.0
3.0,0.20126710688876742,27.0,0.005109411526026893,0.07259064966115747,1.0
3.0,0.20126710688876742,28.0,0.011374974165235661,1.8922138724176474,1.0
3.0,0.20126710688876742,29.0,0.0006061380923933151,0.008177365833313745,1.0
3.0,0.20126710688876742,30.0,0.007750810813098673,3.4983652587348316e-05,1.0
3.0,0.20126710688876742,31.0,0.003193101119413967,0.013111358643569037,1.0
3.0,0.20126710688876742,32.0,0.005006632361802374,0.00028758357722449693,1.0
3.0,0.20126710688876742,33.0,0.0014358329149964325,0.01208448315794862,1.0
3.0,0.20126710688876742,34.0,0.003055249845163032,1.759871912473807,1.0
3.0,0.20126710688876742,35.0,0.011436450248651,0.0012492108850478737,0.0
3.0,0.20126710688876742,36.0,0.020818935948234456,0.00237558469339507,0.0
3.0,0.20126710688876742,37.0,0.0015048505332004142,0.0016679901423751907,1.0
3.0,0.20126710688876742,38.0,0.030477024351859887,0.03480356200750268,1.0
3.0,0.20126710688876742,39.0,0.0012331750215656544,0.1120785219792796,1.0
3.0,0.20126710688876742,40.0,0.02061326689573282,0.004207179759383628,0.0
3.0,0.20126710688876742,41.0,0.0112562276238047,0.0,0.0
3.0,0.20126710688876742,42.0,0.0030494317318240757,0.008583345229422114,1.0
3.0,0.20126710688876742,43.0,0.011725722037774148,0.019056739579947732,0.0
3.0,0.20126710688876742,44.0,0.0036904797870978604,5.5083180822164515,1.0
3.0,0.20126710688876742,45.0,0.02211048104373415,0.0,0.0
3.0,0.20126710688876742,46.0,0.005723976180949553,0.0,0.0
3.0,0.20126710688876742,47.0,0.007067801376183492,0.6740097628287068,1.0
3.0,0.20126710688876742,48.0,0.007118468377086349,0.0004309942153749797,1.0
3.0,0.20126710688876742,49.0,0.0292535655893061,0.004653098916863774,0.0
3.0,0.20126710688876742,50.0,0.0021442035545254385,0.20767012158857148,1.0
3.0,0.20126710688876742,51.0,0.006693604210438558,0.5124356673463808,1.0
3.0,0.20126710688876742,52.0,0.008923339663197421,0.0018419523614988146,0.0
3.0,0.20126710688876742,53.0,0.00300003147775065,0.019333828830578832,1.0
3.0,0.20126710688876742,54.0,0.0030761732825078936,1.7879848202806177,1.0
3.0,0.20126710688876742,55.0,0.006058465539700758,0.7241134484184594,1.0
3.0,0.20126710688876742,56.0,0.0018599597021107404,0.0010669373128100244,1.0
3.0,0.20126710688876742,57.0,0.003450564169127104,1.5791073907274114,1.0
3.0,0.20126710688876742,58.0,0.021588467532154314,5.107926078007746e-06,0.0
3.0,0.20126710688876742,59.0,0.0061397349072338375,0.0,0.0
3.0,0.20126710688876742,60.0,0.01202190844268269,0.0,0.0
3.0,0.20126710688876742,61.0,0.005173435006461332,0.0,0.0
3.0,0.20126710688876742,62.0,0.004033436606425234,1.2576803556642253,1.0
3.0,0.20126710688876742,63.0,0.022775496268028394,0.0,0.0
3.0,0.20126710688876742,64.0,0.004854237663874634,0.002309966336458849,0.0
3.0,0.20126710688876742,65.0,0.0073745509739993305,0.0003132063274384647,0.0
3.0,0.20126710688876742,66.0,0.0017524872285163428,0.07409680700475992,1.0
3.0,0.20126710688876742,67.0,0.004800689218448952,0.0722328926565362,1.0
3.0,0.20126710688876742,68.0,0.005514630726327622,0.0,0.0
3.0,0.20126710688876742,69.0,0.03880521312856489,3.052586519855091e-05,0.0
3.0,0.20126710688876742,70.0,0.006855575046668096,0.16168912597219903,1.0
3.0,0.20126710688876742,71.0,0.005653042526030782,0.0012892071939979105,1.0
3.0,0.20126710688876742,72.0,0.01197907912240213,0.4587920125282966,1.0
3.0,0.20126710688876742,73.0,0.0105317116132266,3.29610575756603e-06,0.0
3.0,0.20126710688876742,74.0,0.00754285693079664,0.0,0.0
3.0,0.20126710688876742,75.0,0.006179798254805762,2.3891050972239367,1.0
3.0,0.20126710688876742,76.0,0.001632543535087003,2.7908269583432888,1.0
3.0,0.20126710688876742,77.0,0.002026870302517002,0.06687576853509174,1.0
3.0,0.20126710688876742,78.0,0.007013007683408576,0.0,0.0
3.0,0.20126710688876742,79.0,0.021318758444834537,0.0,0.0
3.0,0.20126710688876742,80.0,0.0055222751879036285,0.0,0.0
3.0,0.20126710688876742,81.0,0.007450424530375468,0.0009490499379431515,0.0
3.0,0.20126710688876742,82.0,0.005943331098528294,0.06942496471498925,1.0
3.0,0.20126710688876742,83.0,0.0019110680473025288,0.021306486879737567,1.0
3.0,0.20126710688876742,84.0,0.0071684638361776,1.3634889193422894,1.0
3.0,0.20126710688876742,85.0,0.006983694073135529,0.000886362782502755,1.0
3.0,0.20126710688876742,86.0,0.001799108541337861,0.0010091536545670473,1.0
3.0,0.20126710688876742,87.0,0.007618341091243619,0.003274748587456341,0.0
3.0,0.20126710688876742,88.0,0.004423055042944978,0.0017586669005292157,0.0
3.0,0.20126710688876742,89.0,0.0012311139961177203,5.088980585562583,1.0
3.0,0.20126710688876742,90.0,0.0009765983174955593,0.003867206713497662,1.0
3.0,0.20126710688876742,91.0,0.0015454457111750352,0.012911837918507191,1.0
3.0,0.20126710688876742,92.0,0.004996930530099121,3.036850319237263,1.0
3.0,0.20126710688876742,93.0,0.0073476065705173075,0.0014234797658547887,0.0
3.0,0.20126710688876742,94.0,0.0029239771954929755,0.0018367326796885244,1.0
3.0,0.20126710688876742,95.0,0.005584470466934461,0.020212352833975076,0.0
3.0,0.20126710688876742,96.0,0.010286521434387312,0.023861970268829344,0.0
3.0,0.20126710688876742,97.0,0.007005902215017295,0.0005300452786293692,1.0
3.0,0.20126710688876742,98.0,0.0029888996396040014,0.004887676530831125,1.0
3.0,0.20126710688876742,99.0,0.021576801678488168,0.020391843041516564,0.0
3.0,0.20126710688876742,100.0,0.006516518050274044,0.01700233198872089,1.0
3.0,0.20126710688876742,101.0,0.004683420014437819,0.031378105558834656,1.0
3.0,0.20126710688876742,102.0,0.010616538399531299,0.000920447833282351,0.0
3.0,0.20126710688876742,103.0,0.0020965215216110673,0.05129719119544071,1.0
3.0,0.20126710688876742,104.0,0.0010002877076743647,0.0021896590519104742,1.0
3.0,0.20126710688876742,105.0,0.007775958875586335,0.0,0.0
3.0,0.20126710688876742,106.0,0.010679605196770076,0.5043456338576078,1.0
3.0,0.20126710688876742,107.0,0.03239293294468032,0.0,0.0
3.0,0.20126710688876742,108.0,0.009592953173556639,0.21060629378555903,1.0
3.0,0.20126710688876742,109.0,0.011970636033627365,0.0,0.0
3.0,0.20126710688876742,110.0,0.0011285690895003427,0.00016635084492875644,1.0
3.0,0.20126710688876742,111.0,0.006660959095769036,3.039425502468578,1.0
3.0,0.20126710688876742,112.0,0.006818770260706334,0.0014537936940852553,1.0
3.0,0.20126710688876742,113.0,0.007310303771622421,0.25705649022095717,1.0
3.0,0.20126710688876742,114.0,0.0019104580953776653,0.00843855658821752,1.0
3.0,0.20126710688876742,115.0,0.003656486312655479,0.0008743905210677189,1.0
3.0,0.20126710688876742,116.0,0.007310963394555808,0.0,0.0
3.0,0.20126710688876742,117.0,0.021979633014495993,0.0,0.0
3.0,0.20126710688876742,118.0,0.02066613246639124,0.027291718881013165,0.0
3.0,0.20126710688876742,119.0,0.0031697813380646206,0.0033687773400414896,1.0
3.0,0.20126710688876742,120.0,0.0059085052042372735,0.1030331915964713,1.0
3.0,0.20126710688876742,121.0,0.021252434551251573,0.046216953297885714,0.0
3.0,0.20126710688876742,122.0,0.003366160794121383,1.8880189859881575,1.0
3.0,0.20126710688876742,123.0,0.003533503728323728,0.010628599131797816,1.0
3.0,0.20126710688876742,124.0,0.0009182632039607581,0.006807834198110311,1.0
3.0,0.20126710688876742,125.0,0.0024369111076570213,0.00048407574447300043,1.0
3.0,0.20126710688876742,126.0,0.005983708373266007,0.6245595507621934,1.0
3.0,0.20126710688876742,127.0,0.010796071331873906,0.020244708215451043,0.0
3.0,0.20126710688876742,128.0,0.007127131156111973,1.0264894642133164,1.0
3.0,0.20126710688876742,129.0,0.004327780185039352,0.01917257903375745,1.0
3.0,0.20126710688876742,130.0,0.0020800018730632304,0.002903405379255801,1.0
3.0,0.20126710688876742,131.0,0.0029701327042277433,0.006985130512411119,1.0
3.0,0.20126710688876742,132.0,0.011498760295732536,0.0,0.0
3.0,0.20126710688876742,133.0,0.0035053593821624523,3.4750002976205265,1.0
3.0,0.20126710688876742,134.0,0.003815896624074301,5.235173451098423e-05,1.0
3.0,0.20126710688876742,135.0,0.0012352135863876758,0.011189185771036158,1.0
3.0,0.20126710688876742,136.0,0.001386672480290447,0.17491455120895824,1.0
3.0,0.20126710688876742,137.0,0.0019001552877984113,0.004796317326351159,1.0
3.0,0.20126710688876742,138.0,0.01266523688217004,0.020464702459788466,0.0
3.0,0.20126710688876742,139.0,0.005431140262255453,0.0,0.0
3.0,0.20126710688876742,140.0,0.0038908742379889258,0.7614361832543762,1.0
3.0,0.20126710688876742,141.0,0.011347119176227707,0.0026198975962630432,0.0
3.0,0.20126710688876742,142.0,0.007250495892432003,0.0009537508568820852,0.0
3.0,0.20126710688876742,143.0,0.006282613373531236,0.01858564298143328,1.0
3.0,0.20126710688876742,144.0,0.0020713312529586085,0.00800415145860465,1.0
3.0,0.20126710688876742,145.0,0.006850193482087709,0.0004978675218873568,0.0
3.0,0.20126710688876742,146.0,0.010767816325017724,0.0036327454764597364,0.0
3.0,0.20126710688876742,147.0,0.005324452314644122,0.0028722768557803975,1.0
3.0,0.20126710688876742,148.0,0.002022090797936806,1.7523718065347982,1.0
3.0,0.20126710688876742,149.0,0.0009488288233929664,0.21037680818162213,1.0
3.0,0.20126710688876742,150.0,0.004067058698728211,0.0015073200941200066,0.0
3.0,0.20126710688876742,151.0,0.004462145349478919,0.02347397767616381,1.0
3.0,0.20126710688876742,152.0,0.004642650409170182,0.0005588866485854323,0.0
3.0,0.20126710688876742,153.0,0.005516578864276648,0.0,0.0
3.0,0.20126710688876742,154.0,0.009974897989898607,0.0008357855368199601,0.0
3.0,0.20126710688876742,155.0,0.014592232510138813,0.004124143088693609,0.0
3.0,0.20126710688876742,156.0,0.007031891672930036,0.033370851087285915,1.0
3.0,0.20126710688876742,157.0,0.008038221269565472,0.0,0.0
3.0,0.20126710688876742,158.0,0.0016479351901918429,0.01284419649979106,1.0
3.0,0.20126710688876742,159.0,0.040489444862939955,3.158001297582235,1.0
3.0,0.20126710688876742,160.0,0.0038466655379423365,1.1471605815612382,1.0
3.0,0.20126710688876742,161.0,0.012158533381355821,0.0,0.0
3.0,0.20126710688876742,162.0,0.0011560144587909943,0.01693134834755698,1.0
3.0,0.20126710688876742,163.0,0.006980327751859451,0.007331366272226712,1.0
3.0,0.20126710688876742,164.0,0.012752631002215164,0.020109188257104574,0.0
3.0,0.20126710688876742,165.0,0.010435874278461706,4.5591528465372995e-05,0.0
3.0,0.20126710688876742,166.0,0.005581952531373981,0.00030979109844514496,1.0
3.0,0.20126710688876742,167.0,0.00351881362420535,0.006045663785520415,1.0
3.0,0.20126710688876742,168.0,0.007799545099543987,0.0,0.0
3.0,0.20126710688876742,169.0,0.006737021399776971,3.7197534747484184e-05,0.0
3.0,0.20126710688876742,170.0,0.0014859314628202303,0.12401660378342869,1.0
3.0,0.20126710688876742,171.0,0.0029833557132994994,0.16700797766894693,1.0
3.0,0.20126710688876742,172.0,0.002001167043258754,0.14280221154241268,1.0
3.0,0.20126710688876742,173.0,0.0018829675524215817,0.036958548587205514,1.0
3.0,0.20126710688876742,174.0,0.007538456693097604,0.02618683290145956,0.0
3.0,0.20126710688876742,175.0,0.003771483205101584,0.0019145286500270712,1.0
3.0,0.20126710688876742,176.0,0.0022061312208432678,0.6352377886303434,1.0
3.0,0.20126710688876742,177.0,0.006632023714169215,0.013640834545755527,0.0
3.0,0.20126710688876742,178.0,0.011969877430859208,0.17795343170441136,1.0
3.0,0.20126710688876742,179.0,0.006597233776869113,0.13751461956004313,0.0
3.0,0.20126710688876742,180.0,0.005811462992088001,11.784743980092578,1.0
3.0,0.20126710688876742,181.0,0.003067112578589464,0.06290171809861049,1.0
3.0,0.20126710688876742,182.0,0.00323441088937957,0.10451529194375553,1.0
3.0,0.20126710688876742,183.0,0.006979904459595645,0.011581044296570343,0.0
3.0,0.20126710688876742,184.0,0.006904121865522926,2.566165889053694e-05,1.0
3.0,0.20126710688876742,185.0,0.002747722751451374,1.1955935307801264,1.0
3.0,0.20126710688876742,186.0,0.006785200628189073,0.01894330567140644,0.0
3.0,0.20126710688876742,187.0,0.007113246199543141,1.948171938623566e-06,0.0
3.0,0.20126710688876742,188.0,0.0029107022744529003,1.4341171446785468,1.0
3.0,0.20126710688876742,189.0,0.007756368703972753,1.3222308644298651e-05,0.0
3.0,0.20126710688876742,190.0,0.0008936306492422874,0.004580505305689498,1.0
3.0,0.20126710688876742,191.0,0.005539166931695872,0.06157328470572753,1.0
3.0,0.20126710688876742,192.0,0.0011488256042899328,0.008637073058801006,1.0
3.0,0.20126710688876742,193.0,0.0021280035948134787,0.0136408335834028,1.0
3.0,0.20126710688876742,194.0,0.006326381360972139,0.6218341339968888,1.0
3.0,0.20126710688876742,195.0,0.0039001991795163497,0.020762080198947108,1.0
3.0,0.20126710688876742,196.0,0.0016559288841698624,0.003940743115951054,1.0
3.0,0.20126710688876742,197.0,0.006723328441451055,0.002115291989650038,1.0
3.0,0.20126710688876742,198.0,0.0060546670449311705,0.04759468215504557,1.0
3.0,0.20126710688876742,199.0,0.007041472095952394,0.012916010470151534,1.0
3.0,0.20126710688876742,200.0,0.0025767432165485823,0.035442146345071236,1.0
3.0,0.20126710688876742,201.0,0.011791513000296159,0.0,0.0
3.0,0.20126710688876742,202.0,0.012922469881672373,0.0,0.0
3.0,0.20126710688876742,203.0,0.0017309718493307333,0.044620151858477015,1.0
3.0,0.20126710688876742,204.0,0.006982275251375779,5.3036881756826434e-05,1.0
3.0,0.20126710688876742,205.0,0.007818517408048682,0.0,0.0
3.0,0.20126710688876742,206.0,0.006755875787909596,1.9989182337819147,1.0
3.0,0.20126710688876742,207.0,0.007967971559626313,0.0,0.0
3.0,0.20126710688876742,208.0,0.0012057306759948967,0.08948112610676086,1.0
3.0,0.20126710688876742,209.0,0.0045052049626702366,0.19534524343798737,1.0
3.0,0.20126710688876742,210.0,0.006731358046995111,2.7244927652851967e-05,1.0
3.0,0.20126710688876742,211.0,0.009666324609051879,2.5456441301845474,1.0
3.0,0.20126710688876742,212.0,0.005781145431800362,4.79577162412437,1.0
3.0,0.20126710688876742,213.0,0.01075871558170277,0.0,0.0
3.0,0.20126710688876742,214.0,0.005011918459186342,0.0007132175263348127,0.0
3.0,0.20126710688876742,215.0,0.020395153380796286,0.0003023038038095832,0.0
3.0,0.20126710688876742,216.0,0.0058267549581666675,0.0002115851287986361,1.0
3.0,0.20126710688876742,217.0,0.0022410747747013187,4.531908511701838,1.0
3.0,0.20126710688876742,218.0,0.0029516461422288776,0.022658840103431194,1.0
3.0,0.20126710688876742,219.0,0.0221820708920116,0.0,0.0
3.0,0.20126710688876742,220.0,0.010931420769253306,0.0023145558698288923,0.0
3.0,0.20126710688876742,221.0,0.0012779721886026802,0.4110527624437522,1.0
3.0,0.20126710688876742,222.0,0.008115034123648833,0.008756779689099293,1.0
3.0,0.20126710688876742,223.0,0.006393083537690427,0.03571673696600609,1.0
3.0,0.20126710688876742,224.0,0.006258566762981382,0.0001581168561983798,1.0
3.0,0.20126710688876742,225.0,0.010702271977557663,0.0,0.0
3.0,0.20126710688876742,226.0,0.0018519319019878106,1.2263495798694106,1.0
3.0,0.20126710688876742,227.0,0.006450911316099697,1.669089030520456e-05,0.0
3.0,0.20126710688876742,228.0,0.003183585414142825,0.1052316977268822,1.0
3.0,0.20126710688876742,229.0,0.0034626692514489995,0.000362533955874498,1.0
3.0,0.20126710688876742,230.0,0.005698106066327973,0.0010294026869359005,1.0
3.0,0.20126710688876742,231.0,0.010928530743278358,4.277447567677799e-05,0.0
3.0,0.20126710688876742,232.0,0.007465640570882117,0.0,0.0
3.0,0.20126710688876742,233.0,0.012450766654995886,0.0013482886920755351,0.0
3.0,0.20126710688876742,234.0,0.002030265407716128,0.0002655416370635487,1.0
3.0,0.20126710688876742,235.0,0.006794531869719544,0.008800790203572585,0.0
3.0,0.20126710688876742,236.0,0.006842287595832608,2.0747140323000987e-05,0.0
3.0,0.20126710688876742,237.0,0.003090831670388502,3.52360949285707,1.0
3.0,0.20126710688876742,238.0,0.002377220763914268,1.7062339751666227e-05,1.0
3.0,0.20126710688876742,239.0,0.012422480456513523,0.0,0.0
3.0,0.20126710688876742,240.0,0.0018047444533272968,0.002268087308454088,1.0
3.0,0.20126710688876742,241.0,0.006906771905901096,0.001304272906541442,0.0
3.0,0.20126710688876742,242.0,0.008990121988089902,0.2812754817518404,1.0
3.0,0.20126710688876742,243.0,0.005857230887468489,0.00032653444318108397,1.0
3.0,0.20126710688876742,244.0,0.012767722528671921,0.0,0.0
3.0,0.20126710688876742,245.0,0.021850639753129238,0.0,0.0
3.0,0.20126710688876742,246.0,0.00801394400499194,9.097882533711176e-06,0.0
3.0,0.20126710688876742,247.0,0.005268028812406085,0.019817883578649616,0.0
3.0,0.20126710688876742,248.0,0.004295323847161045,0.023172156114497838,1.0
3.0,0.20126710688876742,249.0,0.004861241339594552,0.008688791920546241,1.0
3.0,0.20126710688876742,250.0,0.012860747492344105,0.0,0.0
3.0,0.20126710688876742,251.0,0.0073500487946407105,0.32099120121709507,1.0
3.0,0.20126710688876742,252.0,0.001887067964445619,0.00979164843338919,1.0
3.0,0.20126710688876742,253.0,0.015516615247968905,0.009602886955905623,0.0
3.0,0.20126710688876742,254.0,0.0026147751853731376,0.15383878119141584,1.0
3.0,0.20126710688876742,255.0,0.007560128080902135,0.0,0.0
3.0,0.20126710688876742,256.0,0.0032460330368306537,6.036202632306973e-05,1.0
3.0,0.20126710688876742,257.0,0.0030048972664835473,0.14970144557471785,1.0
3.0,0.20126710688876742,258.0,0.0038744875801019173,2.2940885561905765e-05,0.0
3.0,0.20126710688876742,259.0,0.01073469561626188,2.3883031054052966e-06,0.0
3.0,0.20126710688876742,260.0,0.009937089329619977,0.0,0.0
3.0,0.20126710688876742,261.0,0.0017157930933997337,5.041423285636274e-05,1.0
3.0,0.20126710688876742,262.0,0.00502655013834138,8.892839751501292e-06,0.0
3.0,0.20126710688876742,263.0,0.00423613145178558,0.03095288673593791,1.0
3.0,0.20126710688876742,264.0,0.0026649898521896426,0.00459000988159283,1.0
3.0,0.20126710688876742,265.0,0.0018199483710150295,0.031683361477315417,1.0
3.0,0.20126710688876742,266.0,0.009621097743923383,0.007707690976696987,1.0
3.0,0.20126710688876742,267.0,0.0022733947716253554,0.001755538763497078,1.0
3.0,0.20126710688876742,268.0,0.02153551001425365,7.588778623545698e-05,0.0
3.0,0.20126710688876742,269.0,0.008280304920753564,0.005110318785169741,1.0
3.0,0.20126710688876742,270.0,0.0022518384358148303,0.0071378169684012584,1.0
3.0,0.20126710688876742,271.0,0.0017475086647619907,0.0021211301622308574,1.0
3.0,0.20126710688876742,272.0,0.00723230706941342,0.0002561048438498016,1.0
3.0,0.20126710688876742,273.0,0.004830220492926807,0.11208592549301738,1.0
3.0,0.20126710688876742,274.0,0.008418941386366972,0.02461235856717915,0.0
3.0,0.20126710688876742,275.0,0.0014071789392066344,2.719382184063935,1.0
3.0,0.20126710688876742,276.0,0.01000515937780258,0.00019894829035754262,0.0
3.0,0.20126710688876742,277.0,0.0021196581586333633,0.00010151801675515079,1.0
3.0,0.20126710688876742,278.0,0.010596167580707971,0.0,0.0
3.0,0.20126710688876742,279.0,0.0014542448303529111,0.0005590281315596033,1.0
3.0,0.20126710688876742,280.0,0.018879223804021454,4.418031035986279e-05,0.0
3.0,0.20126710688876742,281.0,0.00716948694589155,0.0,0.0
3.0,0.20126710688876742,282.0,0.002213791755451297,0.13076529960517216,1.0
3.0,0.20126710688876742,283.0,0.006490256740538606,7.0486853492214765,1.0
3.0,0.20126710688876742,284.0,0.02105671735484755,0.0,0.0
3.0,0.20126710688876742,285.0,0.010917135082140612,0.0,0.0
3.0,0.20126710688876742,286.0,0.0030537103662027897,9.242637437157418,1.0
3.0,0.20126710688876742,287.0,0.0022701223169513196,0.0036475221454522525,1.0
3.0,0.20126710688876742,288.0,0.00904539934391478,0.0020684211032962678,0.0
3.0,0.20126710688876742,289.0,0.011176454592036623,7.965618324247383e-06,0.0
3.0,0.20126710688876742,290.0,0.005481898778087203,0.04902133428619053,1.0
3.0,0.20126710688876742,291.0,0.001596711845403576,0.04322707266004787,1.0
3.0,0.20126710688876742,292.0,0.0024818476957227053,0.049691033660855345,1.0
3.0,0.20126710688876742,293.0,0.007643908598155995,0.007443876957982343,0.0
3.0,0.20126710688876742,294.0,0.005822688896933225,0.1463405283955482,1.0
3.0,0.20126710688876742,295.0,0.00524693222750228,2.7420678751629315e-05,0.0
3.0,0.20126710688876742,296.0,0.00574107762958,0.0002959699273943715,1.0
3.0,0.20126710688876742,297.0,0.0028221630630067412,0.0006934321146147242,1.0
3.0,0.20126710688876742,298.0,0.010963957751108984,1.1049030090974556e-06,0.0
3.0,0.20126710688876742,299.0,0.0014781165896293417,0.16601269889873907,1.0
3.0,0.20126710688876742,300.0,0.011025933331340186,0.0,0.0
3.0,0.20126710688876742,301.0,0.011072591188859407,0.0,0.0
3.0,0.20126710688876742,302.0,0.0018259651056388797,0.005208991984831902,1.0
3.0,0.20126710688876742,303.0,0.004670131700821257,0.5689636798405348,1.0
3.0,0.20126710688876742,304.0,0.007388930226821898,0.019329998612758876,0.0
3.0,0.20126710688876742,305.0,0.006377803492156358,0.008534367485170648,1.0
3.0,0.20126710688876742,306.0,0.01717253814130508,0.0003331394029162542,0.0
3.0,0.20126710688876742,307.0,0.011464051607052519,0.0,0.0
3.0,0.20126710688876742,308.0,0.0014525162095917357,0.2135374306601944,1.0
3.0,0.20126710688876742,309.0,0.0026298728078244424,3.7018975586780085,1.0
3.0,0.20126710688876742,310.0,0.0063187861315509505,8.082416136502285e-05,0.0
3.0,0.20126710688876742,311.0,0.0011350632212928028,0.0021892797168656082,1.0
3.0,0.20126710688876742,312.0,0.008191416158024881,0.0,0.0
3.0,0.20126710688876742,313.0,0.004174290752706429,0.005236281551228307,1.0
3.0,0.20126710688876742,314.0,0.009659697546998138,0.0,0.0
3.0,0.20126710688876742,315.0,0.006127782020135057,0.3816394316077602,1.0
3.0,0.20126710688876742,316.0,0.006324742212593716,0.012614486381560902,1.0
3.0,0.20126710688876742,317.0,0.002489439773059956,5.3077132054276666e-05,1.0
3.0,0.20126710688876742,318.0,0.0048784707049482085,2.1497375144568007,1.0
3.0,0.20126710688876742,319.0,0.006986693017201517,2.429830057463939e-05,0.0
3.0,0.20126710688876742,320.0,0.006403024155010252,0.4365154880024819,1.0
3.0,0.20126710688876742,321.0,0.002634583845904729,0.014520085881041837,1.0
3.0,0.20126710688876742,322.0,0.002161554112136723,0.243546739810047,1.0
3.0,0.20126710688876742,323.0,0.00571875053621251,0.0,0.0
3.0,0.20126710688876742,324.0,0.011359787664136704,0.0,0.0
3.0,0.20126710688876742,325.0,0.01044950248785102,5.339357400763002e-06,0.0
3.0,0.20126710688876742,326.0,0.00690444548939533,0.0003712299558511173,0.0
3.0,0.20126710688876742,327.0,0.004682734701446458,0.08897827468631613,1.0
3.0,0.20126710688876742,328.0,0.005179986181731956,0.011844196587123174,0.0
3.0,0.20126710688876742,329.0,0.0030828175189189263,0.005277051447187424,1.0
3.0,0.20126710688876742,330.0,0.0076544533144815696,0.0004138769718816406,0.0
3.0,0.20126710688876742,331.0,0.007743186792887767,0.0,0.0
3.0,0.20126710688876742,332.0,0.004339013944188279,0.11910162810257621,1.0
3.0,0.20126710688876742,333.0,0.0034951764947536174,0.00012811648156613645,1.0
3.0,0.20126710688876742,334.0,0.00604795126249263,0.08344727856179439,1.0
3.0,0.20126710688876742,335.0,0.003272430217415952,0.00854358135464554,1.0
3.0,0.20126710688876742,336.0,0.01224929987461333,2.635743651435882e-06,0.0
3.0,0.20126710688876742,337.0,0.006482841850393915,0.0048094282526401156,1.0
3.0,0.20126710688876742,338.0,0.011890272933963213,0.00021659711734791837,0.0
3.0,0.20126710688876742,339.0,0.0015383438074455667,0.39587547835319753,1.0
3.0,0.20126710688876742,340.0,0.007774475469757259,0.0,0.0
3.0,0.20126710688876742,341.0,0.007402796093041836,0.0,0.0
3.0,0.20126710688876742,342.0,0.006826333475717287,4.3205591195678814e-05,0.0
3.0,0.20126710688876742,343.0,0.021428112356292238,0.0013982842777703493,0.0
3.0,0.20126710688876742,344.0,0.006276579963808871,0.004052700386758207,1.0
3.0,0.20126710688876742,345.0,0.0015744613003574907,0.024422160778599555,1.0
3.0,0.20126710688876742,346.0,0.00259164645855717,0.0005163643142690144,1.0
3.0,0.20126710688876742,347.0,0.011460980433185993,0.0,0.0
3.0,0.20126710688876742,348.0,0.007270068230915208,0.0,0.0
3.0,0.20126710688876742,349.0,0.004578959122351453,0.0008357263342548357,1.0
3.0,0.20126710688876742,350.0,0.004442621998529544,4.0080924517630945e-05,0.0
3.0,0.20126710688876742,351.0,0.0067081153585098275,5.794945605516197,1.0
3.0,0.20126710688876742,352.0,0.005018307435228022,0.0,0.0
3.0,0.20126710688876742,353.0,0.0017351487158176772,0.0018390627808449053,1.0
3.0,0.20126710688876742,354.0,0.0018247150738116436,0.020598943148950555,1.0
3.0,0.20126710688876742,355.0,0.01919192493067666,0.0,0.0
3.0,0.20126710688876742,356.0,0.010968985628665502,0.0008729612017039393,0.0
3.0,0.20126710688876742,357.0,0.006097193944577878,0.004586641251347876,1.0
3.0,0.20126710688876742,358.0,0.021121547573681974,0.002197248553272776,0.0
3.0,0.20126710688876742,359.0,0.012074184567981238,0.0007938132662108253,0.0
3.0,0.20126710688876742,360.0,0.0024715701100586967,0.09795360800848209,1.0
3.0,0.20126710688876742,361.0,0.0027030246800779307,0.038096912903696586,1.0
3.0,0.20126710688876742,362.0,0.0018726706085749009,0.037226858378088645,1.0
3.0,0.20126710688876742,363.0,0.007379435235286427,0.0,0.0
3.0,0.20126710688876742,364.0,0.0066163071522308756,0.002946898334468322,1.0
3.0,0.20126710688876742,365.0,0.00646753491854322,0.024736163818635616,1.0
3.0,0.20126710688876742,366.0,0.02208261644210224,4.21672095187259e-06,0.0
3.0,0.20126710688876742,367.0,0.006364382187607341,7.831122105475246e-07,0.0
3.0,0.20126710688876742,368.0,0.018987558494014883,0.0030471649798729755,0.0
3.0,0.20126710688876742,369.0,0.006492077211693724,0.00014207878577486883,0.0
3.0,0.20126710688876742,370.0,0.0018943084010320805,0.015067601945539466,1.0
3.0,0.20126710688876742,371.0,0.00526110058960365,7.35631031807713e-05,0.0
3.0,0.20126710688876742,372.0,0.005187356935637411,0.0646932139267158,1.0
3.0,0.20126710688876742,373.0,0.010516572651727911,5.337948986236644,1.0
3.0,0.20126710688876742,374.0,0.01224208301118524,0.0,0.0
3.0,0.20126710688876742,375.0,0.0015712435993752625,0.007494267832163799,1.0
3.0,0.20126710688876742,376.0,0.0036487704268139123,5.900309854788574,1.0
3.0,0.20126710688876742,377.0,0.0018065322916241489,6.999113051120804,1.0
3.0,0.20126710688876742,378.0,0.004812831122575608,0.0,0.0
3.0,0.20126710688876742,379.0,0.007314254699706502,0.0,0.0
3.0,0.20126710688876742,380.0,0.0031182134431705743,0.07491300971868126,1.0
3.0,0.20126710688876742,381.0,0.0022832907384064275,1.2860709464727471,1.0
3.0,0.20126710688876742,382.0,0.011275071343014944,0.0,0.0
3.0,0.20126710688876742,383.0,0.0018664414239641216,0.03042664254006075,1.0
3.0,0.20126710688876742,384.0,0.003577527904959715,0.0014987348203297775,1.0
3.0,0.20126710688876742,385.0,0.008983926705923384,0.052733867454104695,1.0
3.0,0.20126710688876742,386.0,0.006513315556007826,0.29385786732147834,1.0
3.0,0.20126710688876742,387.0,0.006462160105590306,1.6921353031391507e-05,1.0
3.0,0.20126710688876742,388.0,0.0034195368527123486,0.0012955070566685446,1.0
3.0,0.20126710688876742,389.0,0.002887459910751819,0.03496934380952476,1.0
3.0,0.20126710688876742,390.0,0.00197736501646846,0.0035311060917940363,1.0
3.0,0.20126710688876742,391.0,0.010817960297713574,0.0,0.0
3.0,0.20126710688876742,392.0,0.011449674589150981,0.006504728178475746,0.0
3.0,0.20126710688876742,393.0,0.004588727857085603,0.0,0.0
3.0,0.20126710688876742,394.0,0.004159416263646589,4.727938493207797,1.0
3.0,0.20126710688876742,395.0,0.007035794035220307,8.170863123289723e-07,0.0
3.0,0.20126710688876742,396.0,0.004881518859269931,0.0004524235112416187,0.0
3.0,0.20126710688876742,397.0,0.002918598404791136,0.2523664458118766,1.0
3.0,0.20126710688876742,398.0,0.002348472783742864,0.03454033818011175,1.0
3.0,0.20126710688876742,399.0,0.003695348116902774,0.0021947696811147692,1.0
3.0,0.26835614251835654,0.0,0.00534591054240872,0.01116458758255395,1.0
3.0,0.26835614251835654,1.0,0.0017894294386768719,0.053438833501400426,1.0
3.0,0.26835614251835654,2.0,0.002802030227230845,0.0033740069597980563,1.0
3.0,0.26835614251835654,3.0,0.002290123452247588,0.001193789768339978,1.0
3.0,0.26835614251835654,4.0,0.0031078110402339505,0.002639867023035607,1.0
3.0,0.26835614251835654,5.0,0.0034318272967483123,0.004092037489370555,1.0
3.0,0.26835614251835654,6.0,0.007706534372949788,0.0,0.0
3.0,0.26835614251835654,7.0,0.044727566475149534,0.0,0.0
3.0,0.26835614251835654,8.0,0.006049536863199684,0.007051445882510076,1.0
3.0,0.26835614251835654,9.0,0.004575500592774606,0.0010449398782546235,1.0
3.0,0.26835614251835654,10.0,0.002951244479512667,0.03772559675031889,1.0
3.0,0.26835614251835654,11.0,0.0029822205609426247,0.3085599015765608,1.0
3.0,0.26835614251835654,12.0,0.02261801230977916,0.0,0.0
3.0,0.26835614251835654,13.0,0.0207928846897668,0.0,0.0
3.0,0.26835614251835654,14.0,0.006331687379462365,0.007117328958326687,1.0
3.0,0.26835614251835654,15.0,0.028100426470674324,0.0,0.0
3.0,0.26835614251835654,16.0,0.042579510171751635,3.299891760314926e-08,0.0
3.0,0.26835614251835654,17.0,0.006352566586096432,0.0013661764608795107,1.0
3.0,0.26835614251835654,18.0,0.0262618037182325,3.679517294364401e-05,0.0
3.0,0.26835614251835654,19.0,0.0055398599134025145,0.0014130620186940906,1.0
3.0,0.26835614251835654,20.0,0.00604897702218104,0.5866403098105568,1.0
3.0,0.26835614251835654,21.0,0.02574894241834308,3.332829986535146e-06,0.0
3.0,0.26835614251835654,22.0,0.011295470320462273,0.0,0.0
3.0,0.26835614251835654,23.0,0.027038762992866575,0.00017311074568389392,0.0
3.0,0.26835614251835654,24.0,0.011543320849823763,0.00028655699232127044,0.0
3.0,0.26835614251835654,25.0,0.011320262305023284,0.027505659540840725,0.0
3.0,0.26835614251835654,26.0,0.015104500481600927,0.00014520824220181218,0.0
3.0,0.26835614251835654,27.0,0.0066097803193537145,0.0900877706209903,1.0
3.0,0.26835614251835654,28.0,0.012952797915748177,1.2095510039038648,1.0
3.0,0.26835614251835654,29.0,0.0006701052299488218,0.008631240744276668,1.0
3.0,0.26835614251835654,30.0,0.008523962407936568,3.5944114035810736e-05,1.0
3.0,0.26835614251835654,31.0,0.005011334044886673,0.14955193309071763,1.0
3.0,0.26835614251835654,32.0,0.005571917025236328,0.0007280240916662675,1.0
3.0,0.26835614251835654,33.0,0.0017976970347986345,0.012256313376113324,1.0
3.0,0.26835614251835654,34.0,0.004198794921693322,1.3714836096739775,1.0
3.0,0.26835614251835654,35.0,0.02572855190381419,0.000909362148168524,0.0
3.0,0.26835614251835654,36.0,0.043301047609717785,0.002372130931127143,0.0
3.0,0.26835614251835654,37.0,0.00324912997571508,0.001627116341106076,1.0
3.0,0.26835614251835654,38.0,0.03295625649901363,0.033880294323377316,1.0
3.0,0.26835614251835654,39.0,0.001533554890286098,0.10857910077067796,1.0
3.0,0.26835614251835654,40.0,0.04281367169617896,0.0036136373300101653,0.0
3.0,0.26835614251835654,41.0,0.02212351048070438,0.0,0.0
3.0,0.26835614251835654,42.0,0.0030494317318240757,0.008583345229422114,1.0
3.0,0.26835614251835654,43.0,0.02303619452846741,0.01884319507547755,0.0
3.0,0.26835614251835654,44.0,0.0042178784514982515,5.241737975929919,1.0
3.0,0.26835614251835654,45.0,0.03500674350990476,0.0,0.0
3.0,0.26835614251835654,46.0,0.013283635188300042,0.0,0.0
3.0,0.26835614251835654,47.0,0.006383539324190022,0.566857704241628,1.0
3.0,0.26835614251835654,48.0,0.007137917364823559,0.00027425411866348136,1.0
3.0,0.26835614251835654,49.0,0.041722947837444985,0.00391544555116354,0.0
3.0,0.26835614251835654,50.0,0.0022928462416008143,0.16534015851932635,1.0
3.0,0.26835614251835654,51.0,0.00810807791113405,0.560931750532753,1.0
3.0,0.26835614251835654,52.0,0.02519790386951385,0.0018047271114249018,0.0
3.0,0.26835614251835654,53.0,0.00300003147775065,0.019333828830578832,1.0
3.0,0.26835614251835654,54.0,0.003252081328370898,1.669703727353917,1.0
3.0,0.26835614251835654,55.0,0.014607631246591646,0.03762536173440983,1.0
3.0,0.26835614251835654,56.0,0.003775404793643128,0.0010071447514229703,1.0
3.0,0.26835614251835654,57.0,0.004592073806219618,1.704451784906834,1.0
3.0,0.26835614251835654,58.0,0.05083816745229916,2.691720153063571e-06,0.0
3.0,0.26835614251835654,59.0,0.0061397349072338375,0.0,0.0
3.0,0.26835614251835654,60.0,0.0263735847357077,0.0,0.0
3.0,0.26835614251835654,61.0,0.012393931705426936,0.0,0.0
3.0,0.26835614251835654,62.0,0.003617376692920969,0.7807029599574347,1.0
3.0,0.26835614251835654,63.0,0.04796913979422267,0.0,0.0
3.0,0.26835614251835654,64.0,0.008113840933557747,0.0022842081410094474,0.0
3.0,0.26835614251835654,65.0,0.011580233276527262,0.00031292200691774967,0.0
3.0,0.26835614251835654,66.0,0.001957594339095106,0.07716257066669865,1.0
3.0,0.26835614251835654,67.0,0.006810867994581098,0.06170046881113092,1.0
3.0,0.26835614251835654,68.0,0.012927637841664778,0.0,0.0
3.0,0.26835614251835654,69.0,0.04902652650617251,3.0477531653603147e-05,0.0
3.0,0.26835614251835654,70.0,0.014090771132365041,0.033369870343792934,1.0
3.0,0.26835614251835654,71.0,0.006238911985917099,0.0013804003058738047,1.0
3.0,0.26835614251835654,72.0,0.012259406966858167,5.7079935283195296,1.0
3.0,0.26835614251835654,73.0,0.02128478525387679,2.6024997057547023e-06,0.0
3.0,0.26835614251835654,74.0,0.016632905329191244,0.0,0.0
3.0,0.26835614251835654,75.0,0.006179798254805762,2.3891050972239367,1.0
3.0,0.26835614251835654,76.0,0.0015702702839768073,3.3052508931846494,1.0
3.0,0.26835614251835654,77.0,0.0054245699702646175,0.03702836818228083,1.0
3.0,0.26835614251835654,78.0,0.010977921717209346,0.0,0.0
3.0,0.26835614251835654,79.0,0.04370800281725329,0.0,0.0
3.0,0.26835614251835654,80.0,0.012944381688299944,0.0,0.0
3.0,0.26835614251835654,81.0,0.011464377733657,0.000948676567702885,0.0
3.0,0.26835614251835654,82.0,0.005951273571657983,0.06702039739876244,1.0
3.0,0.26835614251835654,83.0,0.002225433503133835,0.01922129893517613,1.0
3.0,0.26835614251835654,84.0,0.016776545887251127,0.14911865089029866,1.0
3.0,0.26835614251835654,85.0,0.006664013283533645,0.03488372913069666,1.0
3.0,0.26835614251835654,86.0,0.0022909770702187857,0.0010153342513196217,1.0
3.0,0.26835614251835654,87.0,0.0117232969125679,0.003079225095887413,0.0
3.0,0.26835614251835654,88.0,0.007510068669105077,0.0017534278226080838,0.0
3.0,0.26835614251835654,89.0,0.0014276738546263228,4.548211532250995,1.0
3.0,0.26835614251835654,90.0,0.0012942218167166688,0.003864309695281903,1.0
3.0,0.26835614251835654,91.0,0.0019641570370962057,0.01289495715547406,1.0
3.0,0.26835614251835654,92.0,0.005317081984265386,2.220830681321171,1.0
3.0,0.26835614251835654,93.0,0.011426978713925074,0.001418320303251927,0.0
3.0,0.26835614251835654,94.0,0.0036384760046209302,0.0016202611363416695,1.0
3.0,0.26835614251835654,95.0,0.013184390445266063,0.019887094898358437,0.0
3.0,0.26835614251835654,96.0,0.019242950697112734,0.023861151482066776,0.0
3.0,0.26835614251835654,97.0,0.007904078979757203,0.0004635747955409114,1.0
3.0,0.26835614251835654,98.0,0.0019431275556052153,0.12331689500557591,1.0
3.0,0.26835614251835654,99.0,0.05093888961731647,0.020308564372918995,0.0
3.0,0.26835614251835654,100.0,0.007825496761465222,0.00967045454106097,1.0
3.0,0.26835614251835654,101.0,0.004683420014437819,0.031378105558834656,1.0
3.0,0.26835614251835654,102.0,0.021392011520290077,0.0007765577190253121,0.0
3.0,0.26835614251835654,103.0,0.0025793622648433746,0.08603829995472724,1.0
3.0,0.26835614251835654,104.0,0.0009529793309014237,0.002056803088497625,1.0
3.0,0.26835614251835654,105.0,0.009687451605027066,0.0,0.0
3.0,0.26835614251835654,106.0,0.011130737666958625,0.3172745808700209,1.0
3.0,0.26835614251835654,107.0,0.03459233577720045,0.0,0.0
3.0,0.26835614251835654,108.0,0.00617882438864877,0.446294463566423,1.0
3.0,0.26835614251835654,109.0,0.023176737291095022,0.0,0.0
3.0,0.26835614251835654,110.0,0.0029756114061290522,0.00015555652012874373,1.0
3.0,0.26835614251835654,111.0,0.008308775854590913,1.9769937762078558,1.0
3.0,0.26835614251835654,112.0,0.00695644702601285,0.001348962191714239,1.0
3.0,0.26835614251835654,113.0,0.01578603374982121,0.4285498391140576,1.0
3.0,0.26835614251835654,114.0,0.002389547751492246,0.1042742218635371,1.0
3.0,0.26835614251835654,115.0,0.0009460280801078629,0.0015726905277915462,1.0
3.0,0.26835614251835654,116.0,0.016398342915175612,0.0,0.0
3.0,0.26835614251835654,117.0,0.04474233335153161,0.0,0.0
3.0,0.26835614251835654,118.0,0.03965891354645511,0.023670049598649087,0.0
3.0,0.26835614251835654,119.0,0.004186015467519282,0.0031829624949664117,1.0
3.0,0.26835614251835654,120.0,0.005951548976207157,0.19155239724811132,1.0
3.0,0.26835614251835654,121.0,0.04354637078556872,0.03986240421062155,0.0
3.0,0.26835614251835654,122.0,0.003566228957323728,1.584336428216438,1.0
3.0,0.26835614251835654,123.0,0.004291915400292426,0.02714427747971594,1.0
3.0,0.26835614251835654,124.0,0.0011110968186762232,0.007453755593822947,1.0
3.0,0.26835614251835654,125.0,0.0024369111076570213,0.00048407574447300043,1.0
3.0,0.26835614251835654,126.0,0.007412264490952281,0.8566470797212821,1.0
3.0,0.26835614251835654,127.0,0.02572192456256965,0.019990200166923402,0.0
3.0,0.26835614251835654,128.0,0.007300198023162337,1.0264591735617545,1.0
3.0,0.26835614251835654,129.0,0.00472301593121403,0.020295450199350737,1.0
3.0,0.26835614251835654,130.0,0.002237852662514398,0.0027865721655582943,1.0
3.0,0.26835614251835654,131.0,0.0029701327042277433,0.006985130512411119,1.0
3.0,0.26835614251835654,132.0,0.02250518603000011,0.0,0.0
3.0,0.26835614251835654,133.0,0.003972716373909125,3.5686415113378493,1.0
3.0,0.26835614251835654,134.0,0.021171829694978966,2.9852979753665904e-05,0.0
3.0,0.26835614251835654,135.0,0.0019519762676046618,0.01127997267125386,1.0
3.0,0.26835614251835654,136.0,0.0018250462718974198,0.1034455157998839,1.0
3.0,0.26835614251835654,137.0,0.0019785857987202715,0.005768358742640104,1.0
3.0,0.26835614251835654,138.0,0.027281738816676664,0.01995209680930143,0.0
3.0,0.26835614251835654,139.0,0.011537208350113522,0.0,0.0
3.0,0.26835614251835654,140.0,0.004827378584347187,0.684521171607601,1.0
3.0,0.26835614251835654,141.0,0.022296654143459365,0.0026193719667767955,0.0
3.0,0.26835614251835654,142.0,0.00834520631672379,0.0009544938280082627,0.0
3.0,0.26835614251835654,143.0,0.006274958404583116,0.015089795948075656,1.0
3.0,0.26835614251835654,144.0,0.003509860806727681,0.00370873446646778,1.0
3.0,0.26835614251835654,145.0,0.015605668811233486,0.0004976160167759244,0.0
3.0,0.26835614251835654,146.0,0.021551754022139588,0.003465543258706253,0.0
3.0,0.26835614251835654,147.0,0.009766127297030303,0.00489460173155369,1.0
3.0,0.26835614251835654,148.0,0.00358056734321998,1.2379776793560962,1.0
3.0,0.26835614251835654,149.0,0.0015936551507672396,0.2287948995287908,1.0
3.0,0.26835614251835654,150.0,0.0070506528249662526,0.0014599672444495688,0.0
3.0,0.26835614251835654,151.0,0.004886155410417874,0.028711387913967625,1.0
3.0,0.26835614251835654,152.0,0.0077975934812116576,0.0005587690653985006,0.0
3.0,0.26835614251835654,153.0,0.012932712524122238,0.0,0.0
3.0,0.26835614251835654,154.0,0.024317092874115275,0.0008203048112645066,0.0
3.0,0.26835614251835654,155.0,0.025203288593205378,0.003910028086349279,0.0
3.0,0.26835614251835654,156.0,0.00605052571667312,0.045791121064858976,1.0
3.0,0.26835614251835654,157.0,0.012150033929548491,0.0,0.0
3.0,0.26835614251835654,158.0,0.00592879018445846,0.012807724683952816,1.0
3.0,0.26835614251835654,159.0,0.041973041601439304,3.158001297582235,1.0
3.0,0.26835614251835654,160.0,0.004331201651787235,1.0200397649538746,1.0
3.0,0.26835614251835654,161.0,0.02681874674830286,0.0,0.0
3.0,0.26835614251835654,162.0,0.0021310841704928326,0.011596375118507104,1.0
3.0,0.26835614251835654,163.0,0.006361346675380286,0.007530039374654728,1.0
3.0,0.26835614251835654,164.0,0.027462422470637557,0.01951517337115357,0.0
3.0,0.26835614251835654,165.0,0.025077326910625315,4.506355403886507e-05,0.0
3.0,0.26835614251835654,166.0,0.005794762015510202,0.0002656691627391843,1.0
3.0,0.26835614251835654,167.0,0.00351881362420535,0.006045663785520415,1.0
3.0,0.26835614251835654,168.0,0.011877991314236287,0.0,0.0
3.0,0.26835614251835654,169.0,0.01545073652703068,2.976332777657702e-05,0.0
3.0,0.26835614251835654,170.0,0.0013593164849569318,0.34361228271118727,1.0
3.0,0.26835614251835654,171.0,0.0019080674126574753,0.15058375623090606,1.0
3.0,0.26835614251835654,172.0,0.002072837470559465,0.12049974302303927,1.0
3.0,0.26835614251835654,173.0,0.0030468993023566836,0.032877259353790156,1.0
3.0,0.26835614251835654,174.0,0.011553882471501794,0.02539038975617189,0.0
3.0,0.26835614251835654,175.0,0.0032232270330836334,0.0017722156184187534,1.0
3.0,0.26835614251835654,176.0,0.0023228773138325412,0.5758209195954823,1.0
3.0,0.26835614251835654,177.0,0.01542329590054239,0.013639882297748143,0.0
3.0,0.26835614251835654,178.0,0.014966287154253057,0.05834570521525184,1.0
3.0,0.26835614251835654,179.0,0.010405563294074143,0.10959993015531462,0.0
3.0,0.26835614251835654,180.0,0.005811462992088001,11.784743980092578,1.0
3.0,0.26835614251835654,181.0,0.02181999785553773,0.010035263329232524,0.0
3.0,0.26835614251835654,182.0,0.003547011345487849,0.09781750910195215,1.0
3.0,0.26835614251835654,183.0,0.010949392273602664,0.011262725950396157,0.0
3.0,0.26835614251835654,184.0,0.006755686112680834,1.0447284784953308e-05,1.0
3.0,0.26835614251835654,185.0,0.0020572734251022838,1.1456469816724308,1.0
3.0,0.26835614251835654,186.0,0.010712938058624298,0.018934869590441772,0.0
3.0,0.26835614251835654,187.0,0.011166693790828032,1.8920093222236525e-06,0.0
3.0,0.26835614251835654,188.0,0.0025375110816507757,1.2939719162507184,1.0
3.0,0.26835614251835654,189.0,0.01192413033848293,1.3120065069194055e-05,0.0
3.0,0.26835614251835654,190.0,0.001039223322150288,0.0045322274351780175,1.0
3.0,0.26835614251835654,191.0,0.005073736107980807,0.05776110808769906,1.0
3.0,0.26835614251835654,192.0,0.0029818392591679796,0.00956485987995019,1.0
3.0,0.26835614251835654,193.0,0.0023061589757509583,0.010277373780943731,1.0
3.0,0.26835614251835654,194.0,0.01044684927346268,0.5995363547096146,1.0
3.0,0.26835614251835654,195.0,0.004284318042901704,0.019951761430911204,1.0
3.0,0.26835614251835654,196.0,0.0014914426555097775,0.003280510998656582,1.0
3.0,0.26835614251835654,197.0,0.007569375830686315,0.0016615024983102982,1.0
3.0,0.26835614251835654,198.0,0.006052181365654777,0.04363909856545971,1.0
3.0,0.26835614251835654,199.0,0.04369381439890056,0.00016227216021742863,0.0
3.0,0.26835614251835654,200.0,0.0025767432165485823,0.035442146345071236,1.0
3.0,0.26835614251835654,201.0,0.025954624796458662,0.0,0.0
3.0,0.26835614251835654,202.0,0.019389952784911287,0.0,0.0
3.0,0.26835614251835654,203.0,0.001813773338886958,0.038833724841673856,1.0
3.0,0.26835614251835654,204.0,0.005790378951957887,3.296025293475403e-05,1.0
3.0,0.26835614251835654,205.0,0.011976519174321801,0.0,0.0
3.0,0.26835614251835654,206.0,0.008208716920329326,1.8358534615963389,1.0
3.0,0.26835614251835654,207.0,0.012078573116937334,0.0,0.0
3.0,0.26835614251835654,208.0,0.0025053114044618703,0.0658038284479955,1.0
3.0,0.26835614251835654,209.0,0.005207682716952927,0.1444662303006308,1.0
3.0,0.26835614251835654,210.0,0.008795141857515749,1.2744685484013035e-05,1.0
3.0,0.26835614251835654,211.0,0.006545469745573167,1.443266097879455,1.0
3.0,0.26835614251835654,212.0,0.006939708401374808,3.44834062363713,1.0
3.0,0.26835614251835654,213.0,0.025434548675251186,0.0,0.0
3.0,0.26835614251835654,214.0,0.005011918459186342,0.0007132175263348127,0.0
3.0,0.26835614251835654,215.0,0.03815077218239005,0.0002618764456865577,0.0
3.0,0.26835614251835654,216.0,0.0063559944776675386,0.00018547025349786872,1.0
3.0,0.26835614251835654,217.0,0.0012532472877286056,4.1959369005690705,1.0
3.0,0.26835614251835654,218.0,0.001679001946994784,0.08945124016380462,1.0
3.0,0.26835614251835654,219.0,0.04551820400708566,0.0,0.0
3.0,0.26835614251835654,220.0,0.021864345617352565,0.0021747555351207377,0.0
3.0,0.26835614251835654,221.0,0.0011093416963457168,0.8707265772063733,1.0
3.0,0.26835614251835654,222.0,0.027554980195359537,0.00040174978456081835,0.0
3.0,0.26835614251835654,223.0,0.0060337798178527954,0.031847443836765826,1.0
3.0,0.26835614251835654,224.0,0.013616656305564549,0.00031151534863536114,1.0
3.0,0.26835614251835654,225.0,0.02134834117473086,0.0,0.0
3.0,0.26835614251835654,226.0,0.001958862254044708,1.8024675924947444,1.0
3.0,0.26835614251835654,227.0,0.006903608830253635,1.687837217208523e-05,0.0
3.0,0.26835614251835654,228.0,0.003183585414142825,0.1052316977268822,1.0
3.0,0.26835614251835654,229.0,0.00366436812202241,0.0008052878537332791,1.0
3.0,0.26835614251835654,230.0,0.005875324202051473,0.0008219582842354633,1.0
3.0,0.26835614251835654,231.0,0.021664558978344375,4.2410543634561584e-05,0.0
3.0,0.26835614251835654,232.0,0.016485770134375192,0.0,0.0
3.0,0.26835614251835654,233.0,0.01873582823082324,0.001316923396491459,0.0
3.0,0.26835614251835654,234.0,0.0029441820617609406,0.0003272547540057469,1.0
3.0,0.26835614251835654,235.0,0.010745196921421351,0.007230041648936911,0.0
3.0,0.26835614251835654,236.0,0.01078110284511203,1.891502339616686e-05,0.0
3.0,0.26835614251835654,237.0,0.003823455632412493,3.7103086094174147,1.0
3.0,0.26835614251835654,238.0,0.002055270322326217,2.211299901568459e-05,1.0
3.0,0.26835614251835654,239.0,0.02713028031206665,0.0,0.0
3.0,0.26835614251835654,240.0,0.0020256195541499458,0.005196687268851366,1.0
3.0,0.26835614251835654,241.0,0.010911182035802446,0.0012875774578486948,0.0
3.0,0.26835614251835654,242.0,0.0072188426194542375,1.174099619285924,1.0
3.0,0.26835614251835654,243.0,0.00876382961829037,0.0003120744075217712,1.0
3.0,0.26835614251835654,244.0,0.01566775199519287,0.0,0.0
3.0,0.26835614251835654,245.0,0.04551779945556854,0.0,0.0
3.0,0.26835614251835654,246.0,0.02359440777949673,8.673785748596162e-06,0.0
3.0,0.26835614251835654,247.0,0.005268028812406085,0.019817883578649616,0.0
3.0,0.26835614251835654,248.0,0.009414511848375155,0.031001289599401106,1.0
3.0,0.26835614251835654,249.0,0.009406043983085699,0.00779425381538023,1.0
3.0,0.26835614251835654,250.0,0.019294041220573245,0.0,0.0
3.0,0.26835614251835654,251.0,0.011705325555956311,1.7385086799437042,1.0
3.0,0.26835614251835654,252.0,0.0036190216396528546,0.007882401726695848,1.0
3.0,0.26835614251835654,253.0,0.025980293687439704,0.009452157043323313,0.0
3.0,0.26835614251835654,254.0,0.0039679526299846914,0.29812349796700177,1.0
3.0,0.26835614251835654,255.0,0.011649617413601807,0.0,0.0
3.0,0.26835614251835654,256.0,0.0030438893661558475,8.315320817199992e-05,1.0
3.0,0.26835614251835654,257.0,0.003455779167011396,0.14025543091306078,1.0
3.0,0.26835614251835654,258.0,0.006829219613693779,2.1256797142122992e-05,0.0
3.0,0.26835614251835654,259.0,0.021544057927459215,2.3446319659117596e-06,0.0
3.0,0.26835614251835654,260.0,0.025189675559688242,0.0,0.0
3.0,0.26835614251835654,261.0,0.0023798023872142484,8.024807227382879e-05,1.0
3.0,0.26835614251835654,262.0,0.012420914767871903,8.855776834476663e-06,0.0
3.0,0.26835614251835654,263.0,0.00423613145178558,0.03095288673593791,1.0
3.0,0.26835614251835654,264.0,0.0104586641814223,0.0009259231460085042,0.0
3.0,0.26835614251835654,265.0,0.0019801112002175176,0.05503135647859011,1.0
3.0,0.26835614251835654,266.0,0.007581607865561561,0.025665230358060207,1.0
3.0,0.26835614251835654,267.0,0.002737263085249084,0.0016533046400875392,1.0
3.0,0.26835614251835654,268.0,0.0441173099817082,7.49560833375921e-05,0.0
3.0,0.26835614251835654,269.0,0.006245984174104886,0.025659994863187704,1.0
3.0,0.26835614251835654,270.0,0.0013014050305141516,0.007046012000804407,1.0
3.0,0.26835614251835654,271.0,0.003541761698012512,0.001999717688556786,1.0
3.0,0.26835614251835654,272.0,0.006050061781494478,0.0011284356838371097,1.0
3.0,0.26835614251835654,273.0,0.004830220492926807,0.11208592549301738,1.0
3.0,0.26835614251835654,274.0,0.02430675853680074,0.024250712214210535,0.0
3.0,0.26835614251835654,275.0,0.0016258334493352458,2.3877271090041545,1.0
3.0,0.26835614251835654,276.0,0.02444016375153142,0.00019451806452091695,0.0
3.0,0.26835614251835654,277.0,0.0021196581586333633,0.00010151801675515079,1.0
3.0,0.26835614251835654,278.0,0.02542521102270851,0.0,0.0
3.0,0.26835614251835654,279.0,0.0034519628631143897,0.000516423807778178,1.0
3.0,0.26835614251835654,280.0,0.03891043109006362,2.8174357558721968e-05,0.0
3.0,0.26835614251835654,281.0,0.011127407888646287,0.0,0.0
3.0,0.26835614251835654,282.0,0.002213791755451297,0.13076529960517216,1.0
3.0,0.26835614251835654,283.0,0.0065472546572780356,6.894346184174559,1.0
3.0,0.26835614251835654,284.0,0.044892296319620155,0.0,0.0
3.0,0.26835614251835654,285.0,0.021705436732005427,0.0,0.0
3.0,0.26835614251835654,286.0,0.0030537103662027897,9.242637437157418,1.0
3.0,0.26835614251835654,287.0,0.0030561047414592413,0.006034397628043526,1.0
3.0,0.26835614251835654,288.0,0.00967520668675763,0.0020686017997303017,0.0
3.0,0.26835614251835654,289.0,0.021994255213081623,7.880871255571226e-06,0.0
3.0,0.26835614251835654,290.0,0.005766604600682,0.04855427068116707,1.0
3.0,0.26835614251835654,291.0,0.001979763437584793,0.03475403120074996,1.0
3.0,0.26835614251835654,292.0,0.0018092203784088705,0.033663382330118306,1.0
3.0,0.26835614251835654,293.0,0.01175394924284261,0.007436700029538934,0.0
3.0,0.26835614251835654,294.0,0.0059459197909877476,0.1280285771743362,1.0
3.0,0.26835614251835654,295.0,0.00524693222750228,2.7420678751629315e-05,0.0
3.0,0.26835614251835654,296.0,0.04909814544308738,5.164169733986587e-06,0.0
3.0,0.26835614251835654,297.0,0.00386763464294201,0.0005637028713083978,1.0
3.0,0.26835614251835654,298.0,0.0219520129607584,1.0902755593057858e-06,0.0
3.0,0.26835614251835654,299.0,0.0023030207824524754,0.3364453943330073,1.0
3.0,0.26835614251835654,300.0,0.016964976641144935,0.0,0.0
3.0,0.26835614251835654,301.0,0.02185369840559146,0.0,0.0
3.0,0.26835614251835654,302.0,0.0009577623706104406,0.004203938873319613,1.0
3.0,0.26835614251835654,303.0,0.006580209700481225,0.1009919675400511,1.0
3.0,0.26835614251835654,304.0,0.01145464858189437,0.019214981017261958,0.0
3.0,0.26835614251835654,305.0,0.006808497432815243,0.008669049566910348,1.0
3.0,0.26835614251835654,306.0,0.028130429194798686,0.00033235661364554227,0.0
3.0,0.26835614251835654,307.0,0.02242182498210022,0.0,0.0
3.0,0.26835614251835654,308.0,0.002791128337304136,0.16624074589225227,1.0
3.0,0.26835614251835654,309.0,0.003933853190389726,3.2184539759999984,1.0
3.0,0.26835614251835654,310.0,0.014997345871637284,7.453925203751378e-05,0.0
3.0,0.26835614251835654,311.0,0.001697088320373887,0.0020012655470949,1.0
3.0,0.26835614251835654,312.0,0.024235240921604125,0.0,0.0
3.0,0.26835614251835654,313.0,0.021732745019736766,0.0008520375279166257,0.0
3.0,0.26835614251835654,314.0,0.02596799498088254,0.0,0.0
3.0,0.26835614251835654,315.0,0.006497345213586497,0.3816283725359354,1.0
3.0,0.26835614251835654,316.0,0.0062611807055323754,0.011218356053773866,1.0
3.0,0.26835614251835654,317.0,0.003390119617579952,4.8294126091731256e-05,1.0
3.0,0.26835614251835654,318.0,0.002057055435143058,1.6792664083184117,1.0
3.0,0.26835614251835654,319.0,0.016018194362059004,2.325178240652265e-05,0.0
3.0,0.26835614251835654,320.0,0.008808700408593257,0.33406252656244645,1.0
3.0,0.26835614251835654,321.0,0.004123109580051387,0.05054039319409142,1.0
3.0,0.26835614251835654,322.0,0.0035272613768475482,0.2872444937663636,1.0
3.0,0.26835614251835654,323.0,0.013328601602748229,0.0,0.0
3.0,0.26835614251835654,324.0,0.02221687157793394,0.0,0.0
3.0,0.26835614251835654,325.0,0.021106097155266308,3.987018683257798e-06,0.0
3.0,0.26835614251835654,326.0,0.010868389308259816,0.00037113085285562597,0.0
3.0,0.26835614251835654,327.0,0.005884187033112492,0.08433900007993868,1.0
3.0,0.26835614251835654,328.0,0.012592501452368541,0.010972410917377747,0.0
3.0,0.26835614251835654,329.0,0.004048877798629174,0.004520312222957392,1.0
3.0,0.26835614251835654,330.0,0.011758769286524192,0.0003996169627857673,0.0
3.0,0.26835614251835654,331.0,0.01708049544819467,0.0,0.0
3.0,0.26835614251835654,332.0,0.005236787564573906,0.11641730794175578,1.0
3.0,0.26835614251835654,333.0,0.002671644935412782,0.00019233502877640175,1.0
3.0,0.26835614251835654,334.0,0.00604795126249263,0.07905163946508027,1.0
3.0,0.26835614251835654,335.0,0.003974345513506454,0.008162772925491057,1.0
3.0,0.26835614251835654,336.0,0.014197729812917578,2.6353930710250054e-06,0.0
3.0,0.26835614251835654,337.0,0.008526918067708975,0.005184702512359018,1.0
3.0,0.26835614251835654,338.0,0.01820737409209378,0.00021598903468591384,0.0
3.0,0.26835614251835654,339.0,0.0015383438074455667,0.39587547835319753,1.0
3.0,0.26835614251835654,340.0,0.011865659283265786,0.0,0.0
3.0,0.26835614251835654,341.0,0.011460249643050945,0.0,0.0
3.0,0.26835614251835654,342.0,0.010784211722930526,4.320029789513274e-05,0.0
3.0,0.26835614251835654,343.0,0.03799970199452273,0.0008663369707466686,0.0
3.0,0.26835614251835654,344.0,0.0060499626075153305,0.0012572819286256016,1.0
3.0,0.26835614251835654,345.0,0.0013134210920837186,0.021150463190763087,1.0
3.0,0.26835614251835654,346.0,0.002238187760998899,0.0006045254503368144,1.0
3.0,0.26835614251835654,347.0,0.022443092891274642,0.0,0.0
3.0,0.26835614251835654,348.0,0.011309044463684557,0.0,0.0
3.0,0.26835614251835654,349.0,0.00454410379911376,0.002451294283799741,1.0
3.0,0.26835614251835654,350.0,0.007633429562632476,4.004455138008827e-05,0.0
3.0,0.26835614251835654,351.0,0.006688182700066583,2.7169891108276647,1.0
3.0,0.26835614251835654,352.0,0.012327444989997532,0.0,0.0
3.0,0.26835614251835654,353.0,0.006667209222761815,0.0010853573551863431,0.0
3.0,0.26835614251835654,354.0,0.002359103495265578,0.024166715229538057,1.0
3.0,0.26835614251835654,355.0,0.041688484843115346,0.0,0.0
3.0,0.26835614251835654,356.0,0.02630673459012976,0.0004366746644931814,0.0
3.0,0.26835614251835654,357.0,0.006097193944577878,0.002457283381236493,1.0
3.0,0.26835614251835654,358.0,0.04364652314199266,0.001630826670655384,0.0
3.0,0.26835614251835654,359.0,0.014001327310893466,0.0007365534035099915,0.0
3.0,0.26835614251835654,360.0,0.0024715701100586967,0.09795360800848209,1.0
3.0,0.26835614251835654,361.0,0.0027030246800779307,0.038096912903696586,1.0
3.0,0.26835614251835654,362.0,0.002439454114774147,0.3218588677809664,1.0
3.0,0.26835614251835654,363.0,0.011394586113714592,0.0,0.0
3.0,0.26835614251835654,364.0,0.007137691883562359,0.0024535662535659776,1.0
3.0,0.26835614251835654,365.0,0.006729479162449833,0.024670736671978746,1.0
3.0,0.26835614251835654,366.0,0.03541591346921074,4.205695779247968e-06,0.0
3.0,0.26835614251835654,367.0,0.007116743355418929,7.838995405777281e-07,0.0
3.0,0.26835614251835654,368.0,0.043405392865234094,0.00304510400417708,0.0
3.0,0.26835614251835654,369.0,0.015226364698157824,0.00013646765858880204,0.0
3.0,0.26835614251835654,370.0,0.0018943084010320805,0.015067601945539466,1.0
3.0,0.26835614251835654,371.0,0.012702668728291712,6.791236600725597e-05,0.0
3.0,0.26835614251835654,372.0,0.004895620477178484,0.41336598236879646,1.0
3.0,0.26835614251835654,373.0,0.015330045079447826,1.007881519230416,1.0
3.0,0.26835614251835654,374.0,0.02646877002052403,0.0,0.0
3.0,0.26835614251835654,375.0,0.0006969608743835605,0.008047520057255167,1.0
3.0,0.26835614251835654,376.0,0.006185921179391014,2.8717444600008926,1.0
3.0,0.26835614251835654,377.0,0.0014718474791959447,6.563564960025186,1.0
3.0,0.26835614251835654,378.0,0.008024560600790057,0.0,0.0
3.0,0.26835614251835654,379.0,0.01630452280754092,0.0,0.0
3.0,0.26835614251835654,380.0,0.0031182134431705743,0.07491300971868126,1.0
3.0,0.26835614251835654,381.0,0.0023193674633280896,1.7779523476436212,1.0
3.0,0.26835614251835654,382.0,0.022270977447856798,0.0,0.0
3.0,0.26835614251835654,383.0,0.002259944347648182,0.27556907032370664,1.0
3.0,0.26835614251835654,384.0,0.0031234806708601887,0.0010576969795728693,1.0
3.0,0.26835614251835654,385.0,0.015083873113756398,0.11296675765703643,1.0
3.0,0.26835614251835654,386.0,0.006580352798275574,0.16446288294968392,1.0
3.0,0.26835614251835654,387.0,0.007887729690152966,9.419463515110728e-06,1.0
3.0,0.26835614251835654,388.0,0.0019026831229480502,0.0042562661343278786,1.0
3.0,0.26835614251835654,389.0,0.004334589793100436,0.09488954118325824,1.0
3.0,0.26835614251835654,390.0,0.002128820058858336,0.008968794463537738,1.0
3.0,0.26835614251835654,391.0,0.02157078518580982,0.0,0.0
3.0,0.26835614251835654,392.0,0.022584082084670894,0.006373292158850806,0.0
3.0,0.26835614251835654,393.0,0.007726888191856591,0.0,0.0
3.0,0.26835614251835654,394.0,0.003569523113415197,4.5153621115987725,1.0
3.0,0.26835614251835654,395.0,0.01099497143887305,7.832325245578517e-07,0.0
3.0,0.26835614251835654,396.0,0.012123026408530467,0.00044979091003991445,0.0
3.0,0.26835614251835654,397.0,0.003741544268828049,0.23044283379562122,1.0
3.0,0.26835614251835654,398.0,0.001546117548176451,0.1020306226311655,1.0
3.0,0.26835614251835654,399.0,0.003695348116902774,0.0021947696811147692,1.0
3.0,0.33544517814794567,0.0,0.006742051046794072,0.01029922338451503,1.0
3.0,0.33544517814794567,1.0,0.0017894294386768719,0.053438833501400426,1.0
3.0,0.33544517814794567,2.0,0.002802030227230845,0.0033740069597980563,1.0
3.0,0.33544517814794567,3.0,0.002290123452247588,0.001193789768339978,1.0
3.0,0.33544517814794567,4.0,0.0031078110402339505,0.002639867023035607,1.0
3.0,0.33544517814794567,5.0,0.0034318272967483123,0.004092037489370555,1.0
3.0,0.33544517814794567,6.0,0.016929330792821447,0.0,0.0
3.0,0.33544517814794567,7.0,0.044798746275756036,0.0,0.0
3.0,0.33544517814794567,8.0,0.006167449482578876,0.0018674158403897117,1.0
3.0,0.33544517814794567,9.0,0.0046803830088759536,0.0012564467285474759,1.0
3.0,0.33544517814794567,10.0,0.002951244479512667,0.03772559675031889,1.0
3.0,0.33544517814794567,11.0,0.0029822205609426247,0.3085599015765608,1.0
3.0,0.33544517814794567,12.0,0.02986112242285035,0.0,0.0
3.0,0.33544517814794567,13.0,0.02475025719390233,0.0,0.0
3.0,0.33544517814794567,14.0,0.006671032991547607,0.005592826423411074,1.0
3.0,0.33544517814794567,15.0,0.04271788960214867,0.0,0.0
3.0,0.33544517814794567,16.0,0.05285050466614243,3.267460329207524e-08,0.0
3.0,0.33544517814794567,17.0,0.00635957177687356,0.0015822534732972844,1.0
3.0,0.33544517814794567,18.0,0.04128542405108054,3.598803606767716e-05,0.0
3.0,0.33544517814794567,19.0,0.006510559802613153,0.0020741293086089492,1.0
3.0,0.33544517814794567,20.0,0.006195675782541656,0.4370455390954268,1.0
3.0,0.33544517814794567,21.0,0.04075559782106761,3.2861327294286798e-06,0.0
3.0,0.33544517814794567,22.0,0.016241086256555105,0.0,0.0
3.0,0.33544517814794567,23.0,0.041917407474959985,0.00012453156511115908,0.0
3.0,0.33544517814794567,24.0,0.011543320849823763,0.00028655699232127044,0.0
3.0,0.33544517814794567,25.0,0.011320262305023284,0.027505659540840725,0.0
3.0,0.33544517814794567,26.0,0.015104500481600927,0.00014520824220181218,0.0
3.0,0.33544517814794567,27.0,0.00806391331195212,0.09016145490345383,1.0
3.0,0.33544517814794567,28.0,0.01453880066642722,0.9640594223360889,1.0
3.0,0.33544517814794567,29.0,0.0006701052299488218,0.008631240744276668,1.0
3.0,0.33544517814794567,30.0,0.009457169799204343,5.3129282637853936e-05,1.0
3.0,0.33544517814794567,31.0,0.008073705411655722,0.14955167864309646,1.0
3.0,0.33544517814794567,32.0,0.00493218042361329,0.0007280240916662675,1.0
3.0,0.33544517814794567,33.0,0.002295965984895637,0.011446165256656487,1.0
3.0,0.33544517814794567,34.0,0.006209638804237248,1.2630111081760205,1.0
3.0,0.33544517814794567,35.0,0.03345097261861879,0.0008570452050792613,0.0
3.0,0.33544517814794567,36.0,0.06013330290393029,0.0023718301146344574,0.0
3.0,0.33544517814794567,37.0,0.006102600726772522,0.0016109454792487968,1.0
3.0,0.33544517814794567,38.0,0.03614346567498765,0.0928204470279894,1.0
3.0,0.33544517814794567,39.0,0.0032503197329476663,0.15226436369328084,1.0
3.0,0.33544517814794567,40.0,0.04370205002603801,0.0036136373300101653,0.0
3.0,0.33544517814794567,41.0,0.029055724565487977,0.0,0.0
3.0,0.33544517814794567,42.0,0.0030494317318240757,0.008583345229422114,1.0
3.0,0.33544517814794567,43.0,0.030322587693386853,0.0187499968059652,0.0
3.0,0.33544517814794567,44.0,0.005111406149134024,5.449332594829946,1.0
3.0,0.33544517814794567,45.0,0.03569434433612131,0.0,0.0
3.0,0.33544517814794567,46.0,0.0185908065363345,0.0,0.0
3.0,0.33544517814794567,47.0,0.006909348003740555,5.301590215497152,1.0
3.0,0.33544517814794567,48.0,0.007137917364823559,0.0001958840703077321,1.0
3.0,0.33544517814794567,49.0,0.04721587699246482,0.003805765994668915,0.0
3.0,0.33544517814794567,50.0,0.004302382666509677,0.14917297099064833,1.0
3.0,0.33544517814794567,51.0,0.011298973692351513,0.30461892839567295,1.0
3.0,0.33544517814794567,52.0,0.04016197111930761,0.0017817649089878597,0.0
3.0,0.33544517814794567,53.0,0.00300003147775065,0.019333828830578832,1.0
3.0,0.33544517814794567,54.0,0.005909243037162044,1.433829113958344,1.0
3.0,0.33544517814794567,55.0,0.01631467166460843,0.03738477879061184,1.0
3.0,0.33544517814794567,56.0,0.0024151378130748426,0.0009060828780543393,1.0
3.0,0.33544517814794567,57.0,0.0011734039214352438,1.9292090598921146,1.0
3.0,0.33544517814794567,58.0,0.04651194655524167,2.735852578565446e-06,0.0
3.0,0.33544517814794567,59.0,0.0061397349072338375,0.0,0.0
3.0,0.33544517814794567,60.0,0.034473580363880374,0.0,0.0
3.0,0.33544517814794567,61.0,0.017491079863914474,0.0,0.0
3.0,0.33544517814794567,62.0,0.004853072245100491,1.0360042674062573,1.0
3.0,0.33544517814794567,63.0,0.047918868387629175,0.0,0.0
3.0,0.33544517814794567,64.0,0.01777364705133381,0.002236731054385644,0.0
3.0,0.33544517814794567,65.0,0.016790067616800665,0.0003127251493651343,0.0
3.0,0.33544517814794567,66.0,0.004181632493986737,0.08327692096257394,1.0
3.0,0.33544517814794567,67.0,0.009676720813368912,0.04420921624234868,1.0
3.0,0.33544517814794567,68.0,0.018152396343939625,0.0,0.0
3.0,0.33544517814794567,69.0,0.08018443944691146,3.0403486227697648e-05,0.0
3.0,0.33544517814794567,70.0,0.006608004678339088,0.08372244624946101,1.0
3.0,0.33544517814794567,71.0,0.005826567831641317,0.0017955132242909973,1.0
3.0,0.33544517814794567,72.0,0.013081035620001968,5.7079935283195296,1.0
3.0,0.33544517814794567,73.0,0.02822058380985498,2.4791686854248295e-06,0.0
3.0,0.33544517814794567,74.0,0.016632905329191244,0.0,0.0
3.0,0.33544517814794567,75.0,0.006179798254805762,2.3891050972239367,1.0
3.0,0.33544517814794567,76.0,0.0022030410122941702,3.305132813193584,1.0
3.0,0.33544517814794567,77.0,0.009057287467998701,0.030139745767302623,1.0
3.0,0.33544517814794567,78.0,0.010977921717209346,0.0,0.0
3.0,0.33544517814794567,79.0,0.044673149482884485,0.0,0.0
3.0,0.33544517814794567,80.0,0.018148607950925336,0.0,0.0
3.0,0.33544517814794567,81.0,0.011464377733657,0.000948676567702885,0.0
3.0,0.33544517814794567,82.0,0.006069519699913844,0.047273056319593866,1.0
3.0,0.33544517814794567,83.0,0.002225433503133835,0.01922129893517613,1.0
3.0,0.33544517814794567,84.0,0.007145240627597431,1.9962614885774959,1.0
3.0,0.33544517814794567,85.0,0.04028255603476293,0.00044632714094752833,0.0
3.0,0.33544517814794567,86.0,0.0022909770702187857,0.0010153342513196217,1.0
3.0,0.33544517814794567,87.0,0.0117232969125679,0.003079225095887413,0.0
3.0,0.33544517814794567,88.0,0.016620847125030702,0.0017474972323373627,0.0
3.0,0.33544517814794567,89.0,0.0011887540784423333,4.001334807522627,1.0
3.0,0.33544517814794567,90.0,0.001311512470352283,0.003977622050185307,1.0
3.0,0.33544517814794567,91.0,0.0017971380060108043,0.014549110144444669,1.0
3.0,0.33544517814794567,92.0,0.004421473345340054,1.5795936561849866,1.0
3.0,0.33544517814794567,93.0,0.01645746497053885,0.0014132369228040294,0.0
3.0,0.33544517814794567,94.0,0.0041651191859348475,0.001558158497192621,1.0
3.0,0.33544517814794567,95.0,0.018522016713618077,0.0197706828716571,0.0
3.0,0.33544517814794567,96.0,0.03959080562973957,0.02386071532197363,0.0
3.0,0.33544517814794567,97.0,0.03950681542956699,8.543404602437287e-05,0.0
3.0,0.33544517814794567,98.0,0.0019431275556052153,0.12331689500557591,1.0
3.0,0.33544517814794567,99.0,0.0492156601235792,0.02031027957107057,0.0
3.0,0.33544517814794567,100.0,0.006610170209499487,0.018091678778066705,1.0
3.0,0.33544517814794567,101.0,0.004683420014437819,0.031378105558834656,1.0
3.0,0.33544517814794567,102.0,0.028320466616268733,0.0007267236715300613,0.0
3.0,0.33544517814794567,103.0,0.029392753831089975,0.0011049498171792401,0.0
3.0,0.33544517814794567,104.0,0.0009529793309014237,0.002056803088497625,1.0
3.0,0.33544517814794567,105.0,0.017326057360964375,0.0,0.0
3.0,0.33544517814794567,106.0,0.007545942500549023,3.3603237577155363,1.0
3.0,0.33544517814794567,107.0,0.04079320446211277,0.0,0.0
3.0,0.33544517814794567,108.0,0.0070884681616280015,0.5123625973689288,1.0
3.0,0.33544517814794567,109.0,0.030269527061074313,0.0,0.0
3.0,0.33544517814794567,110.0,0.0029756114061290522,0.00015555652012874373,1.0
3.0,0.33544517814794567,111.0,0.008922278005237445,1.752025669065105,1.0
3.0,0.33544517814794567,112.0,0.006809173523293988,0.001543509747280832,1.0
3.0,0.33544517814794567,113.0,0.04133089388332008,0.010705226078696412,0.0
3.0,0.33544517814794567,114.0,0.0012819442753197125,0.12718838255075804,1.0
3.0,0.33544517814794567,115.0,0.0011738171591506256,0.008485879554530883,1.0
3.0,0.33544517814794567,116.0,0.016398342915175612,0.0,0.0
3.0,0.33544517814794567,117.0,0.04606632864517384,0.0,0.0
3.0,0.33544517814794567,118.0,0.059340567070823955,0.02193808704839757,0.0
3.0,0.33544517814794567,119.0,0.005537970331738399,0.002802352357204559,1.0
3.0,0.33544517814794567,120.0,0.006450303179602384,0.16082065224398678,1.0
3.0,0.33544517814794567,121.0,0.045533763881647926,0.039823602036952115,0.0
3.0,0.33544517814794567,122.0,0.0056308398365114655,2.068681046764674,1.0
3.0,0.33544517814794567,123.0,0.004681632816549628,0.02748897625924582,1.0
3.0,0.33544517814794567,124.0,0.0012700471354535876,0.007541183644690444,1.0
3.0,0.33544517814794567,125.0,0.0024369111076570213,0.00048407574447300043,1.0
3.0,0.33544517814794567,126.0,0.009489788186568558,0.5962561647930306,1.0
3.0,0.33544517814794567,127.0,0.040737770817509844,0.01988720953718994,0.0
3.0,0.33544517814794567,128.0,0.007572627583154013,1.4619406328901514,1.0
3.0,0.33544517814794567,129.0,0.005618163968318714,0.01743922932286312,1.0
3.0,0.33544517814794567,130.0,0.002237852662514398,0.0027865721655582943,1.0
3.0,0.33544517814794567,131.0,0.0029701327042277433,0.006985130512411119,1.0
3.0,0.33544517814794567,132.0,0.029569725134060913,0.0,0.0
3.0,0.33544517814794567,133.0,0.004434611526596126,3.7194736544269285,1.0
3.0,0.33544517814794567,134.0,0.02803832648671699,2.8061224017116104e-05,0.0
3.0,0.33544517814794567,135.0,0.0018238010917790855,0.011302847468756755,1.0
3.0,0.33544517814794567,136.0,0.0018250462718974198,0.1034455157998839,1.0
3.0,0.33544517814794567,137.0,0.0019785857987202715,0.005768358742640104,1.0
3.0,0.33544517814794567,138.0,0.041780482170130154,0.019755386711713473,0.0
3.0,0.33544517814794567,139.0,0.011953436637326679,0.0,0.0
3.0,0.33544517814794567,140.0,0.006975805042236124,0.5302594388069201,1.0
3.0,0.33544517814794567,141.0,0.025275629964386374,0.002619386509052964,0.0
3.0,0.33544517814794567,142.0,0.011331720783817514,0.0009506241271736171,0.0
3.0,0.33544517814794567,143.0,0.006274958404583116,0.013836712280341756,1.0
3.0,0.33544517814794567,144.0,0.003509860806727681,0.00370873446646778,1.0
3.0,0.33544517814794567,145.0,0.015605668811233486,0.0004976160167759244,0.0
3.0,0.33544517814794567,146.0,0.028500640773713434,0.0034380834371636176,0.0
3.0,0.33544517814794567,147.0,0.005795447183351431,0.01014513053602992,1.0
3.0,0.33544517814794567,148.0,0.0041217663987446,1.1497226685090323,1.0
3.0,0.33544517814794567,149.0,0.0015936551507672396,0.2287948995287908,1.0
3.0,0.33544517814794567,150.0,0.015970982672141122,0.001361264088889613,0.0
3.0,0.33544517814794567,151.0,0.005447133549046781,0.02906264949719395,1.0
3.0,0.33544517814794567,152.0,0.014274733141537377,0.0005586731496270779,0.0
3.0,0.33544517814794567,153.0,0.018150554020414933,0.0,0.0
3.0,0.33544517814794567,154.0,0.029747507957119404,0.0008211656058961105,0.0
3.0,0.33544517814794567,155.0,0.034720475676270464,0.003869122694976064,0.0
3.0,0.33544517814794567,156.0,0.006051043171666353,0.04662902180374552,1.0
3.0,0.33544517814794567,157.0,0.012150033929548491,0.0,0.0
3.0,0.33544517814794567,158.0,0.004997958707334519,0.09975625304551035,1.0
3.0,0.33544517814794567,159.0,0.04798958220523412,4.923685664671233,1.0
3.0,0.33544517814794567,160.0,0.006559934108623579,0.8913956464673742,1.0
3.0,0.33544517814794567,161.0,0.03262723878618028,0.0,0.0
3.0,0.33544517814794567,162.0,0.002052519515587382,0.02047516579031143,1.0
3.0,0.33544517814794567,163.0,0.006404229292028759,0.007028965152268003,1.0
3.0,0.33544517814794567,164.0,0.04214950309547415,0.019215390712771414,0.0
3.0,0.33544517814794567,165.0,0.029040128627404998,4.5199978206529354e-05,0.0
3.0,0.33544517814794567,166.0,0.0044888461729615066,0.0004330887147294718,1.0
3.0,0.33544517814794567,167.0,0.00351881362420535,0.006045663785520415,1.0
3.0,0.33544517814794567,168.0,0.011877991314236287,0.0,0.0
3.0,0.33544517814794567,169.0,0.01545073652703068,2.976332777657702e-05,0.0
3.0,0.33544517814794567,170.0,0.0013593164849569318,0.34361228271118727,1.0
3.0,0.33544517814794567,171.0,0.002315275776297675,0.12732686373613153,1.0
3.0,0.33544517814794567,172.0,0.0014648873556735134,0.16151884773477315,1.0
3.0,0.33544517814794567,173.0,0.0017718053707167177,0.028776651611936006,1.0
3.0,0.33544517814794567,174.0,0.011553882471501794,0.02539038975617189,0.0
3.0,0.33544517814794567,175.0,0.0032232270330836334,0.0017722156184187534,1.0
3.0,0.33544517814794567,176.0,0.004178469613821295,0.5795362425085223,1.0
3.0,0.33544517814794567,177.0,0.01542329590054239,0.013639882297748143,0.0
3.0,0.33544517814794567,178.0,0.009241690174261364,0.4287600476734238,1.0
3.0,0.33544517814794567,179.0,0.015164110651206642,0.0874370538242197,0.0
3.0,0.33544517814794567,180.0,0.005811462992088001,11.784743980092578,1.0
3.0,0.33544517814794567,181.0,0.028790901207421365,0.00898217602835036,0.0
3.0,0.33544517814794567,182.0,0.004605494453800708,0.08534493429190405,1.0
3.0,0.33544517814794567,183.0,0.010949392273602664,0.011262725950396157,0.0
3.0,0.33544517814794567,184.0,0.00687353819645966,1.0447284784953308e-05,1.0
3.0,0.33544517814794567,185.0,0.0024242309974679146,1.016180304852082,1.0
3.0,0.33544517814794567,186.0,0.010712938058624298,0.018934869590441772,0.0
3.0,0.33544517814794567,187.0,0.011166693790828032,1.8920093222236525e-06,0.0
3.0,0.33544517814794567,188.0,0.0025375110816507757,1.2939719162507184,1.0
3.0,0.33544517814794567,189.0,0.01192413033848293,1.3120065069194055e-05,0.0
3.0,0.33544517814794567,190.0,0.001039223322150288,0.0045322274351780175,1.0
3.0,0.33544517814794567,191.0,0.004783012771139463,0.10810257782078692,1.0
3.0,0.33544517814794567,192.0,0.0029818392591679796,0.00956485987995019,1.0
3.0,0.33544517814794567,193.0,0.015882781829734616,0.005226439389765314,0.0
3.0,0.33544517814794567,194.0,0.01560818580714976,0.44709437628567245,1.0
3.0,0.33544517814794567,195.0,0.004648219254646739,0.019138474289910515,1.0
3.0,0.33544517814794567,196.0,0.0018957390759581747,0.004090845189951181,1.0
3.0,0.33544517814794567,197.0,0.006038727375955245,0.0017161567613497995,1.0
3.0,0.33544517814794567,198.0,0.006052181365654777,0.04227666771244765,1.0
3.0,0.33544517814794567,199.0,0.04493674591124032,0.00016227216021742863,0.0
3.0,0.33544517814794567,200.0,0.0025767432165485823,0.035442146345071236,1.0
3.0,0.33544517814794567,201.0,0.040341754215402675,0.0,0.0
3.0,0.33544517814794567,202.0,0.03769690435016641,0.0,0.0
3.0,0.33544517814794567,203.0,0.001813773338886958,0.038833724841673856,1.0
3.0,0.33544517814794567,204.0,0.040325718510638014,7.71009313490705e-06,0.0
3.0,0.33544517814794567,205.0,0.013321362885866514,0.0,0.0
3.0,0.33544517814794567,206.0,0.008208716920329326,1.8354890083281792,1.0
3.0,0.33544517814794567,207.0,0.012078573116937334,0.0,0.0
3.0,0.33544517814794567,208.0,0.0025053114044618703,0.0658038284479955,1.0
3.0,0.33544517814794567,209.0,0.005646568566122012,0.11962763746119653,1.0
3.0,0.33544517814794567,210.0,0.010392427235379031,1.1430362005845509e-05,1.0
3.0,0.33544517814794567,211.0,0.0069142030327091685,0.47175728436479425,1.0
3.0,0.33544517814794567,212.0,0.007507493065622063,2.879498140386382,1.0
3.0,0.33544517814794567,213.0,0.03287763668527045,0.0,0.0
3.0,0.33544517814794567,214.0,0.005011918459186342,0.0007132175263348127,0.0
3.0,0.33544517814794567,215.0,0.039319553096997084,0.0002586718585027185,0.0
3.0,0.33544517814794567,216.0,0.006398511241530952,0.0001662080909120676,1.0
3.0,0.33544517814794567,217.0,0.0012532472877286056,4.1959369005690705,1.0
3.0,0.33544517814794567,218.0,0.0030158197962989915,0.0906825830300647,1.0
3.0,0.33544517814794567,219.0,0.05315351868192235,0.0,0.0
3.0,0.33544517814794567,220.0,0.028807654297696935,0.0021369074541096916,0.0
3.0,0.33544517814794567,221.0,0.001582542766874655,0.8707265772063733,1.0
3.0,0.33544517814794567,222.0,0.042687868333688546,0.0002650385859216201,0.0
3.0,0.33544517814794567,223.0,0.006050178356778396,0.025595285267713003,1.0
3.0,0.33544517814794567,224.0,0.012563341398722594,0.00031151534863536114,1.0
3.0,0.33544517814794567,225.0,0.02820447587343506,0.0,0.0
3.0,0.33544517814794567,226.0,0.0025684043681240745,1.4614130136708563,1.0
3.0,0.33544517814794567,227.0,0.015100787074562447,1.5663860596869076e-05,0.0
3.0,0.33544517814794567,228.0,0.003183585414142825,0.1052316977268822,1.0
3.0,0.33544517814794567,229.0,0.005755032506590909,0.0007764740314795101,1.0
3.0,0.33544517814794567,230.0,0.006347097373118514,0.0006789705729615068,1.0
3.0,0.33544517814794567,231.0,0.028529059117556956,4.2344555533444e-05,0.0
3.0,0.33544517814794567,232.0,0.016485770134375192,0.0,0.0
3.0,0.33544517814794567,233.0,0.04189219646612509,0.0012653025157022824,0.0
3.0,0.33544517814794567,234.0,0.0029441820617609406,0.0003272547540057469,1.0
3.0,0.33544517814794567,235.0,0.015664718818666813,0.006185695758059794,0.0
3.0,0.33544517814794567,236.0,0.015697826284495408,1.7294364887742397e-05,0.0
3.0,0.33544517814794567,237.0,0.005148819482239079,4.317740593571112,1.0
3.0,0.33544517814794567,238.0,0.002055270322326217,2.211299901568459e-05,1.0
3.0,0.33544517814794567,239.0,0.036558588262998626,0.0,0.0
3.0,0.33544517814794567,240.0,0.0022985674860368493,0.005219818274873637,1.0
3.0,0.33544517814794567,241.0,0.010911182035802446,0.0012875774578486948,0.0
3.0,0.33544517814794567,242.0,0.007734275002111626,1.1718665607144254,1.0
3.0,0.33544517814794567,243.0,0.0073441456575546295,0.004430825705959961,1.0
3.0,0.33544517814794567,244.0,0.04160720131973949,0.0,0.0
3.0,0.33544517814794567,245.0,0.04706758775595786,0.0,0.0
3.0,0.33544517814794567,246.0,0.03916522337713337,8.58596919488055e-06,0.0
3.0,0.33544517814794567,247.0,0.005268028812406085,0.019817883578649616,0.0
3.0,0.33544517814794567,248.0,0.012736520376911014,0.02470262110085814,1.0
3.0,0.33544517814794567,249.0,0.006276078843797363,0.06170958335780266,1.0
3.0,0.33544517814794567,250.0,0.042088038716031624,0.0,0.0
3.0,0.33544517814794567,251.0,0.05899681400761986,0.025124374442763626,0.0
3.0,0.33544517814794567,252.0,0.0036661929418213557,0.00908468867409353,1.0
3.0,0.33544517814794567,253.0,0.03448558606018429,0.00943285355762426,0.0
3.0,0.33544517814794567,254.0,0.0039679526299846914,0.29812349796700177,1.0
3.0,0.33544517814794567,255.0,0.011649617413601807,0.0,0.0
3.0,0.33544517814794567,256.0,0.004426208869058578,0.0008347814270010314,1.0
3.0,0.33544517814794567,257.0,0.003455779167011396,0.14025543091306078,1.0
3.0,0.33544517814794567,258.0,0.015629364896575987,1.8927772938098552e-05,0.0
3.0,0.33544517814794567,259.0,0.022689400090050153,2.3509336612369183e-06,0.0
3.0,0.33544517814794567,260.0,0.040081167861067954,0.0,0.0
3.0,0.33544517814794567,261.0,0.00743849806004265,0.00011673949156941238,1.0
3.0,0.33544517814794567,262.0,0.017596294055445893,8.841541737363625e-06,0.0
3.0,0.33544517814794567,263.0,0.00423613145178558,0.03095288673593791,1.0
3.0,0.33544517814794567,264.0,0.0104586641814223,0.0009259231460085042,0.0
3.0,0.33544517814794567,265.0,0.002771482735260732,0.05398611504065859,1.0
3.0,0.33544517814794567,266.0,0.007089104296394942,0.04154075420440797,1.0
3.0,0.33544517814794567,267.0,0.002737263085249084,0.0016533046400875392,1.0
3.0,0.33544517814794567,268.0,0.046503874888202165,7.491824547129118e-05,0.0
3.0,0.33544517814794567,269.0,0.009402696554237118,0.03073179448150207,1.0
3.0,0.33544517814794567,270.0,0.0019783955690824873,0.006582059463420869,1.0
3.0,0.33544517814794567,271.0,0.003541761698012512,0.001999717688556786,1.0
3.0,0.33544517814794567,272.0,0.06967857113058479,1.3481123021455473e-05,0.0
3.0,0.33544517814794567,273.0,0.004830220492926807,0.11208592549301738,1.0
3.0,0.33544517814794567,274.0,0.03974976064787167,0.024096805505914354,0.0
3.0,0.33544517814794567,275.0,0.002637028978940767,2.4026747558982584,1.0
3.0,0.33544517814794567,276.0,0.0391231786293159,0.00019105704670918555,0.0
3.0,0.33544517814794567,277.0,0.0021196581586333633,0.00010151801675515079,1.0
3.0,0.33544517814794567,278.0,0.04025703236767557,0.0,0.0
3.0,0.33544517814794567,279.0,0.0034519628631143897,0.000516423807778178,1.0
3.0,0.33544517814794567,280.0,0.05959499079783887,2.236492052624803e-05,0.0
3.0,0.33544517814794567,281.0,0.011127407888646287,0.0,0.0
3.0,0.33544517814794567,282.0,0.002213791755451297,0.13076529960517216,1.0
3.0,0.33544517814794567,283.0,0.007675968629664622,6.892229218942214,1.0
3.0,0.33544517814794567,284.0,0.04645191402926466,0.0,0.0
3.0,0.33544517814794567,285.0,0.028628548478695635,0.0,0.0
3.0,0.33544517814794567,286.0,0.0030537103662027897,9.242637437157418,1.0
3.0,0.33544517814794567,287.0,0.004897115888620975,0.0071623206654541985,1.0
3.0,0.33544517814794567,288.0,0.01511905879671556,0.0020679405544827213,0.0
3.0,0.33544517814794567,289.0,0.028889676122114953,7.86343412533759e-06,0.0
3.0,0.33544517814794567,290.0,0.006632711149913545,0.029506162444649677,1.0
3.0,0.33544517814794567,291.0,0.001979763437584793,0.03475403120074996,1.0
3.0,0.33544517814794567,292.0,0.002954753327458289,0.050561738288428894,1.0
3.0,0.33544517814794567,293.0,0.01175394924284261,0.007436700029538934,0.0
3.0,0.33544517814794567,294.0,0.006027126714702293,0.08396686587127024,1.0
3.0,0.33544517814794567,295.0,0.00524693222750228,2.7420678751629315e-05,0.0
3.0,0.33544517814794567,296.0,0.05081911603844133,5.162013479420997e-06,0.0
3.0,0.33544517814794567,297.0,0.005815926159116696,0.0004772108110829426,1.0
3.0,0.33544517814794567,298.0,0.028969117727696975,1.0855969344287278e-06,0.0
3.0,0.33544517814794567,299.0,0.0023030207824524754,0.3364453943330073,1.0
3.0,0.33544517814794567,300.0,0.041542990340527476,0.0,0.0
3.0,0.33544517814794567,301.0,0.025181504901222274,0.0,0.0
3.0,0.33544517814794567,302.0,0.0009577623706104406,0.004203938873319613,1.0
3.0,0.33544517814794567,303.0,0.006051005381962646,0.07507525978121743,1.0
3.0,0.33544517814794567,304.0,0.016525011028737043,0.01916028957570421,0.0
3.0,0.33544517814794567,305.0,0.00609506267782448,0.03515131576219745,1.0
3.0,0.33544517814794567,306.0,0.043466112646739816,0.000332071619130897,0.0
3.0,0.33544517814794567,307.0,0.024508860445985957,0.0,0.0
3.0,0.33544517814794567,308.0,0.004162186188715045,0.1550855273212458,1.0
3.0,0.33544517814794567,309.0,0.0014139669376019462,2.730996444087388,1.0
3.0,0.33544517814794567,310.0,0.014997345871637284,7.453925203751378e-05,0.0
3.0,0.33544517814794567,311.0,0.001697088320373887,0.0020012655470949,1.0
3.0,0.33544517814794567,312.0,0.03538557578045083,0.0,0.0
3.0,0.33544517814794567,313.0,0.028820996414160378,0.0008314221766640606,0.0
3.0,0.33544517814794567,314.0,0.04130091457517522,0.0,0.0
3.0,0.33544517814794567,315.0,0.006740036806194726,0.38161992829911096,1.0
3.0,0.33544517814794567,316.0,0.006344558364143445,0.00970592923713568,1.0
3.0,0.33544517814794567,317.0,0.003390119617579952,4.8294126091731256e-05,1.0
3.0,0.33544517814794567,318.0,0.0015552833392179603,1.4331755009448215,1.0
3.0,0.33544517814794567,319.0,0.016018194362059004,2.325178240652265e-05,0.0
3.0,0.33544517814794567,320.0,0.005838897552155025,0.3007234581514323,1.0
3.0,0.33544517814794567,321.0,0.007126948735621197,0.05027269487017848,1.0
3.0,0.33544517814794567,322.0,0.0035272613768475482,0.2872444937663636,1.0
3.0,0.33544517814794567,323.0,0.01869657361970567,0.0,0.0
3.0,0.33544517814794567,324.0,0.02385963668893842,0.0,0.0
3.0,0.33544517814794567,325.0,0.027985629913124224,3.498061115898268e-06,0.0
3.0,0.33544517814794567,326.0,0.010868389308259816,0.00037113085285562597,0.0
3.0,0.33544517814794567,327.0,0.006937266401015103,0.07464336952298928,1.0
3.0,0.33544517814794567,328.0,0.017815990702696894,0.010736991725653846,0.0
3.0,0.33544517814794567,329.0,0.005428130582354247,0.004115624086754007,1.0
3.0,0.33544517814794567,330.0,0.011758769286524192,0.0003996169627857673,0.0
3.0,0.33544517814794567,331.0,0.01708049544819467,0.0,0.0
3.0,0.33544517814794567,332.0,0.0037044299959414543,1.2901682337755507,1.0
3.0,0.33544517814794567,333.0,0.004305932265814744,0.00029650593013695977,1.0
3.0,0.33544517814794567,334.0,0.00604795126249263,0.07705878413763873,1.0
3.0,0.33544517814794567,335.0,0.004675657837928717,0.007756778923980551,1.0
3.0,0.33544517814794567,336.0,0.04058332714575888,2.634386430903975e-06,0.0
3.0,0.33544517814794567,337.0,0.006360280319046512,0.006030545931819949,1.0
3.0,0.33544517814794567,338.0,0.04116894728329785,0.00021480398615779457,0.0
3.0,0.33544517814794567,339.0,0.0015383438074455667,0.39587547835319753,1.0
3.0,0.33544517814794567,340.0,0.011865659283265786,0.0,0.0
3.0,0.33544517814794567,341.0,0.016467992603415978,0.0,0.0
3.0,0.33544517814794567,342.0,0.010784211722930526,4.320029789513274e-05,0.0
3.0,0.33544517814794567,343.0,0.038055814526460854,0.0008663369707466686,0.0
3.0,0.33544517814794567,344.0,0.0060499626075153305,0.0011059889929476725,1.0
3.0,0.33544517814794567,345.0,0.0024884063046541373,0.02170467222266439,1.0
3.0,0.33544517814794567,346.0,0.002238187760998899,0.0006045254503368144,1.0
3.0,0.33544517814794567,347.0,0.029419315558786577,0.0,0.0
3.0,0.33544517814794567,348.0,0.011309044463684557,0.0,0.0
3.0,0.33544517814794567,349.0,0.03934350315184707,0.0002116410596626239,0.0
3.0,0.33544517814794567,350.0,0.016996471730141773,3.999732528243923e-05,0.0
3.0,0.33544517814794567,351.0,0.00670118530665839,0.9377118090312843,1.0
3.0,0.33544517814794567,352.0,0.017446563724212532,0.0,0.0
3.0,0.33544517814794567,353.0,0.0023032428198012283,0.0057482137042325415,1.0
3.0,0.33544517814794567,354.0,0.002359103495265578,0.024166715229538057,1.0
3.0,0.33544517814794567,355.0,0.041981812854988025,0.0,0.0
3.0,0.33544517814794567,356.0,0.04128003573091242,0.0004163931882384313,0.0
3.0,0.33544517814794567,357.0,0.006125695383293961,0.0013947283353515627,1.0
3.0,0.33544517814794567,358.0,0.04457045597087621,0.001630826670655384,0.0
3.0,0.33544517814794567,359.0,0.040859725191080346,0.0004889064663626065,0.0
3.0,0.33544517814794567,360.0,0.0024715701100586967,0.09795360800848209,1.0
3.0,0.33544517814794567,361.0,0.0027030246800779307,0.038096912903696586,1.0
3.0,0.33544517814794567,362.0,0.002439454114774147,0.3218588677809664,1.0
3.0,0.33544517814794567,363.0,0.011394586113714592,0.0,0.0
3.0,0.33544517814794567,364.0,0.007311368102182032,0.002136928865439255,1.0
3.0,0.33544517814794567,365.0,0.006772410802027382,0.027906913730372802,1.0
3.0,0.33544517814794567,366.0,0.036199119305131325,4.205695779247968e-06,0.0
3.0,0.33544517814794567,367.0,0.010209112043708939,7.813704804855861e-07,0.0
3.0,0.33544517814794567,368.0,0.044511748379324506,0.00304510400417708,0.0
3.0,0.33544517814794567,369.0,0.015226364698157824,0.00013646765858880204,0.0
3.0,0.33544517814794567,370.0,0.0018943084010320805,0.015067601945539466,1.0
3.0,0.33544517814794567,371.0,0.017974298263039996,6.62862784461048e-05,0.0
3.0,0.33544517814794567,372.0,0.0067872323590264325,0.42343689785094946,1.0
3.0,0.33544517814794567,373.0,0.017207071691591854,1.1524351914734574,1.0
3.0,0.33544517814794567,374.0,0.04091670783642357,0.0,0.0
3.0,0.33544517814794567,375.0,0.0006969608743835605,0.008047520057255167,1.0
3.0,0.33544517814794567,376.0,0.0064985623898576594,0.9021612229736897,1.0
3.0,0.33544517814794567,377.0,0.0014552763246090815,6.24870325009857,1.0
3.0,0.33544517814794567,378.0,0.017279609284505205,0.0,0.0
3.0,0.33544517814794567,379.0,0.01630452280754092,0.0,0.0
3.0,0.33544517814794567,380.0,0.0031182134431705743,0.07491300971868126,1.0
3.0,0.33544517814794567,381.0,0.002759884032381969,1.4511751902536096,1.0
3.0,0.33544517814794567,382.0,0.029296700090853164,0.0,0.0
3.0,0.33544517814794567,383.0,0.006310740653259789,0.401843895964197,1.0
3.0,0.33544517814794567,384.0,0.004455524613545539,0.0011527051587819236,1.0
3.0,0.33544517814794567,385.0,0.04143276081841789,0.005965147561901283,0.0
3.0,0.33544517814794567,386.0,0.007099180186550965,0.09502727288411615,1.0
3.0,0.33544517814794567,387.0,0.008433973251741191,9.419463515110728e-06,1.0
3.0,0.33544517814794567,388.0,0.0019450078988215178,0.004107830230560834,1.0
3.0,0.33544517814794567,389.0,0.005815833111724553,1.4628471671273895,1.0
3.0,0.33544517814794567,390.0,0.00354483727008388,0.010004850685246714,1.0
3.0,0.33544517814794567,391.0,0.02849973550484758,0.0,0.0
3.0,0.33544517814794567,392.0,0.025920373060430952,0.006381155539706446,0.0
3.0,0.33544517814794567,393.0,0.016847069256071694,0.0,0.0
3.0,0.33544517814794567,394.0,0.0030462461376811936,3.869799561909678,1.0
3.0,0.33544517814794567,395.0,0.01099497143887305,7.832325245578517e-07,0.0
3.0,0.33544517814794567,396.0,0.017277558222367394,0.00044901444691893043,0.0
3.0,0.33544517814794567,397.0,0.004930989515941984,0.21185261656474882,1.0
3.0,0.33544517814794567,398.0,0.001527018009470413,0.10244503418217837,1.0
3.0,0.33544517814794567,399.0,0.003695348116902774,0.0021947696811147692,1.0
3.0,0.40253421377753484,0.0,0.008592438979470938,0.12991658199395614,1.0
3.0,0.40253421377753484,1.0,0.0023432040210358066,0.09410641021592796,1.0
3.0,0.40253421377753484,2.0,0.0023421602179211046,0.0032873108210236183,1.0
3.0,0.40253421377753484,3.0,0.0068044164331047515,0.00130698924187303,1.0
3.0,0.40253421377753484,4.0,0.0020083724039551554,0.0031528651059033025,1.0
3.0,0.40253421377753484,5.0,0.04686315376763317,0.000550612775086399,0.0
3.0,0.40253421377753484,6.0,0.016929330792821447,0.0,0.0
3.0,0.40253421377753484,7.0,0.044798746275756036,0.0,0.0
3.0,0.40253421377753484,8.0,0.006167449482578876,0.0018674158403897117,1.0
3.0,0.40253421377753484,9.0,0.00656146448705708,0.0024085986016205486,1.0
3.0,0.40253421377753484,10.0,0.10153188770915478,0.01948833876608991,0.0
3.0,0.40253421377753484,11.0,0.0030768031100308776,0.3076884289751494,1.0
3.0,0.40253421377753484,12.0,0.039793710374490615,0.0,0.0
3.0,0.40253421377753484,13.0,0.031056791793314727,0.0,0.0
3.0,0.40253421377753484,14.0,0.006671032991547607,0.005592826423411074,1.0
3.0,0.40253421377753484,15.0,0.06704769846992104,0.0,0.0
3.0,0.40253421377753484,16.0,0.08363291079315939,3.239722429136268e-08,0.0
3.0,0.40253421377753484,17.0,0.006191999429044784,0.0008012431273459626,1.0
3.0,0.40253421377753484,18.0,0.052618255580868335,3.610288664537581e-05,0.0
3.0,0.40253421377753484,19.0,0.07560452298379587,0.00012592340083342942,0.0
3.0,0.40253421377753484,20.0,0.006049323299856909,0.13219234814497516,1.0
3.0,0.40253421377753484,21.0,0.0518787770546954,3.2784078334567856e-06,0.0
3.0,0.40253421377753484,22.0,0.022159030983166246,0.0,0.0
3.0,0.40253421377753484,23.0,0.04621909245579833,0.00012549634184519747,0.0
3.0,0.40253421377753484,24.0,0.01660403623045542,0.0002832072210774504,0.0
3.0,0.40253421377753484,25.0,0.01629382761471434,0.02517307549505715,0.0
3.0,0.40253421377753484,26.0,0.020803591786658283,0.0001452834588023446,0.0
3.0,0.40253421377753484,27.0,0.008985942969775404,0.09016145490345383,1.0
3.0,0.40253421377753484,28.0,0.013602108899633161,1.0636626878312647,1.0
3.0,0.40253421377753484,29.0,0.001038450173448461,0.008615083597796796,1.0
3.0,0.40253421377753484,30.0,0.010119634239336366,9.205433182357453e-05,1.0
3.0,0.40253421377753484,31.0,0.008073705411655722,0.14955167864309646,1.0
3.0,0.40253421377753484,32.0,0.006204999527879936,0.0028137918053033114,1.0
3.0,0.40253421377753484,33.0,0.002907295342116748,0.010620012160305996,1.0
3.0,0.40253421377753484,34.0,0.006209638804237248,1.2630111081760205,1.0
3.0,0.40253421377753484,35.0,0.07689825318872769,0.0007701386800851046,0.0
3.0,0.40253421377753484,36.0,0.0703659797254144,0.00237177807324274,0.0
3.0,0.40253421377753484,37.0,0.02048096190849281,0.0006477253662854637,0.0
3.0,0.40253421377753484,38.0,0.03828124964585805,0.0928204470279894,1.0
3.0,0.40253421377753484,39.0,0.0032503197329476663,0.15226436369328084,1.0
3.0,0.40253421377753484,40.0,0.04791845666358252,0.0036136373300101653,0.0
3.0,0.40253421377753484,41.0,0.04617630342331953,0.0,0.0
3.0,0.40253421377753484,42.0,0.06684509745208522,0.0016382725255268036,0.0
3.0,0.40253421377753484,43.0,0.04077814789272001,0.018686488851649474,0.0
3.0,0.40253421377753484,44.0,0.005111406149134024,5.449332594829946,1.0
3.0,0.40253421377753484,45.0,0.04836853856677793,0.0,0.0
3.0,0.40253421377753484,46.0,0.0185908065363345,0.0,0.0
3.0,0.40253421377753484,47.0,0.0065789065823698666,6.619974509873423,1.0
3.0,0.40253421377753484,48.0,0.007137917364823559,0.0001958840703077321,1.0
3.0,0.40253421377753484,49.0,0.07902711694996534,0.0028853867832582887,0.0
3.0,0.40253421377753484,50.0,0.004302382666509677,0.14917297099064833,1.0
3.0,0.40253421377753484,51.0,0.008811998057991995,5.135131350209711,1.0
3.0,0.40253421377753484,52.0,0.09479858041937986,0.0017607637426719574,0.0
3.0,0.40253421377753484,53.0,0.006982276017094326,0.004406158999762752,1.0
3.0,0.40253421377753484,54.0,0.005909243037162044,1.433829113958344,1.0
3.0,0.40253421377753484,55.0,0.015309249819394388,0.12628905374313562,1.0
3.0,0.40253421377753484,56.0,0.0024151378130748426,0.0009060828780543393,1.0
3.0,0.40253421377753484,57.0,0.0015569893418641873,1.8442747985528423,1.0
3.0,0.40253421377753484,58.0,0.055209569345250835,2.6912237470527384e-06,0.0
3.0,0.40253421377753484,59.0,0.054345626980121936,0.0,0.0
3.0,0.40253421377753484,60.0,0.07710411746216636,0.0,0.0
3.0,0.40253421377753484,61.0,0.017491079863914474,0.0,0.0
3.0,0.40253421377753484,62.0,0.004853072245100491,1.0360042674062573,1.0
3.0,0.40253421377753484,63.0,0.047918868387629175,0.0,0.0
3.0,0.40253421377753484,64.0,0.01777364705133381,0.002236731054385644,0.0
3.0,0.40253421377753484,65.0,0.023005255172111893,0.00031258716480752583,0.0
3.0,0.40253421377753484,66.0,0.004181632493986737,0.08327692096257394,1.0
3.0,0.40253421377753484,67.0,0.007344356148224171,0.05566964002366432,1.0
3.0,0.40253421377753484,68.0,0.018152396343939625,0.0,0.0
3.0,0.40253421377753484,69.0,0.10260802111251352,3.0386187922847917e-05,0.0
3.0,0.40253421377753484,70.0,0.006608004678339088,0.08372244624946101,1.0
3.0,0.40253421377753484,71.0,0.006136044728419491,0.010575669668079992,1.0
3.0,0.40253421377753484,72.0,0.06186235404011118,0.02054442556158786,0.0
3.0,0.40253421377753484,73.0,0.03320830168846227,2.5076640205435136e-06,0.0
3.0,0.40253421377753484,74.0,0.02562497313108291,0.0,0.0
3.0,0.40253421377753484,75.0,0.01084262435206739,9.029964332080473,1.0
3.0,0.40253421377753484,76.0,0.001940410925746336,3.3051002199696886,1.0
3.0,0.40253421377753484,77.0,0.044976632253111715,0.00612779595000908,0.0
3.0,0.40253421377753484,78.0,0.0159532676781174,0.0,0.0
3.0,0.40253421377753484,79.0,0.04894615367740228,0.0,0.0
3.0,0.40253421377753484,80.0,0.018148607950925336,0.0,0.0
3.0,0.40253421377753484,81.0,0.016445026920799362,0.000948371243150284,0.0
3.0,0.40253421377753484,82.0,0.006193385551832615,0.02447382217643205,1.0
3.0,0.40253421377753484,83.0,0.0019543037586174515,0.026041676443395625,1.0
3.0,0.40253421377753484,84.0,0.010844199994623898,2.2234057992365654,1.0
3.0,0.40253421377753484,85.0,0.07625657662124244,0.00044534037971234226,0.0
3.0,0.40253421377753484,86.0,0.0025333425810377458,0.0011220460793189032,1.0
3.0,0.40253421377753484,87.0,0.016826247917491426,0.0029374864355053245,0.0
3.0,0.40253421377753484,88.0,0.016620847125030702,0.0017474972323373627,0.0
3.0,0.40253421377753484,89.0,0.0011217070083821036,3.4500517977031357,1.0
3.0,0.40253421377753484,90.0,0.0017032252072115871,0.003974704499396346,1.0
3.0,0.40253421377753484,91.0,0.0017971380060108043,0.014549110144444669,1.0
3.0,0.40253421377753484,92.0,0.00624701762778537,0.5750088168848138,1.0
3.0,0.40253421377753484,93.0,0.022480188172012174,0.001409196944251435,0.0
3.0,0.40253421377753484,94.0,0.0041651191859348475,0.001558158497192621,1.0
3.0,0.40253421377753484,95.0,0.018522016713618077,0.0197706828716571,0.0
3.0,0.40253421377753484,96.0,0.059856124324492915,0.023860550562632653,0.0
3.0,0.40253421377753484,97.0,0.09401609276373743,5.701509587310284e-05,0.0
3.0,0.40253421377753484,98.0,0.02900667231659622,0.002035942933062443,0.0
3.0,0.40253421377753484,99.0,0.057682220594262604,0.020308526295772917,0.0
3.0,0.40253421377753484,100.0,0.0069164870133624715,0.01911088700966604,1.0
3.0,0.40253421377753484,101.0,0.006405189253125916,0.0056918571671014575,1.0
3.0,0.40253421377753484,102.0,0.03331286788410269,0.0007492662405091125,0.0
3.0,0.40253421377753484,103.0,0.04115428908965317,0.001102339592422284,0.0
3.0,0.40253421377753484,104.0,0.0010388088269713642,0.0019232533138511506,1.0
3.0,0.40253421377753484,105.0,0.02363596948377518,0.0,0.0
3.0,0.40253421377753484,106.0,0.07037120146854395,0.014393636023180228,0.0
3.0,0.40253421377753484,107.0,0.04273289542900642,0.0,0.0
3.0,0.40253421377753484,108.0,0.0713502926771969,0.007752010363025198,0.0
3.0,0.40253421377753484,109.0,0.035817747830753324,0.0,0.0
3.0,0.40253421377753484,110.0,0.0014182952315810748,0.0011248493070647007,1.0
3.0,0.40253421377753484,111.0,0.007689585664307326,1.9340778662858615,1.0
3.0,0.40253421377753484,112.0,0.006879373907551356,0.0011883000005601494,1.0
3.0,0.40253421377753484,113.0,0.05174855273845972,0.010297131138160623,0.0
3.0,0.40253421377753484,114.0,0.0018229542346634162,0.15572207486908757,1.0
3.0,0.40253421377753484,115.0,0.004109459898648261,0.010250941618172376,1.0
3.0,0.40253421377753484,116.0,0.022210921471740013,0.0,0.0
3.0,0.40253421377753484,117.0,0.050759802745609754,0.0,0.0
3.0,0.40253421377753484,118.0,0.07031726047048542,0.021709066451634864,0.0
3.0,0.40253421377753484,119.0,0.005537970331738399,0.002802352357204559,1.0
3.0,0.40253421377753484,120.0,0.006748923398656316,0.1592426576008235,1.0
3.0,0.40253421377753484,121.0,0.07032007740728033,0.039681722350353416,0.0
3.0,0.40253421377753484,122.0,0.0056308398365114655,2.068681046764674,1.0
3.0,0.40253421377753484,123.0,0.004681632816549628,0.02748897625924582,1.0
3.0,0.40253421377753484,124.0,0.002203674124027654,0.007541183644690444,1.0
3.0,0.40253421377753484,125.0,0.0069485393813953624,0.000497161941932537,1.0
3.0,0.40253421377753484,126.0,0.006214561903962831,0.6653714923216284,1.0
3.0,0.40253421377753484,127.0,0.09545790049486574,0.019846567026813405,0.0
3.0,0.40253421377753484,128.0,0.007506246395447579,1.5465913268202043,1.0
3.0,0.40253421377753484,129.0,0.006899970446019804,0.0174959595454725,1.0
3.0,0.40253421377753484,130.0,0.0026116437989657073,0.0029227148753130983,1.0
3.0,0.40253421377753484,131.0,0.00806872213277309,0.04698660623758687,1.0
3.0,0.40253421377753484,132.0,0.04042922353290836,0.0,0.0
3.0,0.40253421377753484,133.0,0.005610444579041418,4.204552759789979,1.0
3.0,0.40253421377753484,134.0,0.03274820898887727,2.8358452892960678e-05,0.0
3.0,0.40253421377753484,135.0,0.0018238010917790855,0.011302847468756755,1.0
3.0,0.40253421377753484,136.0,0.0022004200986210903,0.10334745312431093,1.0
3.0,0.40253421377753484,137.0,0.0018444038594155358,0.005407295521809581,1.0
3.0,0.40253421377753484,138.0,0.06864930250841599,0.019660819745053622,0.0
3.0,0.40253421377753484,139.0,0.018436083244155656,0.0,0.0
3.0,0.40253421377753484,140.0,0.006975805042236124,0.5302594388069201,1.0
3.0,0.40253421377753484,141.0,0.03584758155868488,0.0026192881613258416,0.0
3.0,0.40253421377753484,142.0,0.01639037603897254,0.0009476415237478395,0.0
3.0,0.40253421377753484,143.0,0.006994438335616124,0.005632947295732431,1.0
3.0,0.40253421377753484,144.0,0.003254654748661311,0.00392441484951851,1.0
3.0,0.40253421377753484,145.0,0.02134189044171168,0.0004976156105672309,0.0
3.0,0.40253421377753484,146.0,0.039660855730944466,0.0034232522365440963,0.0
3.0,0.40253421377753484,147.0,0.07598135847997659,0.0003900924028868431,0.0
3.0,0.40253421377753484,148.0,0.00557225806985939,1.3341359475816443,1.0
3.0,0.40253421377753484,149.0,0.0020542907275985203,0.2567337066494796,1.0
3.0,0.40253421377753484,150.0,0.015970982672141122,0.001361264088889613,0.0
3.0,0.40253421377753484,151.0,0.006402764155705665,0.004984468908576736,1.0
3.0,0.40253421377753484,152.0,0.01702679820667374,0.0005586009740379345,0.0
3.0,0.40253421377753484,153.0,0.018150554020414933,0.0,0.0
3.0,0.40253421377753484,154.0,0.07673149726994645,0.0008151140700658284,0.0
3.0,0.40253421377753484,155.0,0.05898772072143333,0.0038212093359606993,0.0
3.0,0.40253421377753484,156.0,0.0064728583326159805,0.05752595562812007,1.0
3.0,0.40253421377753484,157.0,0.017236193361345454,0.0,0.0
3.0,0.40253421377753484,158.0,0.002681477289803597,0.1618511346828885,1.0
3.0,0.40253421377753484,159.0,0.06141928300727481,7.070546461337159,1.0
3.0,0.40253421377753484,160.0,0.004576334982640409,0.7617352414519839,1.0
3.0,0.40253421377753484,161.0,0.07188237138958797,0.0,0.0
3.0,0.40253421377753484,162.0,0.0028517950101071346,0.021232801240210358,1.0
3.0,0.40253421377753484,163.0,0.006379343075482468,0.006771877456665934,1.0
3.0,0.40253421377753484,164.0,0.06951411777333298,0.019093859643748642,0.0
3.0,0.40253421377753484,165.0,0.06104863073237469,4.465757071725591e-05,0.0
3.0,0.40253421377753484,166.0,0.009760035894408768,0.0005964417938558129,1.0
3.0,0.40253421377753484,167.0,0.0060853360537734495,0.003095762598369336,1.0
3.0,0.40253421377753484,168.0,0.01694371692773325,0.0,0.0
3.0,0.40253421377753484,169.0,0.024294817227990227,2.8942901333250107e-05,0.0
3.0,0.40253421377753484,170.0,0.014469505595479382,0.022155783486034076,0.0
3.0,0.40253421377753484,171.0,0.0026493994843199797,0.08836495419143683,1.0
3.0,0.40253421377753484,172.0,0.0031642712097691523,0.12697540485288064,1.0
3.0,0.40253421377753484,173.0,0.0034278937165731875,0.03213524001048364,1.0
3.0,0.40253421377753484,174.0,0.01655917532271078,0.024819212651796287,0.0
3.0,0.40253421377753484,175.0,0.0015669911866809827,0.0016397974466593687,1.0
3.0,0.40253421377753484,176.0,0.004624910730725683,0.5314604732341428,1.0
3.0,0.40253421377753484,177.0,0.024161265524453288,0.013639818038962479,0.0
3.0,0.40253421377753484,178.0,0.011217547537315275,0.48348929040386157,1.0
3.0,0.40253421377753484,179.0,0.020907131412969175,0.06793160593496646,0.0
3.0,0.40253421377753484,180.0,0.006561612934032559,2.987824485896649,1.0
3.0,0.40253421377753484,181.0,0.036814656391531836,0.009320385284835054,0.0
3.0,0.40253421377753484,182.0,0.004605494453800708,0.08534493429190405,1.0
3.0,0.40253421377753484,183.0,0.01587727495947606,0.011023846821188905,0.0
3.0,0.40253421377753484,184.0,0.007087568208482087,7.905702746579956e-06,1.0
3.0,0.40253421377753484,185.0,0.0024242309974679146,1.016180304852082,1.0
3.0,0.40253421377753484,186.0,0.015618332194233201,0.018928621479360783,0.0
3.0,0.40253421377753484,187.0,0.016196931063787466,1.8385906499495618e-06,0.0
3.0,0.40253421377753484,188.0,0.003659820598131869,1.0866275604400881,1.0
3.0,0.40253421377753484,189.0,0.017130248199391233,1.3030185336244773e-05,0.0
3.0,0.40253421377753484,190.0,0.0013059535125728293,0.004323157206893384,1.0
3.0,0.40253421377753484,191.0,0.006093753372523482,0.34517506545138227,1.0
3.0,0.40253421377753484,192.0,0.006293481175292212,0.009571308098026081,1.0
3.0,0.40253421377753484,193.0,0.015882781829734616,0.005226439389765314,0.0
3.0,0.40253421377753484,194.0,0.01159034766132545,7.770304907075843,1.0
3.0,0.40253421377753484,195.0,0.004988678298898749,0.01832220511315428,1.0
3.0,0.40253421377753484,196.0,0.0018957390759581747,0.004090845189951181,1.0
3.0,0.40253421377753484,197.0,0.00604822306511843,0.00502699834752416,1.0
3.0,0.40253421377753484,198.0,0.0060925796848342135,0.03657721434553917,1.0
3.0,0.40253421377753484,199.0,0.04952581497679134,0.00016227216021742863,0.0
3.0,0.40253421377753484,200.0,0.103061512123848,0.005107665023064929,0.0
3.0,0.40253421377753484,201.0,0.09491044985278724,0.0,0.0
3.0,0.40253421377753484,202.0,0.07253169515175252,0.0,0.0
3.0,0.40253421377753484,203.0,0.0023198689854424513,0.05504082948048472,1.0
3.0,0.40253421377753484,204.0,0.06499176007869843,5.943884207032438e-06,0.0
3.0,0.40253421377753484,205.0,0.015168745389934471,0.0,0.0
3.0,0.40253421377753484,206.0,0.008208716920329326,1.834577875157779,1.0
3.0,0.40253421377753484,207.0,0.017169118972556508,0.0,0.0
3.0,0.40253421377753484,208.0,0.002742349070336926,0.0790751213412975,1.0
3.0,0.40253421377753484,209.0,0.006091080322180187,0.04910771171818692,1.0
3.0,0.40253421377753484,210.0,0.012228202383119573,1.0461034467933585e-05,1.0
3.0,0.40253421377753484,211.0,0.007037213395706528,0.3846634534174786,1.0
3.0,0.40253421377753484,212.0,0.006076108036535616,0.8214867102810478,1.0
3.0,0.40253421377753484,213.0,0.060949367301088145,0.0,0.0
3.0,0.40253421377753484,214.0,0.10263401063864858,0.0007078022103623867,0.0
3.0,0.40253421377753484,215.0,0.06979247829843403,0.0002472705649892647,0.0
3.0,0.40253421377753484,216.0,0.006398511241530952,0.00011786572865331773,1.0
3.0,0.40253421377753484,217.0,0.0022271380843764035,3.7739569141679654,1.0
3.0,0.40253421377753484,218.0,0.0034701574303460515,0.2366989226333217,1.0
3.0,0.40253421377753484,219.0,0.057985311402739895,0.0,0.0
3.0,0.40253421377753484,220.0,0.04589723560778344,0.0021058844684344394,0.0
3.0,0.40253421377753484,221.0,0.00256108579001143,1.0772205056979482,1.0
3.0,0.40253421377753484,222.0,0.05622288022552858,0.0002434580513954039,0.0
3.0,0.40253421377753484,223.0,0.00617208332318288,0.016736569033673782,1.0
3.0,0.40253421377753484,224.0,0.014673508462275076,0.00031151534863536114,1.0
3.0,0.40253421377753484,225.0,0.03402892946513731,0.0,0.0
3.0,0.40253421377753484,226.0,0.004028193983349448,1.1884772180365866,1.0
3.0,0.40253421377753484,227.0,0.02092247965501576,1.5118512241715668e-05,0.0
3.0,0.40253421377753484,228.0,0.01040444984336291,1.5219214568019177,1.0
3.0,0.40253421377753484,229.0,0.005755032506590909,0.0007764740314795101,1.0
3.0,0.40253421377753484,230.0,0.006574614186607285,0.0003039361343960793,1.0
3.0,0.40253421377753484,231.0,0.03294601019452294,4.2357841055543564e-05,0.0
3.0,0.40253421377753484,232.0,0.022222387214827947,0.0,0.0
3.0,0.40253421377753484,233.0,0.07444145189217129,0.0012391794843336446,0.0
3.0,0.40253421377753484,234.0,0.001713390332687194,0.0003272547540057469,1.0
3.0,0.40253421377753484,235.0,0.021581847947440037,0.005614717101499983,0.0
3.0,0.40253421377753484,236.0,0.021628280226746475,1.5998598571959473e-05,0.0
3.0,0.40253421377753484,237.0,0.005148819482239079,4.317740593571112,1.0
3.0,0.40253421377753484,238.0,0.0015308410624541454,0.00017709304694488455,1.0
3.0,0.40253421377753484,239.0,0.04624974406225985,0.0,0.0
3.0,0.40253421377753484,240.0,0.0026556127279587487,0.0010359838554101566,1.0
3.0,0.40253421377753484,241.0,0.01592891933256301,0.0012719511742644582,0.0
3.0,0.40253421377753484,242.0,0.006235651355695407,1.3230068787187823,1.0
3.0,0.40253421377753484,243.0,0.05885114262985906,6.656778505220154e-05,0.0
3.0,0.40253421377753484,244.0,0.06274037629827996,0.0,0.0
3.0,0.40253421377753484,245.0,0.04720493761138157,0.0,0.0
3.0,0.40253421377753484,246.0,0.06533389246470468,8.549885863050316e-06,0.0
3.0,0.40253421377753484,247.0,0.05341039106881347,0.019706192869156446,0.0
3.0,0.40253421377753484,248.0,0.09555472336749755,0.003982136798847589,0.0
3.0,0.40253421377753484,249.0,0.0639912967747479,0.000581840443459954,0.0
3.0,0.40253421377753484,250.0,0.04594833923578634,0.0,0.0
3.0,0.40253421377753484,251.0,0.06967128926258531,0.02440233727355649,0.0
3.0,0.40253421377753484,252.0,0.0018964912152198699,0.007139670636503878,1.0
3.0,0.40253421377753484,253.0,0.04648003182295801,0.00943285355762426,0.0
3.0,0.40253421377753484,254.0,0.002333500876725516,0.46225716191425603,1.0
3.0,0.40253421377753484,255.0,0.01669847934265634,0.0,0.0
3.0,0.40253421377753484,256.0,0.006131978828222128,0.0007682841315407438,1.0
3.0,0.40253421377753484,257.0,0.003930348866521934,0.13321061093860076,1.0
3.0,0.40253421377753484,258.0,0.015629364896575987,1.8927772938098552e-05,0.0
3.0,0.40253421377753484,259.0,0.04548590036949263,2.3101925917295603e-06,0.0
3.0,0.40253421377753484,260.0,0.06587172386953534,0.0,0.0
3.0,0.40253421377753484,261.0,0.00743849806004265,0.00011673949156941238,1.0
3.0,0.40253421377753484,262.0,0.017596294055445893,8.841541737363625e-06,0.0
3.0,0.40253421377753484,263.0,0.006068578608944868,0.007448859483251777,1.0
3.0,0.40253421377753484,264.0,0.01530995391372679,0.0009090473466831572,0.0
3.0,0.40253421377753484,265.0,0.002649441364188732,0.05506570867325382,1.0
3.0,0.40253421377753484,266.0,0.006690065620452934,0.048582314291082715,1.0
3.0,0.40253421377753484,267.0,0.0034175178906514026,0.0015498617466383352,1.0
3.0,0.40253421377753484,268.0,0.07205923711104378,7.48143939825171e-05,0.0
3.0,0.40253421377753484,269.0,0.07171605567712014,0.0006084661819175867,0.0
3.0,0.40253421377753484,270.0,0.0019783955690824873,0.006582059463420869,1.0
3.0,0.40253421377753484,271.0,0.0022300916047993643,0.0020311623388501064,1.0
3.0,0.40253421377753484,272.0,0.06967857113058479,1.3481123021455473e-05,0.0
3.0,0.40253421377753484,273.0,0.006054585786538155,0.02400940137170839,1.0
3.0,0.40253421377753484,274.0,0.0630332965500393,0.024006410531457033,0.0
3.0,0.40253421377753484,275.0,0.002637028978940767,2.4026747558982584,1.0
3.0,0.40253421377753484,276.0,0.0954045542963487,0.00018896656814770683,0.0
3.0,0.40253421377753484,277.0,0.008824079728339181,0.0002197582336632926,1.0
3.0,0.40253421377753484,278.0,0.06632930434251733,0.0,0.0
3.0,0.40253421377753484,279.0,0.005167764713022251,0.0007004914079354745,1.0
3.0,0.40253421377753484,280.0,0.0705220616715627,2.169672651760377e-05,0.0
3.0,0.40253421377753484,281.0,0.01260492529892375,0.0,0.0
3.0,0.40253421377753484,282.0,0.006059041951159826,0.027997534864081873,1.0
3.0,0.40253421377753484,283.0,0.007675968629664622,6.892229218942214,1.0
3.0,0.40253421377753484,284.0,0.04645191402926466,0.0,0.0
3.0,0.40253421377753484,285.0,0.04577376124538242,0.0,0.0
3.0,0.40253421377753484,286.0,0.006624329565099347,1.3703626433976217,1.0
3.0,0.40253421377753484,287.0,0.006115540974556988,0.006157568308997601,1.0
3.0,0.40253421377753484,288.0,0.016391133146417686,0.0020679405544827213,0.0
3.0,0.40253421377753484,289.0,0.04589399008379864,7.848596916788484e-06,0.0
3.0,0.40253421377753484,290.0,0.006240283861067633,0.025668852371159897,1.0
3.0,0.40253421377753484,291.0,0.002537180014401736,0.03970694640390144,1.0
3.0,0.40253421377753484,292.0,0.002954753327458289,0.050561738288428894,1.0
3.0,0.40253421377753484,293.0,0.016862542283841132,0.007429340546751314,0.0
3.0,0.40253421377753484,294.0,0.0061968626768066064,0.03826830022484571,1.0
3.0,0.40253421377753484,295.0,0.09780067418151098,2.6985778210264645e-05,0.0
3.0,0.40253421377753484,296.0,0.05081911603844133,5.162013479420997e-06,0.0
3.0,0.40253421377753484,297.0,0.006634055529986535,0.0002358745919149128,1.0
3.0,0.40253421377753484,298.0,0.03651678826017741,1.0901478185830496e-06,0.0
3.0,0.40253421377753484,299.0,0.003471569665862628,0.4492728500702687,1.0
3.0,0.40253421377753484,300.0,0.06118471099301086,0.0,0.0
3.0,0.40253421377753484,301.0,0.0457250965577429,0.0,0.0
3.0,0.40253421377753484,302.0,0.0019542596093452486,0.0036528672036934594,1.0
3.0,0.40253421377753484,303.0,0.006051005381962646,0.07507525978121743,1.0
3.0,0.40253421377753484,304.0,0.022630680798660655,0.01912692292272191,0.0
3.0,0.40253421377753484,305.0,0.00605134495460748,0.03190629912408646,1.0
3.0,0.40253421377753484,306.0,0.04823496909582366,0.00033205122152967973,0.0
3.0,0.40253421377753484,307.0,0.04639944674441026,0.0,0.0
3.0,0.40253421377753484,308.0,0.005409726397306921,1.054430835628279,1.0
3.0,0.40253421377753484,309.0,0.0019366277390412807,2.2809643074977837,1.0
3.0,0.40253421377753484,310.0,0.021302758214616416,7.395860352026431e-05,0.0
3.0,0.40253421377753484,311.0,0.0018450177674857707,0.002168217707743092,1.0
3.0,0.40253421377753484,312.0,0.07773107154897473,0.0,0.0
3.0,0.40253421377753484,313.0,0.03855127318380613,0.0008245957544529711,0.0
3.0,0.40253421377753484,314.0,0.05084069564591562,0.0,0.0
3.0,0.40253421377753484,315.0,0.0072792566384165345,0.6259004397862385,1.0
3.0,0.40253421377753484,316.0,0.006052330503223094,0.00965573796966982,1.0
3.0,0.40253421377753484,317.0,0.0010833873244722042,3.853543495850844e-05,1.0
3.0,0.40253421377753484,318.0,0.0027129457776597565,1.045693867272952,1.0
3.0,0.40253421377753484,319.0,0.02914886182397919,2.234837854823125e-05,0.0
3.0,0.40253421377753484,320.0,0.006667619381020317,0.15594828633338673,1.0
3.0,0.40253421377753484,321.0,0.007126948735621197,0.05027269487017848,1.0
3.0,0.40253421377753484,322.0,0.0036340075482559865,0.30058807237772744,1.0
3.0,0.40253421377753484,323.0,0.01869657361970567,0.0,0.0
3.0,0.40253421377753484,324.0,0.04612818276035802,0.0,0.0
3.0,0.40253421377753484,325.0,0.045154082641536336,3.0278946726586926e-06,0.0
3.0,0.40253421377753484,326.0,0.01580074493836425,0.0003710419575999785,0.0
3.0,0.40253421377753484,327.0,0.00604936920565479,0.3218871596258003,1.0
3.0,0.40253421377753484,328.0,0.017815990702696894,0.010736991725653846,0.0
3.0,0.40253421377753484,329.0,0.005428130582354247,0.004115624086754007,1.0
3.0,0.40253421377753484,330.0,0.01687508487992447,0.00038780386099084924,0.0
3.0,0.40253421377753484,331.0,0.025904892268840803,0.0,0.0
3.0,0.40253421377753484,332.0,0.006209200584528996,1.4321653147276985,1.0
3.0,0.40253421377753484,333.0,0.004305932265814744,0.00029650593013695977,1.0
3.0,0.40253421377753484,334.0,0.00604795126249263,0.07207664581903482,1.0
3.0,0.40253421377753484,335.0,0.005223173760688334,0.007303519878930633,1.0
3.0,0.40253421377753484,336.0,0.09540164456007841,2.6342478071511043e-06,0.0
3.0,0.40253421377753484,337.0,0.006169392903318981,0.0066551648304133725,1.0
3.0,0.40253421377753484,338.0,0.06434829024194422,0.00021417542832080936,0.0
3.0,0.40253421377753484,339.0,0.006045867212398434,0.1510581674854422,1.0
3.0,0.40253421377753484,340.0,0.01690386120547991,0.0,0.0
3.0,0.40253421377753484,341.0,0.02247833699260273,0.0,0.0
3.0,0.40253421377753484,342.0,0.01569223244221165,4.3194559770566285e-05,0.0
3.0,0.40253421377753484,343.0,0.04637674086944449,0.0008358848398920359,0.0
3.0,0.40253421377753484,344.0,0.006101767952864998,0.0013032568137537712,1.0
3.0,0.40253421377753484,345.0,0.0024884063046541373,0.02170467222266439,1.0
3.0,0.40253421377753484,346.0,0.0031890881593258,0.0005993852525188796,1.0
3.0,0.40253421377753484,347.0,0.03829723486232765,0.0,0.0
3.0,0.40253421377753484,348.0,0.01632271722099773,0.0,0.0
3.0,0.40253421377753484,349.0,0.06583463071033625,0.00017894937949025562,0.0
3.0,0.40253421377753484,350.0,0.016996471730141773,3.999732528243923e-05,0.0
3.0,0.40253421377753484,351.0,0.00801873145720432,6.460507382551948,1.0
3.0,0.40253421377753484,352.0,0.017446563724212532,0.0,0.0
3.0,0.40253421377753484,353.0,0.015429235338174906,0.0010702837113201423,0.0
3.0,0.40253421377753484,354.0,0.0013095277111045845,0.20301204126391378,1.0
3.0,0.40253421377753484,355.0,0.07197633028509971,0.0,0.0
3.0,0.40253421377753484,356.0,0.05720775979986144,0.0004152600754776896,0.0
3.0,0.40253421377753484,357.0,0.006125695383293961,0.0013947283353515627,1.0
3.0,0.40253421377753484,358.0,0.048788143425473246,0.001630826670655384,0.0
3.0,0.40253421377753484,359.0,0.06436977412818971,0.0003913259595619759,0.0
3.0,0.40253421377753484,360.0,0.009256627720678935,0.02932647503281919,1.0
3.0,0.40253421377753484,361.0,0.006512303487663567,0.008003094277583524,1.0
3.0,0.40253421377753484,362.0,0.004970511599020859,0.3218724990453274,1.0
3.0,0.40253421377753484,363.0,0.01640314818303651,0.0,0.0
3.0,0.40253421377753484,364.0,0.007347132099837529,0.0013379002417030007,1.0
3.0,0.40253421377753484,365.0,0.006213026835404702,0.09864462835215655,1.0
3.0,0.40253421377753484,366.0,0.049890433752972786,4.203276150630855e-06,0.0
3.0,0.40253421377753484,367.0,0.015020345710350849,7.80023838853832e-07,0.0
3.0,0.40253421377753484,368.0,0.0711175034144044,0.003044941117880584,0.0
3.0,0.40253421377753484,369.0,0.021166714820314056,0.0001363510972899128,0.0
3.0,0.40253421377753484,370.0,0.006041621058634492,0.012099543203514961,1.0
3.0,0.40253421377753484,371.0,0.017974298263039996,6.62862784461048e-05,0.0
3.0,0.40253421377753484,372.0,0.008233316943427552,0.49839598284608005,1.0
3.0,0.40253421377753484,373.0,0.017207071691591854,1.1524351914734574,1.0
3.0,0.40253421377753484,374.0,0.05491965297270349,0.0,0.0
3.0,0.40253421377753484,375.0,0.0013948962351099693,0.0076859724065603445,1.0
3.0,0.40253421377753484,376.0,0.0064985623898576594,0.9021612229736897,1.0
3.0,0.40253421377753484,377.0,0.0014552763246090815,6.24870325009857,1.0
3.0,0.40253421377753484,378.0,0.017279609284505205,0.0,0.0
3.0,0.40253421377753484,379.0,0.0232934961640945,0.0,0.0
3.0,0.40253421377753484,380.0,0.009212442921875851,0.25578597815212784,1.0
3.0,0.40253421377753484,381.0,0.0033709712409186127,1.1271808987824918,1.0
3.0,0.40253421377753484,382.0,0.03457184674869598,0.0,0.0
3.0,0.40253421377753484,383.0,0.006310740653259789,0.401843895964197,1.0
3.0,0.40253421377753484,384.0,0.09445982131258959,4.9993193701950246e-05,0.0
3.0,0.40253421377753484,385.0,0.04620749222600245,0.005966083720001643,0.0
3.0,0.40253421377753484,386.0,0.007099180186550965,0.09502727288411615,1.0
3.0,0.40253421377753484,387.0,0.008433973251741191,9.419463515110728e-06,1.0
3.0,0.40253421377753484,388.0,0.0034555277028583014,0.0055174719841948345,1.0
3.0,0.40253421377753484,389.0,0.005815833111724553,1.4628471671273895,1.0
3.0,0.40253421377753484,390.0,0.006185595735499762,0.007519268485532226,1.0
3.0,0.40253421377753484,391.0,0.035345571915788083,0.0,0.0
3.0,0.40253421377753484,392.0,0.047059569473657956,0.0061954189244172635,0.0
3.0,0.40253421377753484,393.0,0.016847069256071694,0.0,0.0
3.0,0.40253421377753484,394.0,0.0030462461376811936,3.869799561909678,1.0
3.0,0.40253421377753484,395.0,0.015931985410101587,7.505805056002688e-07,0.0
3.0,0.40253421377753484,396.0,0.017277558222367394,0.00044901444691893043,0.0
3.0,0.40253421377753484,397.0,0.004930989515941984,0.21185261656474882,1.0
3.0,0.40253421377753484,398.0,0.0029210374527809824,0.10000883183280002,1.0
3.0,0.40253421377753484,399.0,0.006260998886794137,0.0005208710079414795,1.0
3.0,0.46962324940712397,0.0,0.008592438979470938,0.12991658199395614,1.0
3.0,0.46962324940712397,1.0,0.0028183560782373013,0.5431301222015419,1.0
3.0,0.46962324940712397,2.0,0.0018617716219448853,0.0037945799731497268,1.0
3.0,0.46962324940712397,3.0,0.0068044164331047515,0.00130698924187303,1.0
3.0,0.46962324940712397,4.0,0.0445373050397662,0.0007702864041870722,0.0
3.0,0.46962324940712397,5.0,0.25722127285183566,0.0004555073046468484,0.0
3.0,0.46962324940712397,6.0,0.11047325703358507,0.0,0.0
3.0,0.46962324940712397,7.0,0.04741361565099817,0.0,0.0
3.0,0.46962324940712397,8.0,0.006612200744194965,0.0017794948937651473,1.0
3.0,0.46962324940712397,9.0,0.00656146448705708,0.0024085986016205486,1.0
3.0,0.46962324940712397,10.0,0.10153188770915478,0.01948833876608991,0.0
3.0,0.46962324940712397,11.0,0.0030768031100308776,0.3076884289751494,1.0
3.0,0.46962324940712397,12.0,0.044436991693118266,0.0,0.0
3.0,0.46962324940712397,13.0,0.05228544400327211,0.0,0.0
3.0,0.46962324940712397,14.0,0.00673934204416748,0.005572314413325179,1.0
3.0,0.46962324940712397,15.0,0.06956555819439475,0.0,0.0
3.0,0.46962324940712397,16.0,0.08363291079315939,3.239722429136268e-08,0.0
3.0,0.46962324940712397,17.0,0.006595188450497256,0.000888672866489196,1.0
3.0,0.46962324940712397,18.0,0.07948934627513045,3.5505720537953304e-05,0.0
3.0,0.46962324940712397,19.0,0.07183492363738395,0.00013112091846827702,0.0
3.0,0.46962324940712397,20.0,0.006285819079578665,0.16277561305215718,1.0
3.0,0.46962324940712397,21.0,0.05191031873213647,3.2784078334567856e-06,0.0
3.0,0.46962324940712397,22.0,0.04473861465804847,0.0,0.0
3.0,0.46962324940712397,23.0,0.05099100991979457,0.00012549634184519747,0.0
3.0,0.46962324940712397,24.0,0.01660403623045542,0.0002832072210774504,0.0
3.0,0.46962324940712397,25.0,0.01629382761471434,0.02517307549505715,0.0
3.0,0.46962324940712397,26.0,0.04464316622088544,0.0001406921752397562,0.0
3.0,0.46962324940712397,27.0,0.008187178205120698,4.032943426531373,1.0
3.0,0.46962324940712397,28.0,0.019944791577715712,1.0636626878312647,1.0
3.0,0.46962324940712397,29.0,0.0017549296584495862,0.011071697626802218,1.0
3.0,0.46962324940712397,30.0,0.010119634239336366,9.205433182357453e-05,1.0
3.0,0.46962324940712397,31.0,0.008073705411655722,0.14955167864309646,1.0
3.0,0.46962324940712397,32.0,0.006082175677499555,0.0036871344643404098,1.0
3.0,0.46962324940712397,33.0,0.005626255571428253,0.006990146297276223,1.0
3.0,0.46962324940712397,34.0,0.006504310517356915,0.3934698162251875,1.0
3.0,0.46962324940712397,35.0,0.1108612126545552,0.0007538905930086783,0.0
3.0,0.46962324940712397,36.0,0.0741107465810865,0.0023717756788735364,0.0
3.0,0.46962324940712397,37.0,0.05490653825202569,0.0006204938982546232,0.0
3.0,0.46962324940712397,38.0,0.03570165420616876,0.4043461521427089,1.0
3.0,0.46962324940712397,39.0,0.10979286876611717,0.023764255751834554,0.0
3.0,0.46962324940712397,40.0,0.0648710478564628,0.0035708615461326966,0.0
3.0,0.46962324940712397,41.0,0.05672236747772071,0.0,0.0
3.0,0.46962324940712397,42.0,0.1028383712666277,0.0013398949936187234,0.0
3.0,0.46962324940712397,43.0,0.044218867086130084,0.018686488851649474,0.0
3.0,0.46962324940712397,44.0,0.006190290308663068,0.9898195050106317,1.0
3.0,0.46962324940712397,45.0,0.05688902788794588,0.0,0.0
3.0,0.46962324940712397,46.0,0.0185908065363345,0.0,0.0
3.0,0.46962324940712397,47.0,0.008642394322988113,7.3786887289255185,1.0
3.0,0.46962324940712397,48.0,0.0071489279894703505,0.00015686506616813844,1.0
3.0,0.46962324940712397,49.0,0.07902711694996534,0.0028853867832582887,0.0
3.0,0.46962324940712397,50.0,0.00639311377932951,1.1744283161066054,1.0
3.0,0.46962324940712397,51.0,0.012297933101300139,6.302889258307471,1.0
3.0,0.46962324940712397,52.0,0.10952050528073556,0.001760415711953878,0.0
3.0,0.46962324940712397,53.0,0.006982276017094326,0.004406158999762752,1.0
3.0,0.46962324940712397,54.0,0.0061161899478464725,0.15068088336464242,1.0
3.0,0.46962324940712397,55.0,0.014598183065144705,0.12628905374313562,1.0
3.0,0.46962324940712397,56.0,0.010805938797065807,0.0002942252963095496,1.0
3.0,0.46962324940712397,57.0,0.0031813041900042405,1.1974690885076213,1.0
3.0,0.46962324940712397,58.0,0.05419659171601651,2.6912237470527384e-06,0.0
3.0,0.46962324940712397,59.0,0.10488809087593662,0.0,0.0
3.0,0.46962324940712397,60.0,0.07714511739993593,0.0,0.0
3.0,0.46962324940712397,61.0,0.017491079863914474,0.0,0.0
3.0,0.46962324940712397,62.0,0.004853072245100491,1.0360042674062573,1.0
3.0,0.46962324940712397,63.0,0.050154124498357364,0.0,0.0
3.0,0.46962324940712397,64.0,0.052192531203814424,0.00217976238127426,0.0
3.0,0.46962324940712397,65.0,0.05823767410107655,0.00031230558083459464,0.0
3.0,0.46962324940712397,66.0,0.10950991750066226,0.021618920031878635,0.0
3.0,0.46962324940712397,67.0,0.007344383285656457,0.05701507653206897,1.0
3.0,0.46962324940712397,68.0,0.018152396343939625,0.0,0.0
3.0,0.46962324940712397,69.0,0.10260802111251352,3.0386187922847917e-05,0.0
3.0,0.46962324940712397,70.0,0.006607186861695735,0.2520859988194623,1.0
3.0,0.46962324940712397,71.0,0.011687800789995161,0.016772889016931657,1.0
3.0,0.46962324940712397,72.0,0.06686921773321186,0.02054442556158786,0.0
3.0,0.46962324940712397,73.0,0.036241370705966086,2.5076640205435136e-06,0.0
3.0,0.46962324940712397,74.0,0.03525965037611407,0.0,0.0
3.0,0.46962324940712397,75.0,0.01084262435206739,9.029964332080473,1.0
3.0,0.46962324940712397,76.0,0.004976563263205212,3.7481331350516296,1.0
3.0,0.46962324940712397,77.0,0.05552802817766182,0.004712363455071666,0.0
3.0,0.46962324940712397,78.0,0.03499139763032136,0.0,0.0
3.0,0.46962324940712397,79.0,0.06524861146139391,0.0,0.0
3.0,0.46962324940712397,80.0,0.018148607950925336,0.0,0.0
3.0,0.46962324940712397,81.0,0.016445026920799362,0.000948371243150284,0.0
3.0,0.46962324940712397,82.0,0.007078492999562277,0.021388250560944285,1.0
3.0,0.46962324940712397,83.0,0.0031968322810570974,0.18357077824396698,1.0
3.0,0.46962324940712397,84.0,0.010844199994623898,2.2234057992365654,1.0
3.0,0.46962324940712397,85.0,0.07990498864427839,0.00044534037971234226,0.0
3.0,0.46962324940712397,86.0,0.0025333425810377458,0.0011220460793189032,1.0
3.0,0.46962324940712397,87.0,0.016826247917491426,0.0029374864355053245,0.0
3.0,0.46962324940712397,88.0,0.07131240869702278,0.0017412636887540337,0.0
3.0,0.46962324940712397,89.0,0.0029741077125059957,1.6429344533471715,1.0
3.0,0.46962324940712397,90.0,0.0032474536822765074,0.003987645158659314,1.0
3.0,0.46962324940712397,91.0,0.0060236342132433205,0.015081705107532605,1.0
3.0,0.46962324940712397,92.0,0.006074785530837454,0.41552320257336545,1.0
3.0,0.46962324940712397,93.0,0.05778389341588887,0.0014008288027213991,0.0
3.0,0.46962324940712397,94.0,0.010746348380291846,0.0032357714353946246,1.0
3.0,0.46962324940712397,95.0,0.018522016713618077,0.0197706828716571,0.0
3.0,0.46962324940712397,96.0,0.06233030674594896,0.023860550562632653,0.0
3.0,0.46962324940712397,97.0,0.10933161934429907,5.657754861106426e-05,0.0
3.0,0.46962324940712397,98.0,0.04665848153000063,0.002035056745705254,0.0
3.0,0.46962324940712397,99.0,0.05606123281096198,0.020308526295772917,0.0
3.0,0.46962324940712397,100.0,0.006795126069644638,0.01911088700966604,1.0
3.0,0.46962324940712397,101.0,0.006405189253125916,0.0056918571671014575,1.0
3.0,0.46962324940712397,102.0,0.056323774527493625,0.0006329585184482423,0.0
3.0,0.46962324940712397,103.0,0.04539828597026023,0.001102339592422284,0.0
3.0,0.46962324940712397,104.0,0.0029595145641472297,0.0015513945649639365,1.0
3.0,0.46962324940712397,105.0,0.05905750571989381,0.0,0.0
3.0,0.46962324940712397,106.0,0.07582174347278185,0.014339790543181812,0.0
3.0,0.46962324940712397,107.0,0.04475281461087625,0.0,0.0
3.0,0.46962324940712397,108.0,0.07695066679487307,0.007690622776253997,0.0
3.0,0.46962324940712397,109.0,0.0584674895018198,0.0,0.0
3.0,0.46962324940712397,110.0,0.04457168045033826,6.544116641534984e-05,0.0
3.0,0.46962324940712397,111.0,0.10967999512234487,0.06828744236762346,0.0
3.0,0.46962324940712397,112.0,0.008935547396903014,0.0011883000005601494,1.0
3.0,0.46962324940712397,113.0,0.05408955467221342,0.010297131138160623,0.0
3.0,0.46962324940712397,114.0,0.005687042331605116,0.2249644887015241,1.0
3.0,0.46962324940712397,115.0,0.006274703185488131,0.0111351787051941,1.0
3.0,0.46962324940712397,116.0,0.04648633828612148,0.0,0.0
3.0,0.46962324940712397,117.0,0.04939700820812891,0.0,0.0
3.0,0.46962324940712397,118.0,0.07062810230068962,0.02170855400779224,0.0
3.0,0.46962324940712397,119.0,0.006082057764896913,0.0009888468329724348,1.0
3.0,0.46962324940712397,120.0,0.007013537879509812,0.15862396026755954,1.0
3.0,0.46962324940712397,121.0,0.06714504917547119,0.03968870626577965,0.0
3.0,0.46962324940712397,122.0,0.00750363667187516,3.108744563875901,1.0
3.0,0.46962324940712397,123.0,0.004681632816549628,0.02748897625924582,1.0
3.0,0.46962324940712397,124.0,0.0032115798505102286,0.007541183644690444,1.0
3.0,0.46962324940712397,125.0,0.2589250736081215,1.734019110564967e-06,0.0
3.0,0.46962324940712397,126.0,0.006214561903962831,0.6653714923216284,1.0
3.0,0.46962324940712397,127.0,0.11015914152898042,0.019845914605295403,0.0
3.0,0.46962324940712397,128.0,0.01011300207543113,1.4712119228137712,1.0
3.0,0.46962324940712397,129.0,0.005564886686059603,0.015620182494994472,1.0
3.0,0.46962324940712397,130.0,0.0020931951059617385,0.02288024406860027,1.0
3.0,0.46962324940712397,131.0,0.10134436534815712,0.0017233780500363763,0.0
3.0,0.46962324940712397,132.0,0.04487334070472067,0.0,0.0
3.0,0.46962324940712397,133.0,0.012483982632706196,1.7392271551471996,1.0
3.0,0.46962324940712397,134.0,0.055684137674134444,2.6393635957799263e-05,0.0
3.0,0.46962324940712397,135.0,0.007226494543344657,0.01050701171586032,1.0
3.0,0.46962324940712397,136.0,0.011310458746786493,0.3714656362571653,1.0
3.0,0.46962324940712397,137.0,0.003917180026331744,0.10494731735324113,1.0
3.0,0.46962324940712397,138.0,0.07449599554522837,0.019660819745053622,0.0
3.0,0.46962324940712397,139.0,0.05856413075760768,0.0,0.0
3.0,0.46962324940712397,140.0,0.006101121456192664,0.18779730215130025,1.0
3.0,0.46962324940712397,141.0,0.05777480610714248,0.002618551452734316,0.0
3.0,0.46962324940712397,142.0,0.03554424030475526,0.0009449858455641751,0.0
3.0,0.46962324940712397,143.0,0.006994438335616124,0.005121846457967188,1.0
3.0,0.46962324940712397,144.0,0.003254654748661311,0.00392441484951851,1.0
3.0,0.46962324940712397,145.0,0.045352426789853205,0.0004974064785398641,0.0
3.0,0.46962324940712397,146.0,0.04360493770970435,0.0034232522365440963,0.0
3.0,0.46962324940712397,147.0,0.07196861693143171,0.0003947904989626215,0.0
3.0,0.46962324940712397,148.0,0.005547499695084484,1.3297668285609305,1.0
3.0,0.46962324940712397,149.0,0.005181879410809252,0.08778882045879065,1.0
3.0,0.46962324940712397,150.0,0.10932992071082485,0.001198562743748269,0.0
3.0,0.46962324940712397,151.0,0.006315868685057549,0.004941669784063568,1.0
3.0,0.46962324940712397,152.0,0.04600878553949988,0.0005585883536684812,0.0
3.0,0.46962324940712397,153.0,0.018150554020414933,0.0,0.0
3.0,0.46962324940712397,154.0,0.07673149726994645,0.0008151140700658284,0.0
3.0,0.46962324940712397,155.0,0.05898772072143333,0.0038212093359606993,0.0
3.0,0.46962324940712397,156.0,0.011017943211511942,0.05752595562812007,1.0
3.0,0.46962324940712397,157.0,0.017236193361345454,0.0,0.0
3.0,0.46962324940712397,158.0,0.05519748126447095,0.001035972229995471,0.0
3.0,0.46962324940712397,159.0,0.09086376064657878,0.01897494046226047,0.0
3.0,0.46962324940712397,160.0,0.005888385758739863,0.7631721919862908,1.0
3.0,0.46962324940712397,161.0,0.11299984993089852,0.0,0.0
3.0,0.46962324940712397,162.0,0.003278127343414265,0.38033226716110263,1.0
3.0,0.46962324940712397,163.0,0.007045357084623068,0.0075495240424795955,1.0
3.0,0.46962324940712397,164.0,0.07697705234653937,0.019093859643748642,0.0
3.0,0.46962324940712397,165.0,0.11247348017243193,4.4449902755035386e-05,0.0
3.0,0.46962324940712397,166.0,0.10938399896387518,1.4875246592632655e-05,0.0
3.0,0.46962324940712397,167.0,0.256863421266268,3.343482469091812e-05,0.0
3.0,0.46962324940712397,168.0,0.01694371692773325,0.0,0.0
3.0,0.46962324940712397,169.0,0.033649519094739413,2.662589777708811e-05,0.0
3.0,0.46962324940712397,170.0,0.04354945420552548,0.021390441786252552,0.0
3.0,0.46962324940712397,171.0,0.0029926100370612253,0.08089972121696397,1.0
3.0,0.46962324940712397,172.0,0.01182970036079856,0.09602056279480554,1.0
3.0,0.46962324940712397,173.0,0.002524236183520757,0.013806931922302926,1.0
3.0,0.46962324940712397,174.0,0.01655917532271078,0.024819212651796287,0.0
3.0,0.46962324940712397,175.0,0.005205623738789024,0.0011875022903683374,1.0
3.0,0.46962324940712397,176.0,0.007711259021736491,0.2955572918889129,1.0
3.0,0.46962324940712397,177.0,0.033439400707054326,0.013639603781638062,0.0
3.0,0.46962324940712397,178.0,0.020164010770952517,0.569422453413186,1.0
3.0,0.46962324940712397,179.0,0.055167659430564474,0.028357319099575153,0.0
3.0,0.46962324940712397,180.0,0.006561612934032559,2.987824485896649,1.0
3.0,0.46962324940712397,181.0,0.044497818057995124,0.009320385284835054,0.0
3.0,0.46962324940712397,182.0,0.006131095266223729,0.02505090601798843,1.0
3.0,0.46962324940712397,183.0,0.0459650082892936,0.010597264767612245,0.0
3.0,0.46962324940712397,184.0,0.0095236391056601,6.466690850052295e-06,1.0
3.0,0.46962324940712397,185.0,0.008196052627661108,0.3844812917187634,1.0
3.0,0.46962324940712397,186.0,0.04597375225532329,0.018916115623753338,0.0
3.0,0.46962324940712397,187.0,0.03039851086858475,1.7921366315908768e-06,0.0
3.0,0.46962324940712397,188.0,0.003659820598131869,1.0866275604400881,1.0
3.0,0.46962324940712397,189.0,0.017130248199391233,1.3030185336244773e-05,0.0
3.0,0.46962324940712397,190.0,0.00441358220407371,0.003259567611450984,1.0
3.0,0.46962324940712397,191.0,0.006716585672367167,0.4016916747050123,1.0
3.0,0.46962324940712397,192.0,0.003221162945291127,0.1966191503293338,1.0
3.0,0.46962324940712397,193.0,0.10928030159640266,0.0012232710098201338,0.0
3.0,0.46962324940712397,194.0,0.1079397569032566,0.022707459343891154,0.0
3.0,0.46962324940712397,195.0,0.005998118294038677,0.015022039520806923,1.0
3.0,0.46962324940712397,196.0,0.006859647667368275,0.006304092601063247,1.0
3.0,0.46962324940712397,197.0,0.010860071262638833,0.006565220671850978,1.0
3.0,0.46962324940712397,198.0,0.006120472201359105,0.03607079999425931,1.0
3.0,0.46962324940712397,199.0,0.04797002299380935,0.00016227216021742863,0.0
3.0,0.46962324940712397,200.0,0.103061512123848,0.005107665023064929,0.0
3.0,0.46962324940712397,201.0,0.10967998929236228,0.0,0.0
3.0,0.46962324940712397,202.0,0.07618678705745756,0.0,0.0
3.0,0.46962324940712397,203.0,0.0017108731952357739,0.030854333577798064,1.0
3.0,0.46962324940712397,204.0,0.07672505391443568,5.619955599429485e-06,0.0
3.0,0.46962324940712397,205.0,0.04261023950140018,0.0,0.0
3.0,0.46962324940712397,206.0,0.008220138552274363,1.834395933176232,1.0
3.0,0.46962324940712397,207.0,0.017169118972556508,0.0,0.0
3.0,0.46962324940712397,208.0,0.006266616822468908,0.07905168358400154,1.0
3.0,0.46962324940712397,209.0,0.0061111521394836745,0.04666467496040189,1.0
3.0,0.46962324940712397,210.0,0.015423195494881865,9.547254562350161e-06,1.0
3.0,0.46962324940712397,211.0,0.010251840570833452,0.38605919931101434,1.0
3.0,0.46962324940712397,212.0,0.006048786102974293,0.9883634292618267,1.0
3.0,0.46962324940712397,213.0,0.11068308950788862,0.0,0.0
3.0,0.46962324940712397,214.0,0.10263401063864858,0.0007078022103623867,0.0
3.0,0.46962324940712397,215.0,0.06625184702074967,0.0002478261605938077,0.0
3.0,0.46962324940712397,216.0,0.006398511241530952,0.00010819725620156781,1.0
3.0,0.46962324940712397,217.0,0.0026104544308399227,2.0094719304920514,1.0
3.0,0.46962324940712397,218.0,0.05740017842433899,0.005153093214036965,0.0
3.0,0.46962324940712397,219.0,0.08754949087597856,0.0,0.0
3.0,0.46962324940712397,220.0,0.05644455098018394,0.002100437454808904,0.0
3.0,0.46962324940712397,221.0,0.0037586572973566925,1.0772205056979482,1.0
3.0,0.46962324940712397,222.0,0.056632638367223334,0.0002523183908182491,0.0
3.0,0.46962324940712397,223.0,0.007077974028079929,0.01789724138265095,1.0
3.0,0.46962324940712397,224.0,0.01886466695025445,0.0003336650711231764,1.0
3.0,0.46962324940712397,225.0,0.05589040032798025,0.0,0.0
3.0,0.46962324940712397,226.0,0.00808935864080523,0.8895236225855828,1.0
3.0,0.46962324940712397,227.0,0.05557902191351757,1.3127487836259757e-05,0.0
3.0,0.46962324940712397,228.0,0.01040444984336291,1.5219214568019177,1.0
3.0,0.46962324940712397,229.0,0.005755032506590909,0.0007764740314795101,1.0
3.0,0.46962324940712397,230.0,0.006458017995069235,0.00022793761810253305,1.0
3.0,0.46962324940712397,231.0,0.05612575091172048,4.228413119028083e-05,0.0
3.0,0.46962324940712397,232.0,0.04653193605294335,0.0,0.0
3.0,0.46962324940712397,233.0,0.08146544571024135,0.0012391794843336446,0.0
3.0,0.46962324940712397,234.0,0.0020779090423762095,3.1683768141397455e-05,1.0
3.0,0.46962324940712397,235.0,0.044860564548579396,0.005534214247990166,0.0
3.0,0.46962324940712397,236.0,0.05647038259889583,1.1872311392567736e-05,0.0
3.0,0.46962324940712397,237.0,0.009216344477202968,5.954930383256057,1.0
3.0,0.46962324940712397,238.0,0.0019537854069019006,0.00025222673271442205,1.0
3.0,0.46962324940712397,239.0,0.05955845024526412,0.0,0.0
3.0,0.46962324940712397,240.0,0.008194522563585974,0.015484343262147898,1.0
3.0,0.46962324940712397,241.0,0.03489041225328988,0.0012505341372354198,0.0
3.0,0.46962324940712397,242.0,0.006539764381122966,1.3305140625830296,1.0
3.0,0.46962324940712397,243.0,0.11041219726415784,6.47413769284246e-05,0.0
3.0,0.46962324940712397,244.0,0.06859204461223277,0.0,0.0
3.0,0.46962324940712397,245.0,0.04779373751201941,0.0,0.0
3.0,0.46962324940712397,246.0,0.07715985018007905,8.544258708292648e-06,0.0
3.0,0.46962324940712397,247.0,0.10411805413090584,0.019633578082800612,0.0
3.0,0.46962324940712397,248.0,0.11035873374759236,0.003962004351983727,0.0
3.0,0.46962324940712397,249.0,0.07555300797886727,0.0005243293903931632,0.0
3.0,0.46962324940712397,250.0,0.05049650754185852,0.0,0.0
3.0,0.46962324940712397,251.0,0.07113348193720677,0.024391432284999043,0.0
3.0,0.46962324940712397,252.0,0.002758574933306959,0.014119572940323009,1.0
3.0,0.46962324940712397,253.0,0.04648003182295801,0.00943285355762426,0.0
3.0,0.46962324940712397,254.0,0.002333500876725516,0.46225716191425603,1.0
3.0,0.46962324940712397,255.0,0.03679506420588989,0.0,0.0
3.0,0.46962324940712397,256.0,0.012073371210874316,0.00127879660422757,1.0
3.0,0.46962324940712397,257.0,0.005963904761954111,0.08866134645242113,1.0
3.0,0.46962324940712397,258.0,0.07668855211113808,1.7036049411488218e-05,0.0
3.0,0.46962324940712397,259.0,0.05576660480405899,2.303568573758312e-06,0.0
3.0,0.46962324940712397,260.0,0.07738334940562328,0.0,0.0
3.0,0.46962324940712397,261.0,0.00988395389818238,0.0018572216570540442,1.0
3.0,0.46962324940712397,262.0,0.017596294055445893,8.841541737363625e-06,0.0
3.0,0.46962324940712397,263.0,0.2561587154961443,0.00011733735180925509,0.0
3.0,0.46962324940712397,264.0,0.01530995391372679,0.0009090473466831572,0.0
3.0,0.46962324940712397,265.0,0.011146056253519577,0.05398504065552139,1.0
3.0,0.46962324940712397,266.0,0.0076524315019472645,0.05319237756611873,1.0
3.0,0.46962324940712397,267.0,0.005742701373542364,0.0011249923851570202,1.0
3.0,0.46962324940712397,268.0,0.053318724819031604,7.49560833375921e-05,0.0
3.0,0.46962324940712397,269.0,0.07588907098609146,0.000608512267089294,0.0
3.0,0.46962324940712397,270.0,0.00621662904055221,0.003457834843134473,1.0
3.0,0.46962324940712397,271.0,0.04464415115848705,0.0002553515173915944,0.0
3.0,0.46962324940712397,272.0,0.08350436801209238,1.2958712657279359e-05,0.0
3.0,0.46962324940712397,273.0,0.006054585786538155,0.02400940137170839,1.0
3.0,0.46962324940712397,274.0,0.10973436972585973,0.02395737092024477,0.0
3.0,0.46962324940712397,275.0,0.10864564145172484,0.041476681716067415,0.0
3.0,0.46962324940712397,276.0,0.11007528209313411,0.0001889076699221953,0.0
3.0,0.46962324940712397,277.0,0.008824079728339181,0.0002197582336632926,1.0
3.0,0.46962324940712397,278.0,0.07805253968751265,0.0,0.0
3.0,0.46962324940712397,279.0,0.04409840468025927,9.693300791128086e-05,0.0
3.0,0.46962324940712397,280.0,0.07128017500271978,2.169681289361927e-05,0.0
3.0,0.46962324940712397,281.0,0.04601926445794735,0.0,0.0
3.0,0.46962324940712397,282.0,0.006059041951159826,0.027997534864081873,1.0
3.0,0.46962324940712397,283.0,0.006950478025780585,0.619317838008023,1.0
3.0,0.46962324940712397,284.0,0.051121873801908364,0.0,0.0
3.0,0.46962324940712397,285.0,0.05632380400104285,0.0,0.0
3.0,0.46962324940712397,286.0,0.006624329565099347,1.3703626433976217,1.0
3.0,0.46962324940712397,287.0,0.0062807578031671,0.00791432746576021,1.0
3.0,0.46962324940712397,288.0,0.044957550969150155,0.002066981879433523,0.0
3.0,0.46962324940712397,289.0,0.05630394019802188,7.84632305335918e-06,0.0
3.0,0.46962324940712397,290.0,0.00639666951212798,0.024471925362350818,1.0
3.0,0.46962324940712397,291.0,0.010691802530125347,0.027999958298762635,1.0
3.0,0.46962324940712397,292.0,0.006128174339353112,0.1028951452230281,1.0
3.0,0.46962324940712397,293.0,0.016862542283841132,0.007429340546751314,0.0
3.0,0.46962324940712397,294.0,0.006687014542702062,0.03475030504171828,1.0
3.0,0.46962324940712397,295.0,0.1035125987024933,2.6950125871882986e-05,0.0
3.0,0.46962324940712397,296.0,0.05597431497130102,5.162013479420997e-06,0.0
3.0,0.46962324940712397,297.0,0.006634055529986535,0.00018611479311146463,1.0
3.0,0.46962324940712397,298.0,0.04386617523912731,1.0901478185830496e-06,0.0
3.0,0.46962324940712397,299.0,0.0034273057820700843,4.32887001084537,1.0
3.0,0.46962324940712397,300.0,0.061584264778086886,0.0,0.0
3.0,0.46962324940712397,301.0,0.05617639197049582,0.0,0.0
3.0,0.46962324940712397,302.0,0.0024408499023885013,0.0028150498551971596,1.0
3.0,0.46962324940712397,303.0,0.0062739591694006185,0.07822073411783156,1.0
3.0,0.46962324940712397,304.0,0.059207485067216,0.019047009721395825,0.0
3.0,0.46962324940712397,305.0,0.00605134495460748,0.031743105741745846,1.0
3.0,0.46962324940712397,306.0,0.054094989815267475,0.0003319859641290977,0.0
3.0,0.46962324940712397,307.0,0.05662282188926249,0.0,0.0
3.0,0.46962324940712397,308.0,0.00581690178886217,1.2255735619955943,1.0
3.0,0.46962324940712397,309.0,0.003952782292198588,1.6690218024270864,1.0
3.0,0.46962324940712397,310.0,0.044711668480922145,6.890697942142059e-05,0.0
3.0,0.46962324940712397,311.0,0.0017139064838149563,0.004573379492605085,1.0
3.0,0.46962324940712397,312.0,0.079830896542599,0.0,0.0
3.0,0.46962324940712397,313.0,0.044599421770274664,0.0008245957544529711,0.0
3.0,0.46962324940712397,314.0,0.05084150769158068,0.0,0.0
3.0,0.46962324940712397,315.0,0.008539034763546597,1.112997727770563,1.0
3.0,0.46962324940712397,316.0,0.006821744900893553,0.00965573796966982,1.0
3.0,0.46962324940712397,317.0,0.002183728861232435,0.00014042148720695637,1.0
3.0,0.46962324940712397,318.0,0.0038941920698773343,1.1622260815658074,1.0
3.0,0.46962324940712397,319.0,0.034935346587984396,2.2574405787743652e-05,0.0
3.0,0.46962324940712397,320.0,0.006667619381020317,0.15594828633338673,1.0
3.0,0.46962324940712397,321.0,0.007126948735621197,0.05027269487017848,1.0
3.0,0.46962324940712397,322.0,0.044476675413671146,0.02090573563531966,0.0
3.0,0.46962324940712397,323.0,0.01869657361970567,0.0,0.0
3.0,0.46962324940712397,324.0,0.05635597163315994,0.0,0.0
3.0,0.46962324940712397,325.0,0.055716859624479885,2.9066784903926016e-06,0.0
3.0,0.46962324940712397,326.0,0.04655717244283948,0.0003706669101255765,0.0
3.0,0.46962324940712397,327.0,0.006161078993165888,0.3117468234692781,1.0
3.0,0.46962324940712397,328.0,0.017815990702696894,0.010736991725653846,0.0
3.0,0.46962324940712397,329.0,0.005428130582354247,0.004115624086754007,1.0
3.0,0.46962324940712397,330.0,0.01687508487992447,0.00038780386099084924,0.0
3.0,0.46962324940712397,331.0,0.03588866309422479,0.0,0.0
3.0,0.46962324940712397,332.0,0.007485041499574023,1.5978911168283063,1.0
3.0,0.46962324940712397,333.0,0.004305932265814744,0.00029650593013695977,1.0
3.0,0.46962324940712397,334.0,0.006049072971891967,0.01713656693498762,1.0
3.0,0.46962324940712397,335.0,0.006343329351233013,0.00537065651074486,1.0
3.0,0.46962324940712397,336.0,0.11037734055367157,2.6342435605793516e-06,0.0
3.0,0.46962324940712397,337.0,0.006169392903318981,0.0066551648304133725,1.0
3.0,0.46962324940712397,338.0,0.1117918078899119,0.0002139106955228281,0.0
3.0,0.46962324940712397,339.0,0.25692927733044874,0.001501847266430799,0.0
3.0,0.46962324940712397,340.0,0.01690386120547991,0.0,0.0
3.0,0.46962324940712397,341.0,0.058151425157804276,0.0,0.0
3.0,0.46962324940712397,342.0,0.0454323407328989,4.317994506203257e-05,0.0
3.0,0.46962324940712397,343.0,0.048213561077162764,0.0008358848398920359,0.0
3.0,0.46962324940712397,344.0,0.006138521344703936,0.0013032568137537712,1.0
3.0,0.46962324940712397,345.0,0.006217246902105311,0.02407728637998505,1.0
3.0,0.46962324940712397,346.0,0.0031890881593258,0.0005993852525188796,1.0
3.0,0.46962324940712397,347.0,0.04555148797043068,0.0,0.0
3.0,0.46962324940712397,348.0,0.0384567052392379,0.0,0.0
3.0,0.46962324940712397,349.0,0.07153009079059079,0.00017396727537102242,0.0
3.0,0.46962324940712397,350.0,0.07162566297259298,3.99539545337857e-05,0.0
3.0,0.46962324940712397,351.0,0.011065115326767025,6.644735167222643,1.0
3.0,0.46962324940712397,352.0,0.017446563724212532,0.0,0.0
3.0,0.46962324940712397,353.0,0.04436837997527796,0.0010787854995535898,0.0
3.0,0.46962324940712397,354.0,0.04394204569706309,0.018723001115970278,0.0
3.0,0.46962324940712397,355.0,0.07488626939227715,0.0,0.0
3.0,0.46962324940712397,356.0,0.05914826213284474,0.0004152600754776896,0.0
3.0,0.46962324940712397,357.0,0.006140027116756326,0.001192166612201575,1.0
3.0,0.46962324940712397,358.0,0.06584239063852439,0.0015213563923784515,0.0
3.0,0.46962324940712397,359.0,0.11158482178391785,0.0003435297383157567,0.0
3.0,0.46962324940712397,360.0,0.257452579067329,0.00046547057546928345,0.0
3.0,0.46962324940712397,361.0,0.006048008702227214,0.056205277261927235,1.0
3.0,0.46962324940712397,362.0,0.0034611688909869424,2.3800887459679143,1.0
3.0,0.46962324940712397,363.0,0.01640314818303651,0.0,0.0
3.0,0.46962324940712397,364.0,0.006362005489043721,0.001270664308101856,1.0
3.0,0.46962324940712397,365.0,0.007320655642397711,0.09864462835215655,1.0
3.0,0.46962324940712397,366.0,0.0582453001168418,4.201527699753346e-06,0.0
3.0,0.46962324940712397,367.0,0.04454651393405901,7.774143439049938e-07,0.0
3.0,0.46962324940712397,368.0,0.0657161343258526,0.003044949165229949,0.0
3.0,0.46962324940712397,369.0,0.04499069524632927,0.00013346969751813135,0.0
3.0,0.46962324940712397,370.0,0.006041621058634492,0.012099543203514961,1.0
3.0,0.46962324940712397,371.0,0.017974298263039996,6.62862784461048e-05,0.0
3.0,0.46962324940712397,372.0,0.007449291694452055,0.4447649006475452,1.0
3.0,0.46962324940712397,373.0,0.015859893785085347,5.60321631502856,1.0
3.0,0.46962324940712397,374.0,0.06122067663339761,0.0,0.0
3.0,0.46962324940712397,375.0,0.002443270844164574,0.007369493846972771,1.0
3.0,0.46962324940712397,376.0,0.006385922195677245,1.2472546249138554,1.0
3.0,0.46962324940712397,377.0,0.008932231761503071,2.2834270993949293,1.0
3.0,0.46962324940712397,378.0,0.11141668230198792,0.0,0.0
3.0,0.46962324940712397,379.0,0.035169282938376414,0.0,0.0
3.0,0.46962324940712397,380.0,0.009212442921875851,0.25578597815212784,1.0
3.0,0.46962324940712397,381.0,0.0028621126463035398,0.4859631485569139,1.0
3.0,0.46962324940712397,382.0,0.037703813063651004,0.0,0.0
3.0,0.46962324940712397,383.0,0.1089297456491238,0.021825476918006754,0.0
3.0,0.46962324940712397,384.0,0.10924202947904957,3.976190405454447e-05,0.0
3.0,0.46962324940712397,385.0,0.06264185374033286,0.005906006076821474,0.0
3.0,0.46962324940712397,386.0,0.007176508384855859,0.08553225825060308,1.0
3.0,0.46962324940712397,387.0,0.008580928357587786,9.419463515110728e-06,1.0
3.0,0.46962324940712397,388.0,0.003797763155762599,0.005272198745403596,1.0
3.0,0.46962324940712397,389.0,0.005815833111724553,1.4628471671273895,1.0
3.0,0.46962324940712397,390.0,0.006620189491808019,0.008771404507477197,1.0
3.0,0.46962324940712397,391.0,0.056764446968797184,0.0,0.0
3.0,0.46962324940712397,392.0,0.05772566519703827,0.006155379299511745,0.0
3.0,0.46962324940712397,393.0,0.11130742357102968,0.0,0.0
3.0,0.46962324940712397,394.0,0.010941014571266311,1.2354640831168195,1.0
3.0,0.46962324940712397,395.0,0.04642005714153046,6.241429613953577e-07,0.0
3.0,0.46962324940712397,396.0,0.017277558222367394,0.00044901444691893043,0.0
3.0,0.46962324940712397,397.0,0.004930989515941984,0.21185261656474882,1.0
3.0,0.46962324940712397,398.0,0.003667944466276463,0.7048858530483132,1.0
3.0,0.46962324940712397,399.0,0.006260998886794137,0.0005208710079414795,1.0
3.0,0.5367122850367131,0.0,0.008592438979470938,0.12991658199395614,1.0
3.0,0.5367122850367131,1.0,0.0028183560782373013,0.5431301222015419,1.0
3.0,0.5367122850367131,2.0,0.0018617716219448853,0.0037945799731497268,1.0
3.0,0.5367122850367131,3.0,0.0068044164331047515,0.00130698924187303,1.0
3.0,0.5367122850367131,4.0,0.0445373050397662,0.0007702864041870722,0.0
3.0,0.5367122850367131,5.0,0.25722127285183566,0.0004555073046468484,0.0
3.0,0.5367122850367131,6.0,0.20271438674753572,0.0,0.0
3.0,0.5367122850367131,7.0,0.04741361565099817,0.0,0.0
3.0,0.5367122850367131,8.0,0.006612200744194965,0.0017794948937651473,1.0
3.0,0.5367122850367131,9.0,0.00656146448705708,0.0024085986016205486,1.0
3.0,0.5367122850367131,10.0,0.10153188770915478,0.01948833876608991,0.0
3.0,0.5367122850367131,11.0,0.005630683253537133,0.31484920255438753,1.0
3.0,0.5367122850367131,12.0,0.044436991693118266,0.0,0.0
3.0,0.5367122850367131,13.0,0.05228544400327211,0.0,0.0
3.0,0.5367122850367131,14.0,0.00673934204416748,0.005572314413325179,1.0
3.0,0.5367122850367131,15.0,0.06956555819439475,0.0,0.0
3.0,0.5367122850367131,16.0,0.09796824199513852,3.234120554199723e-08,0.0
3.0,0.5367122850367131,17.0,0.008838517334446405,0.0009461841765043648,1.0
3.0,0.5367122850367131,18.0,0.07948934627513045,3.5505720537953304e-05,0.0
3.0,0.5367122850367131,19.0,0.10946455978823588,0.00011257039772308297,0.0
3.0,0.5367122850367131,20.0,0.006285819079578665,0.16277561305215718,1.0
3.0,0.5367122850367131,21.0,0.05191031873213647,3.2784078334567856e-06,0.0
3.0,0.5367122850367131,22.0,0.053399294978915574,0.0,0.0
3.0,0.5367122850367131,23.0,0.05123013444983711,0.00012549634184519747,0.0
3.0,0.5367122850367131,24.0,0.023848345955536275,0.00028353830357648904,0.0
3.0,0.5367122850367131,25.0,0.022136948017401726,0.026739778376441842,0.0
3.0,0.5367122850367131,26.0,0.04464316622088544,0.0001406921752397562,0.0
3.0,0.5367122850367131,27.0,0.008187178205120698,4.032943426531373,1.0
3.0,0.5367122850367131,28.0,0.08854865248891872,0.023360629648104377,0.0
3.0,0.5367122850367131,29.0,0.0017549296584495862,0.011071697626802218,1.0
3.0,0.5367122850367131,30.0,0.010940332923110748,9.205433182357453e-05,1.0
3.0,0.5367122850367131,31.0,0.10321677776727019,0.010240759268155179,0.0
3.0,0.5367122850367131,32.0,0.006082175677499555,0.0036871344643404098,1.0
3.0,0.5367122850367131,33.0,0.0061211947949437835,0.0042751118461450245,1.0
3.0,0.5367122850367131,34.0,0.006504310517356915,0.3934698162251875,1.0
3.0,0.5367122850367131,35.0,0.1108612126545552,0.0007538905930086783,0.0
3.0,0.5367122850367131,36.0,0.0741107465810865,0.0023717756788735364,0.0
3.0,0.5367122850367131,37.0,0.1091025951521371,0.0006173978449544741,0.0
3.0,0.5367122850367131,38.0,0.04978777025855857,0.8402520171698519,1.0
3.0,0.5367122850367131,39.0,0.25880434305220434,0.023088296833513468,0.0
3.0,0.5367122850367131,40.0,0.0648710478564628,0.0035708615461326966,0.0
3.0,0.5367122850367131,41.0,0.05672236747772071,0.0,0.0
3.0,0.5367122850367131,42.0,0.1028383712666277,0.0013398949936187234,0.0
3.0,0.5367122850367131,43.0,0.05933031019831472,0.01855388454387247,0.0
3.0,0.5367122850367131,44.0,0.006190290308663068,0.9898195050106317,1.0
3.0,0.5367122850367131,45.0,0.06964941754904434,0.0,0.0
3.0,0.5367122850367131,46.0,0.10506674031130397,0.0,0.0
3.0,0.5367122850367131,47.0,0.01387049821335249,8.275042034183823,1.0
3.0,0.5367122850367131,48.0,0.0071489279894703505,0.00015686506616813844,1.0
3.0,0.5367122850367131,49.0,0.07851339800873812,0.002898620630293174,0.0
3.0,0.5367122850367131,50.0,0.00639311377932951,1.1744283161066054,1.0
3.0,0.5367122850367131,51.0,0.012297933101300139,6.302889258307471,1.0
3.0,0.5367122850367131,52.0,0.10952050528073556,0.001760415711953878,0.0
3.0,0.5367122850367131,53.0,0.006982276017094326,0.004406158999762752,1.0
3.0,0.5367122850367131,54.0,0.0061161899478464725,0.15068088336464242,1.0
3.0,0.5367122850367131,55.0,0.006415174544425976,0.8094232046803361,1.0
3.0,0.5367122850367131,56.0,0.010805938797065807,0.0002942252963095496,1.0
3.0,0.5367122850367131,57.0,0.006325142274154802,6.666820796744724,1.0
3.0,0.5367122850367131,58.0,0.06354386612935406,2.6912237470527384e-06,0.0
3.0,0.5367122850367131,59.0,0.10488809087593662,0.0,0.0
3.0,0.5367122850367131,60.0,0.07714511739993593,0.0,0.0
3.0,0.5367122850367131,61.0,0.06998213177765185,0.0,0.0
3.0,0.5367122850367131,62.0,0.008352279451154765,14.018349352786794,1.0
3.0,0.5367122850367131,63.0,0.050154124498357364,0.0,0.0
3.0,0.5367122850367131,64.0,0.0729879658012695,0.00212052355661021,0.0
3.0,0.5367122850367131,65.0,0.10987811624552085,0.00031223842610981806,0.0
3.0,0.5367122850367131,66.0,0.10950991750066226,0.021618920031878635,0.0
3.0,0.5367122850367131,67.0,0.007344383285656457,0.05701507653206897,1.0
3.0,0.5367122850367131,68.0,0.07038791477539502,0.0,0.0
3.0,0.5367122850367131,69.0,0.11432100871813898,3.038384093339637e-05,0.0
3.0,0.5367122850367131,70.0,0.006607186861695735,0.2520859988194623,1.0
3.0,0.5367122850367131,71.0,0.011687800789995161,0.016772889016931657,1.0
3.0,0.5367122850367131,72.0,0.08446103085341754,0.020497170163967265,0.0
3.0,0.5367122850367131,73.0,0.04197877208169391,2.5076640205435136e-06,0.0
3.0,0.5367122850367131,74.0,0.03525965037611407,0.0,0.0
3.0,0.5367122850367131,75.0,0.01084262435206739,9.029964332080473,1.0
3.0,0.5367122850367131,76.0,0.008224367402651301,4.381802307373634,1.0
3.0,0.5367122850367131,77.0,0.05552802817766182,0.004712363455071666,0.0
3.0,0.5367122850367131,78.0,0.03499139763032136,0.0,0.0
3.0,0.5367122850367131,79.0,0.06524861146139391,0.0,0.0
3.0,0.5367122850367131,80.0,0.10347567070996094,0.0,0.0
3.0,0.5367122850367131,81.0,0.02418509869530759,0.0009483589902489466,0.0
3.0,0.5367122850367131,82.0,0.007078492999562277,0.021388250560944285,1.0
3.0,0.5367122850367131,83.0,0.0031968322810570974,0.18357077824396698,1.0
3.0,0.5367122850367131,84.0,0.011114647154564032,2.5851999288044496,1.0
3.0,0.5367122850367131,85.0,0.07990498864427839,0.00044534037971234226,0.0
3.0,0.5367122850367131,86.0,0.005430349970615471,0.0012947600309631527,1.0
3.0,0.5367122850367131,87.0,0.030198287927481898,0.0027081352033829077,0.0
3.0,0.5367122850367131,88.0,0.07131240869702278,0.0017412636887540337,0.0
3.0,0.5367122850367131,89.0,0.0069670779533138015,1.244171628667382,1.0
3.0,0.5367122850367131,90.0,0.007079412821835189,0.00397498150173203,1.0
3.0,0.5367122850367131,91.0,0.06144802746104075,0.018111579640754175,1.0
3.0,0.5367122850367131,92.0,0.006074785530837454,0.41552320257336545,1.0
3.0,0.5367122850367131,93.0,0.07866574601731953,0.0013998525720158967,0.0
3.0,0.5367122850367131,94.0,0.010746348380291846,0.0032357714353946246,1.0
3.0,0.5367122850367131,95.0,0.07169006822260579,0.01938170116622377,0.0
3.0,0.5367122850367131,96.0,0.07718245881635312,0.023860480346963215,0.0
3.0,0.5367122850367131,97.0,0.10933161934429907,5.657754861106426e-05,0.0
3.0,0.5367122850367131,98.0,0.04665848153000063,0.002035056745705254,0.0
3.0,0.5367122850367131,99.0,0.05681605867783737,0.02031027957107057,0.0
3.0,0.5367122850367131,100.0,0.007580663318603421,0.01911088700966604,1.0
3.0,0.5367122850367131,101.0,0.006405189253125916,0.0056918571671014575,1.0
3.0,0.5367122850367131,102.0,0.056323774527493625,0.0006329585184482423,0.0
3.0,0.5367122850367131,103.0,0.04539828597026023,0.001102339592422284,0.0
3.0,0.5367122850367131,104.0,0.0029595145641472297,0.0015513945649639365,1.0
3.0,0.5367122850367131,105.0,0.11032732371152368,0.0,0.0
3.0,0.5367122850367131,106.0,0.07582174347278185,0.014339790543181812,0.0
3.0,0.5367122850367131,107.0,0.08658397616353525,0.0,0.0
3.0,0.5367122850367131,108.0,0.07695066679487307,0.007690622776253997,0.0
3.0,0.5367122850367131,109.0,0.0584674895018198,0.0,0.0
3.0,0.5367122850367131,110.0,0.04457168045033826,6.544116641534984e-05,0.0
3.0,0.5367122850367131,111.0,0.10967999512234487,0.06828744236762346,0.0
3.0,0.5367122850367131,112.0,0.008935547396903014,0.0011513489885835262,1.0
3.0,0.5367122850367131,113.0,0.05408955467221342,0.010297131138160623,0.0
3.0,0.5367122850367131,114.0,0.005687042331605116,0.2249644887015241,1.0
3.0,0.5367122850367131,115.0,0.006274703185488131,0.0111351787051941,1.0
3.0,0.5367122850367131,116.0,0.04648633828612148,0.0,0.0
3.0,0.5367122850367131,117.0,0.05258856796209228,0.0,0.0
3.0,0.5367122850367131,118.0,0.07062810230068962,0.02170855400779224,0.0
3.0,0.5367122850367131,119.0,0.006082057764896913,0.0009888468329724348,1.0
3.0,0.5367122850367131,120.0,0.007013537879509812,0.15862396026755954,1.0
3.0,0.5367122850367131,121.0,0.08410780109952674,0.03967329957413166,0.0
3.0,0.5367122850367131,122.0,0.00750363667187516,3.108744563875901,1.0
3.0,0.5367122850367131,123.0,0.007573574834548437,0.31993653252767584,1.0
3.0,0.5367122850367131,124.0,0.0032115798505102286,0.007541183644690444,1.0
3.0,0.5367122850367131,125.0,0.2589250736081215,1.734019110564967e-06,0.0
3.0,0.5367122850367131,126.0,0.007018370909351308,0.6809148762910936,1.0
3.0,0.5367122850367131,127.0,0.11015914152898042,0.019845914605295403,0.0
3.0,0.5367122850367131,128.0,0.01011300207543113,1.4712119228137712,1.0
3.0,0.5367122850367131,129.0,0.10879313741369924,0.00043885087284391673,0.0
3.0,0.5367122850367131,130.0,0.0020931951059617385,0.02288024406860027,1.0
3.0,0.5367122850367131,131.0,0.10134436534815712,0.0017233780500363763,0.0
3.0,0.5367122850367131,132.0,0.04487334070472067,0.0,0.0
3.0,0.5367122850367131,133.0,0.011170934257872848,4.212740262930495,1.0
3.0,0.5367122850367131,134.0,0.055684137674134444,2.6393635957799263e-05,0.0
3.0,0.5367122850367131,135.0,0.007226494543344657,0.01050701171586032,1.0
3.0,0.5367122850367131,136.0,0.011310458746786493,0.3714656362571653,1.0
3.0,0.5367122850367131,137.0,0.003917180026331744,0.10494731735324113,1.0
3.0,0.5367122850367131,138.0,0.0870590965756679,0.019652595699993485,0.0
3.0,0.5367122850367131,139.0,0.10989452206174213,0.0,0.0
3.0,0.5367122850367131,140.0,0.2576486319792988,0.0031597743305052974,0.0
3.0,0.5367122850367131,141.0,0.05777480610714248,0.002618551452734316,0.0
3.0,0.5367122850367131,142.0,0.03554424030475526,0.0009449858455641751,0.0
3.0,0.5367122850367131,143.0,0.006994438335616124,0.005121846457967188,1.0
3.0,0.5367122850367131,144.0,0.002916715725452001,0.008907747973309506,1.0
3.0,0.5367122850367131,145.0,0.045352426789853205,0.0004974064785398641,0.0
3.0,0.5367122850367131,146.0,0.04360493770970435,0.0034232522365440963,0.0
3.0,0.5367122850367131,147.0,0.10942602844978673,0.0003783095484355403,0.0
3.0,0.5367122850367131,148.0,0.10941093673010749,0.03488793020669075,0.0
3.0,0.5367122850367131,149.0,0.005181879410809252,0.08778882045879065,1.0
3.0,0.5367122850367131,150.0,0.10932992071082485,0.001198562743748269,0.0
3.0,0.5367122850367131,151.0,0.006315868685057549,0.004941669784063568,1.0
3.0,0.5367122850367131,152.0,0.04600878553949988,0.0005585883536684812,0.0
3.0,0.5367122850367131,153.0,0.07122474003160478,0.0,0.0
3.0,0.5367122850367131,154.0,0.07673149726994645,0.0008151140700658284,0.0
3.0,0.5367122850367131,155.0,0.06612536485647555,0.0038611392702495905,0.0
3.0,0.5367122850367131,156.0,0.011017943211511942,0.05752595562812007,1.0
3.0,0.5367122850367131,157.0,0.02478253118367215,0.0,0.0
3.0,0.5367122850367131,158.0,0.05519748126447095,0.001035972229995471,0.0
3.0,0.5367122850367131,159.0,0.09086376064657878,0.01897494046226047,0.0
3.0,0.5367122850367131,160.0,0.10872985714941616,0.02242579424256722,0.0
3.0,0.5367122850367131,161.0,0.11299984993089852,0.0,0.0
3.0,0.5367122850367131,162.0,0.00855105049363673,0.4836653097032396,1.0
3.0,0.5367122850367131,163.0,0.007046992647756662,0.007575902634034819,1.0
3.0,0.5367122850367131,164.0,0.09142633034024011,0.019086096997499965,0.0
3.0,0.5367122850367131,165.0,0.11247348017243193,4.4449902755035386e-05,0.0
3.0,0.5367122850367131,166.0,0.10938399896387518,1.4875246592632655e-05,0.0
3.0,0.5367122850367131,167.0,0.256863421266268,3.343482469091812e-05,0.0
3.0,0.5367122850367131,168.0,0.030235678435218384,0.0,0.0
3.0,0.5367122850367131,169.0,0.033649519094739413,2.662589777708811e-05,0.0
3.0,0.5367122850367131,170.0,0.04354945420552548,0.021390441786252552,0.0
3.0,0.5367122850367131,171.0,0.0029926100370612253,0.08089972121696397,1.0
3.0,0.5367122850367131,172.0,0.006777850216394078,0.5213674873513358,1.0
3.0,0.5367122850367131,173.0,0.00604695575386621,0.013496892769478859,1.0
3.0,0.5367122850367131,174.0,0.023821563472659225,0.024867516785858235,0.0
3.0,0.5367122850367131,175.0,0.005205623738789024,0.0011875022903683374,1.0
3.0,0.5367122850367131,176.0,0.006846289082364179,0.12126845034412376,1.0
3.0,0.5367122850367131,177.0,0.033439400707054326,0.013639603781638062,0.0
3.0,0.5367122850367131,178.0,0.07663710561935014,0.008102542547841115,0.0
3.0,0.5367122850367131,179.0,0.10949421414350988,0.021785815734769176,0.0
3.0,0.5367122850367131,180.0,0.006561612934032559,2.987824485896649,1.0
3.0,0.5367122850367131,181.0,0.044497818057995124,0.009320385284835054,0.0
3.0,0.5367122850367131,182.0,0.25649845787609954,0.00031073105174699446,0.0
3.0,0.5367122850367131,183.0,0.0459650082892936,0.010597264767612245,0.0
3.0,0.5367122850367131,184.0,0.013508629722117164,4.98400981828912e-06,1.0
3.0,0.5367122850367131,185.0,0.2568429931440455,0.0043694908843544995,0.0
3.0,0.5367122850367131,186.0,0.04597375225532329,0.018916115623753338,0.0
3.0,0.5367122850367131,187.0,0.04732079975571417,1.6310867262505797e-06,0.0
3.0,0.5367122850367131,188.0,0.0053267079954276465,1.0497832879962685,1.0
3.0,0.5367122850367131,189.0,0.030846022897332598,1.2861409935242723e-05,0.0
3.0,0.5367122850367131,190.0,0.00441358220407371,0.003259567611450984,1.0
3.0,0.5367122850367131,191.0,0.006716585672367167,0.4016916747050123,1.0
3.0,0.5367122850367131,192.0,0.003221162945291127,0.1966191503293338,1.0
3.0,0.5367122850367131,193.0,0.20109726322677107,0.0012401258912739161,0.0
3.0,0.5367122850367131,194.0,0.1079397569032566,0.022707459343891154,0.0
3.0,0.5367122850367131,195.0,0.006528472623294499,0.00623825120535598,1.0
3.0,0.5367122850367131,196.0,0.25770043703203954,0.0013068757958362874,0.0
3.0,0.5367122850367131,197.0,0.010860071262638833,0.006565220671850978,1.0
3.0,0.5367122850367131,198.0,0.006120472201359105,0.03607079999425931,1.0
3.0,0.5367122850367131,199.0,0.051147315650001066,0.00016227216021742863,0.0
3.0,0.5367122850367131,200.0,0.103061512123848,0.005107665023064929,0.0
3.0,0.5367122850367131,201.0,0.10967998929236228,0.0,0.0
3.0,0.5367122850367131,202.0,0.11357561647085056,0.0,0.0
3.0,0.5367122850367131,203.0,0.0017108731952357739,0.030854333577798064,1.0
3.0,0.5367122850367131,204.0,0.07672505391443568,5.619955599429485e-06,0.0
3.0,0.5367122850367131,205.0,0.0532265503459828,0.0,0.0
3.0,0.5367122850367131,206.0,0.008220138552274363,1.834395933176232,1.0
3.0,0.5367122850367131,207.0,0.024173578262087676,0.0,0.0
3.0,0.5367122850367131,208.0,0.006266616822468908,0.07905168358400154,1.0
3.0,0.5367122850367131,209.0,0.0061111521394836745,0.04666467496040189,1.0
3.0,0.5367122850367131,210.0,0.02135771448682565,8.193846985051823e-06,1.0
3.0,0.5367122850367131,211.0,0.010251840570833452,0.38605919931101434,1.0
3.0,0.5367122850367131,212.0,0.006048786102974293,0.9883634292618267,1.0
3.0,0.5367122850367131,213.0,0.11068308950788862,0.0,0.0
3.0,0.5367122850367131,214.0,0.10263401063864858,0.0007078022103623867,0.0
3.0,0.5367122850367131,215.0,0.0724722212850759,0.00024726635320918597,0.0
3.0,0.5367122850367131,216.0,0.006398511241530952,0.00010819725620156781,1.0
3.0,0.5367122850367131,217.0,0.0026104544308399227,2.0094719304920514,1.0
3.0,0.5367122850367131,218.0,0.05740017842433899,0.005153093214036965,0.0
3.0,0.5367122850367131,219.0,0.08754949087597856,0.0,0.0
3.0,0.5367122850367131,220.0,0.05644455098018394,0.002100437454808904,0.0
3.0,0.5367122850367131,221.0,0.0037586572973566925,1.0772205056979482,1.0
3.0,0.5367122850367131,222.0,0.06658519611885719,0.0002523183908182491,0.0
3.0,0.5367122850367131,223.0,0.007128803596409019,0.015410552748975861,1.0
3.0,0.5367122850367131,224.0,0.019312327849313235,0.0003336650711231764,1.0
3.0,0.5367122850367131,225.0,0.05589040032798025,0.0,0.0
3.0,0.5367122850367131,226.0,0.014861870537231052,0.6942911695797721,1.0
3.0,0.5367122850367131,227.0,0.11011384277029722,1.2513280732955156e-05,0.0
3.0,0.5367122850367131,228.0,0.01040444984336291,1.5219214568019177,1.0
3.0,0.5367122850367131,229.0,0.06985401516353465,7.882011393504343e-05,0.0
3.0,0.5367122850367131,230.0,0.006458017995069235,0.00022793761810253305,1.0
3.0,0.5367122850367131,231.0,0.05612575091172048,4.228413119028083e-05,0.0
3.0,0.5367122850367131,232.0,0.04653193605294335,0.0,0.0
3.0,0.5367122850367131,233.0,0.11523087567127491,0.0012352283635584714,0.0
3.0,0.5367122850367131,234.0,0.0020779090423762095,3.1683768141397455e-05,1.0
3.0,0.5367122850367131,235.0,0.05349510747310769,0.005534214247990166,0.0
3.0,0.5367122850367131,236.0,0.11132420830357513,1.051081009406476e-05,0.0
3.0,0.5367122850367131,237.0,0.009216344477202968,5.954930383256057,1.0
3.0,0.5367122850367131,238.0,0.0019537854069019006,0.00025222673271442205,1.0
3.0,0.5367122850367131,239.0,0.11369788731486755,0.0,0.0
3.0,0.5367122850367131,240.0,0.030501911644807343,0.008351897803746334,1.0
3.0,0.5367122850367131,241.0,0.03489041225328988,0.0012505341372354198,0.0
3.0,0.5367122850367131,242.0,0.006539764381122966,1.3305140625830296,1.0
3.0,0.5367122850367131,243.0,0.11041219726415784,6.47413769284246e-05,0.0
3.0,0.5367122850367131,244.0,0.11410909228012478,0.0,0.0
3.0,0.5367122850367131,245.0,0.05243186553843482,0.0,0.0
3.0,0.5367122850367131,246.0,0.07715985018007905,8.544258708292648e-06,0.0
3.0,0.5367122850367131,247.0,0.10411805413090584,0.019633578082800612,0.0
3.0,0.5367122850367131,248.0,0.11035873374759236,0.003962004351983727,0.0
3.0,0.5367122850367131,249.0,0.07555300797886727,0.0005243293903931632,0.0
3.0,0.5367122850367131,250.0,0.11426508990953006,0.0,0.0
3.0,0.5367122850367131,251.0,0.07113348193720677,0.024391432284999043,0.0
3.0,0.5367122850367131,252.0,0.012761805455325287,0.05680286423868952,1.0
3.0,0.5367122850367131,253.0,0.07180138937388678,0.00939408883950155,0.0
3.0,0.5367122850367131,254.0,0.002389836453941127,0.4528977134587709,1.0
3.0,0.5367122850367131,255.0,0.03679506420588989,0.0,0.0
3.0,0.5367122850367131,256.0,0.012073371210874316,0.00127879660422757,1.0
3.0,0.5367122850367131,257.0,0.005963904761954111,0.08866134645242113,1.0
3.0,0.5367122850367131,258.0,0.07668855211113808,1.7036049411488218e-05,0.0
3.0,0.5367122850367131,259.0,0.05576660480405899,2.303568573758312e-06,0.0
3.0,0.5367122850367131,260.0,0.07738334940562328,0.0,0.0
3.0,0.5367122850367131,261.0,0.00988395389818238,0.0018572216570540442,1.0
3.0,0.5367122850367131,262.0,0.10462115667862647,8.804641715043888e-06,0.0
3.0,0.5367122850367131,263.0,0.2561587154961443,0.00011733735180925509,0.0
3.0,0.5367122850367131,264.0,0.022939910830179662,0.0009135361242884822,0.0
3.0,0.5367122850367131,265.0,0.008823532648359824,1.0520610473681917,1.0
3.0,0.5367122850367131,266.0,0.011211821821849507,0.060449495885581364,1.0
3.0,0.5367122850367131,267.0,0.005742701373542364,0.0011249923851570202,1.0
3.0,0.5367122850367131,268.0,0.08707697291164732,7.480494471766798e-05,0.0
3.0,0.5367122850367131,269.0,0.07588907098609146,0.000608512267089294,0.0
3.0,0.5367122850367131,270.0,0.00621662904055221,0.003457834843134473,1.0
3.0,0.5367122850367131,271.0,0.04464415115848705,0.0002553515173915944,0.0
3.0,0.5367122850367131,272.0,0.08350436801209238,1.2958712657279359e-05,0.0
3.0,0.5367122850367131,273.0,0.006054585786538155,0.02400940137170839,1.0
3.0,0.5367122850367131,274.0,0.10973436972585973,0.02395737092024477,0.0
3.0,0.5367122850367131,275.0,0.2569489240642135,0.027973294335846853,0.0
3.0,0.5367122850367131,276.0,0.11007528209313411,0.0001889076699221953,0.0
3.0,0.5367122850367131,277.0,0.008824079728339181,0.0002197582336632926,1.0
3.0,0.5367122850367131,278.0,0.07805253968751265,0.0,0.0
3.0,0.5367122850367131,279.0,0.04409840468025927,9.693300791128086e-05,0.0
3.0,0.5367122850367131,280.0,0.07128017500271978,2.169681289361927e-05,0.0
3.0,0.5367122850367131,281.0,0.04601926445794735,0.0,0.0
3.0,0.5367122850367131,282.0,0.006059041951159826,0.027997534864081873,1.0
3.0,0.5367122850367131,283.0,0.006950478025780585,0.619317838008023,1.0
3.0,0.5367122850367131,284.0,0.051121873801908364,0.0,0.0
3.0,0.5367122850367131,285.0,0.05632380400104285,0.0,0.0
3.0,0.5367122850367131,286.0,0.006624329565099347,1.3703626433976217,1.0
3.0,0.5367122850367131,287.0,0.0062807578031671,0.00791432746576021,1.0
3.0,0.5367122850367131,288.0,0.10975940448390759,0.0020667245208041436,0.0
3.0,0.5367122850367131,289.0,0.05630394019802188,7.84632305335918e-06,0.0
3.0,0.5367122850367131,290.0,0.00639666951212798,0.024471925362350818,1.0
3.0,0.5367122850367131,291.0,0.010691802530125347,0.027999958298762635,1.0
3.0,0.5367122850367131,292.0,0.006128174339353112,0.1028951452230281,1.0
3.0,0.5367122850367131,293.0,0.030176377684053853,0.007417700284862231,0.0
3.0,0.5367122850367131,294.0,0.006687014542702062,0.03475030504171828,1.0
3.0,0.5367122850367131,295.0,0.1035125987024933,2.6950125871882986e-05,0.0
3.0,0.5367122850367131,296.0,0.05597431497130102,5.162013479420997e-06,0.0
3.0,0.5367122850367131,297.0,0.006634055529986535,0.00018611479311146463,1.0
3.0,0.5367122850367131,298.0,0.04386617523912731,1.0901478185830496e-06,0.0
3.0,0.5367122850367131,299.0,0.0034273057820700843,4.32887001084537,1.0
3.0,0.5367122850367131,300.0,0.0724706245085106,0.0,0.0
3.0,0.5367122850367131,301.0,0.05617639197049582,0.0,0.0
3.0,0.5367122850367131,302.0,0.0024408499023885013,0.0028150498551971596,1.0
3.0,0.5367122850367131,303.0,0.0062739591694006185,0.07822073411783156,1.0
3.0,0.5367122850367131,304.0,0.06602641014100179,0.019042669995352736,0.0
3.0,0.5367122850367131,305.0,0.00605134495460748,0.031743105741745846,1.0
3.0,0.5367122850367131,306.0,0.06042732974004211,0.0003319859641290977,0.0
3.0,0.5367122850367131,307.0,0.05662282188926249,0.0,0.0
3.0,0.5367122850367131,308.0,0.00581690178886217,1.2255735619955943,1.0
3.0,0.5367122850367131,309.0,0.006075448771172932,1.6690050634804083,1.0
3.0,0.5367122850367131,310.0,0.044711668480922145,6.890697942142059e-05,0.0
3.0,0.5367122850367131,311.0,0.0017139064838149563,0.004573379492605085,1.0
3.0,0.5367122850367131,312.0,0.079830896542599,0.0,0.0
3.0,0.5367122850367131,313.0,0.044599421770274664,0.0008245957544529711,0.0
3.0,0.5367122850367131,314.0,0.05084150769158068,0.0,0.0
3.0,0.5367122850367131,315.0,0.009484036104223773,0.844107233222935,1.0
3.0,0.5367122850367131,316.0,0.006932643481697525,0.01570806012202196,1.0
3.0,0.5367122850367131,317.0,0.002183728861232435,0.00014042148720695637,1.0
3.0,0.5367122850367131,318.0,0.0038941920698773343,1.1622260815658074,1.0
3.0,0.5367122850367131,319.0,0.034935346587984396,2.2574405787743652e-05,0.0
3.0,0.5367122850367131,320.0,0.006278870155986804,0.0881199162900196,1.0
3.0,0.5367122850367131,321.0,0.05115560782689041,0.010467388609388355,0.0
3.0,0.5367122850367131,322.0,0.044476675413671146,0.02090573563531966,0.0
3.0,0.5367122850367131,323.0,0.07323690673929387,0.0,0.0
3.0,0.5367122850367131,324.0,0.05635597163315994,0.0,0.0
3.0,0.5367122850367131,325.0,0.055716859624479885,2.9066784903926016e-06,0.0
3.0,0.5367122850367131,326.0,0.04655717244283948,0.0003706669101255765,0.0
3.0,0.5367122850367131,327.0,0.006161078993165888,0.3117468234692781,1.0
3.0,0.5367122850367131,328.0,0.10346861003291394,0.010330852231803078,0.0
3.0,0.5367122850367131,329.0,0.009272510290974943,0.0026762436604859047,1.0
3.0,0.5367122850367131,330.0,0.024274604877379834,0.00038892474911146483,0.0
3.0,0.5367122850367131,331.0,0.03588866309422479,0.0,0.0
3.0,0.5367122850367131,332.0,0.007485041499574023,1.5978911168283063,1.0
3.0,0.5367122850367131,333.0,0.10483929948524087,1.6916147539303822e-05,0.0
3.0,0.5367122850367131,334.0,0.006049072971891967,0.01713656693498762,1.0
3.0,0.5367122850367131,335.0,0.006158337693897282,0.0051495218332630495,1.0
3.0,0.5367122850367131,336.0,0.11037734055367157,2.6342435605793516e-06,0.0
3.0,0.5367122850367131,337.0,0.006641237633600286,0.0066551648304133725,1.0
3.0,0.5367122850367131,338.0,0.1117918078899119,0.0002139106955228281,0.0
3.0,0.5367122850367131,339.0,0.25692927733044874,0.001501847266430799,0.0
3.0,0.5367122850367131,340.0,0.022986684628613405,0.0,0.0
3.0,0.5367122850367131,341.0,0.07999100902917801,0.0,0.0
3.0,0.5367122850367131,342.0,0.0454323407328989,4.317994506203257e-05,0.0
3.0,0.5367122850367131,343.0,0.04989419263014038,0.000841988737688772,0.0
3.0,0.5367122850367131,344.0,0.006678573737451306,0.000841519547027356,1.0
3.0,0.5367122850367131,345.0,0.006217246902105311,0.02407728637998505,1.0
3.0,0.5367122850367131,346.0,0.002964474954175709,0.0009576992313251882,1.0
3.0,0.5367122850367131,347.0,0.04555148797043068,0.0,0.0
3.0,0.5367122850367131,348.0,0.0384567052392379,0.0,0.0
3.0,0.5367122850367131,349.0,0.07153009079059079,0.00017396727537102242,0.0
3.0,0.5367122850367131,350.0,0.07162566297259298,3.99539545337857e-05,0.0
3.0,0.5367122850367131,351.0,0.011599803161171596,7.3802844112328625,1.0
3.0,0.5367122850367131,352.0,0.0767694121296713,0.0,0.0
3.0,0.5367122850367131,353.0,0.04436837997527796,0.0010787854995535898,0.0
3.0,0.5367122850367131,354.0,0.04394204569706309,0.018723001115970278,0.0
3.0,0.5367122850367131,355.0,0.07488626939227715,0.0,0.0
3.0,0.5367122850367131,356.0,0.05914826213284474,0.0004152600754776896,0.0
3.0,0.5367122850367131,357.0,0.006140027116756326,0.001192166612201575,1.0
3.0,0.5367122850367131,358.0,0.06584239063852439,0.0015213563923784515,0.0
3.0,0.5367122850367131,359.0,0.11158482178391785,0.0003435297383157567,0.0
3.0,0.5367122850367131,360.0,0.257452579067329,0.00046547057546928345,0.0
3.0,0.5367122850367131,361.0,0.006048008702227214,0.056205277261927235,1.0
3.0,0.5367122850367131,362.0,0.0034611688909869424,2.3800887459679143,1.0
3.0,0.5367122850367131,363.0,0.029580608431048785,0.0,0.0
3.0,0.5367122850367131,364.0,0.006362005489043721,0.001270664308101856,1.0
3.0,0.5367122850367131,365.0,0.012645160152091774,0.18028677739970508,1.0
3.0,0.5367122850367131,366.0,0.07059535448312543,4.19971922575862e-06,0.0
3.0,0.5367122850367131,367.0,0.04454651393405901,7.774143439049938e-07,0.0
3.0,0.5367122850367131,368.0,0.0657161343258526,0.003044949165229949,0.0
3.0,0.5367122850367131,369.0,0.04499069524632927,0.00013346969751813135,0.0
3.0,0.5367122850367131,370.0,0.006041621058634492,0.012099543203514961,1.0
3.0,0.5367122850367131,371.0,0.07137488292793831,5.857902382587817e-05,0.0
3.0,0.5367122850367131,372.0,0.007449291694452055,0.4447649006475452,1.0
3.0,0.5367122850367131,373.0,0.015859893785085347,5.60321631502856,1.0
3.0,0.5367122850367131,374.0,0.06122067663339761,0.0,0.0
3.0,0.5367122850367131,375.0,0.002443270844164574,0.007369493846972771,1.0
3.0,0.5367122850367131,376.0,0.006385922195677245,1.2472546249138554,1.0
3.0,0.5367122850367131,377.0,0.25646426978515047,0.03588488402362688,0.0
3.0,0.5367122850367131,378.0,0.11141668230198792,0.0,0.0
3.0,0.5367122850367131,379.0,0.035169282938376414,0.0,0.0
3.0,0.5367122850367131,380.0,0.009212442921875851,0.25578597815212784,1.0
3.0,0.5367122850367131,381.0,0.012092131026487787,12.510412423860544,1.0
3.0,0.5367122850367131,382.0,0.037703813063651004,0.0,0.0
3.0,0.5367122850367131,383.0,0.1089297456491238,0.021825476918006754,0.0
3.0,0.5367122850367131,384.0,0.10924202947904957,3.976190405454447e-05,0.0
3.0,0.5367122850367131,385.0,0.07664549894494768,0.005861840470296697,0.0
3.0,0.5367122850367131,386.0,0.007176508384855859,0.08553225825060308,1.0
3.0,0.5367122850367131,387.0,0.008580928357587786,9.419463515110728e-06,1.0
3.0,0.5367122850367131,388.0,0.003797763155762599,0.005272198745403596,1.0
3.0,0.5367122850367131,389.0,0.07180832052382223,0.02825808390967262,0.0
3.0,0.5367122850367131,390.0,0.006620189491808019,0.008771404507477197,1.0
3.0,0.5367122850367131,391.0,0.056764446968797184,0.0,0.0
3.0,0.5367122850367131,392.0,0.05772566519703827,0.006155379299511745,0.0
3.0,0.5367122850367131,393.0,0.2598939124647589,0.0,0.0
3.0,0.5367122850367131,394.0,0.010941014571266311,1.2354640831168195,1.0
3.0,0.5367122850367131,395.0,0.04642005714153046,6.241429613953577e-07,0.0
3.0,0.5367122850367131,396.0,0.104070261439797,0.00044689072238102915,0.0
3.0,0.5367122850367131,397.0,0.009601108166992924,1.0534681584428949,1.0
3.0,0.5367122850367131,398.0,0.011025771604120209,1.4021262358988802,1.0
3.0,0.5367122850367131,399.0,0.006260998886794137,0.0005208710079414795,1.0
