control_period,penalty,parameters_idx,deficit_cost,total_leaching_gN_per_m2,violated
6.0,0.0,0.0,0.005278794106345852,0.007378819678824821,1.0
6.0,0.0,1.0,0.0017904953824287137,0.06901027477019575,1.0
6.0,0.0,2.0,0.0015470109050986557,0.003839136962151746,1.0
6.0,0.0,3.0,0.0025419984625701694,0.0012992429079555152,1.0
6.0,0.0,4.0,0.0022713535128799636,0.015869756076401936,1.0
6.0,0.0,5.0,0.00263426100639655,0.000980048214090014,1.0
6.0,0.0,6.0,0.0018630138652410617,0.0,0.0
6.0,0.0,7.0,0.00637629993941059,0.0,0.0
6.0,0.0,8.0,0.007223852445483849,0.007355188538490742,1.0
6.0,0.0,9.0,0.004698504490465823,0.0008495300694571303,1.0
6.0,0.0,10.0,0.0027302304201442316,0.021804177348802006,1.0
6.0,0.0,11.0,0.0031503253430916218,0.0818633487401704,1.0
6.0,0.0,12.0,0.001221702552727143,0.0,0.0
6.0,0.0,13.0,0.005046735725265216,0.0,0.0
6.0,0.0,14.0,0.008046768285626043,0.01578834490000505,1.0
6.0,0.0,15.0,0.00719215347979164,0.0,0.0
6.0,0.0,16.0,0.02066303500693821,4.117545858411131e-08,0.0
6.0,0.0,17.0,0.00694008717404066,0.004945505090529115,1.0
6.0,0.0,18.0,0.0061202773486016306,8.059295937375728e-05,0.0
6.0,0.0,19.0,0.00437819685847653,0.0016269045853350532,1.0
6.0,0.0,20.0,0.006878419621398375,0.8336159049778945,1.0
6.0,0.0,21.0,0.005842177940373905,8.822034681094139e-06,1.0
6.0,0.0,22.0,0.0022314463789006294,0.0,0.0
6.0,0.0,23.0,0.007318521092688987,0.0022146777639045715,1.0
6.0,0.0,24.0,0.0018714304953325166,0.0017043074200331842,1.0
6.0,0.0,25.0,0.00187764328334842,0.10274188962604817,1.0
6.0,0.0,26.0,0.0014295951487240735,0.0012581153284930136,1.0
6.0,0.0,27.0,0.005053076365469509,0.039899183396865254,1.0
6.0,0.0,28.0,0.009149765185060185,2.2906017636002116,1.0
6.0,0.0,29.0,0.001091935918933327,0.007640146898440753,1.0
6.0,0.0,30.0,0.007379539358990525,5.596580163512801e-05,1.0
6.0,0.0,31.0,0.0034707643763438887,0.013144008060999844,1.0
6.0,0.0,32.0,0.004594313638958411,0.0009527822163300487,1.0
6.0,0.0,33.0,0.001952435642106279,0.010936440546580665,1.0
6.0,0.0,34.0,0.002503311017048925,1.5584684245420677,1.0
6.0,0.0,35.0,0.0055259095264465685,0.00817163179149606,1.0
6.0,0.0,36.0,0.006867303730671181,0.0023889110143017578,1.0
6.0,0.0,37.0,0.001980057157905615,0.0015013911631824993,1.0
6.0,0.0,38.0,0.02392179539667391,0.08134996191696793,1.0
6.0,0.0,39.0,0.0014418297582001226,0.13759962989354177,1.0
6.0,0.0,40.0,0.00680197969149077,0.09952907619438016,1.0
6.0,0.0,41.0,0.0024069467809011667,0.0,0.0
6.0,0.0,42.0,0.002845961200377678,0.007409059331252021,1.0
6.0,0.0,43.0,0.0013771512186788442,0.02584696224696933,0.0
6.0,0.0,44.0,0.005516276084831168,4.590919749971243,1.0
6.0,0.0,45.0,0.006461710595732661,0.0,0.0
6.0,0.0,46.0,0.003390174230247598,0.0,0.0
6.0,0.0,47.0,0.00957642913780692,3.0864906552961195,1.0
6.0,0.0,48.0,0.007969445345554152,0.0005593136532526719,1.0
6.0,0.0,49.0,0.017955206374876777,0.010171291350371635,1.0
6.0,0.0,50.0,0.00193030011296565,0.25927569333285483,1.0
6.0,0.0,51.0,0.005400406861087488,1.0120377611390319,1.0
6.0,0.0,52.0,0.005925702496073827,0.0019938347492840375,1.0
6.0,0.0,53.0,0.0029375997610256214,0.019504524503952805,1.0
6.0,0.0,54.0,0.002155891470030409,1.7881746513772405,1.0
6.0,0.0,55.0,0.0087334731227301,0.6035859325063115,1.0
6.0,0.0,56.0,0.0015567347216492206,0.0010810682000787408,1.0
6.0,0.0,57.0,0.0015925130352595722,1.4112908246201679,1.0
6.0,0.0,58.0,0.007466649131583905,3.557929925077524e-05,1.0
6.0,0.0,59.0,0.003027353767336166,0.0,0.0
6.0,0.0,60.0,0.006844889007176822,0.0,0.0
6.0,0.0,61.0,0.0034482728966994374,0.0,0.0
6.0,0.0,62.0,0.004389974453992649,1.6703335962255144,1.0
6.0,0.0,63.0,0.006622676370311592,0.0,0.0
6.0,0.0,64.0,0.003260998332095092,0.0033878315434925973,0.0
6.0,0.0,65.0,0.002442399531598677,0.0004505813168122996,1.0
6.0,0.0,66.0,0.0016481619478421294,0.02813815453987283,1.0
6.0,0.0,67.0,0.004199381897926229,0.0891709973496909,1.0
6.0,0.0,68.0,0.00293679321244133,0.0,0.0
6.0,0.0,69.0,0.024316221775564095,3.111300356925315e-05,0.0
6.0,0.0,70.0,0.008823612891372725,0.16057505862721938,1.0
6.0,0.0,71.0,0.006017967972000626,0.0010074053252015875,1.0
6.0,0.0,72.0,0.007009754464655109,0.02816350637591683,1.0
6.0,0.0,73.0,0.0013050973987463225,8.324735509905396e-05,1.0
6.0,0.0,74.0,0.0014277026116108521,0.0,0.0
6.0,0.0,75.0,0.003604932092696989,2.6393670587694746,1.0
6.0,0.0,76.0,0.0012353625688961462,1.3155986096457692,1.0
6.0,0.0,77.0,0.0017390431326938503,0.14528502863846665,1.0
6.0,0.0,78.0,0.0021865237805291453,0.0,0.0
6.0,0.0,79.0,0.007469941241578355,0.0,0.0
6.0,0.0,80.0,0.0038458969251018776,0.0,0.0
6.0,0.0,81.0,0.00214565472141895,0.0009719204935709407,0.0
6.0,0.0,82.0,0.00702578567809593,0.07518168825704274,1.0
6.0,0.0,83.0,0.0009019505402214805,0.0294420135615339,1.0
6.0,0.0,84.0,0.007196686518791575,0.8249557804126847,1.0
6.0,0.0,85.0,0.0066942622403282845,0.000497959857282975,1.0
6.0,0.0,86.0,0.0023261384139703486,0.0006410892580201192,1.0
6.0,0.0,87.0,0.002019838027445966,0.026968570153030773,1.0
6.0,0.0,88.0,0.002318543822390622,0.0020567813981197816,0.0
6.0,0.0,89.0,0.000713929261476759,5.088980585562583,1.0
6.0,0.0,90.0,0.0017647402932483129,0.004187591672960769,1.0
6.0,0.0,91.0,0.0015495586259882373,0.011793417557315342,1.0
6.0,0.0,92.0,0.005612124154355554,3.5913954968534565,1.0
6.0,0.0,93.0,0.002177840482086117,0.0033104875205857216,1.0
6.0,0.0,94.0,0.0017549221505476589,0.0018568002327347404,1.0
6.0,0.0,95.0,0.0035363881593478306,0.028801990789343788,1.0
6.0,0.0,96.0,0.004703956564426226,0.024338034832710645,0.0
6.0,0.0,97.0,0.006899188518509266,0.0008185863112209384,1.0
6.0,0.0,98.0,0.0024171250693237295,0.0021765882917588303,1.0
6.0,0.0,99.0,0.007526433667156853,0.04295078391747442,0.0
6.0,0.0,100.0,0.00732891268155805,0.013107482584820513,1.0
6.0,0.0,101.0,0.005442214597467386,0.030692178114652233,1.0
6.0,0.0,102.0,0.001399314382480785,0.011827737658097451,1.0
6.0,0.0,103.0,0.001209949009945015,0.0018483406674915325,1.0
6.0,0.0,104.0,0.0015392942052788483,0.002055054567463118,1.0
6.0,0.0,105.0,0.002202982885000166,0.0,0.0
6.0,0.0,106.0,0.00702229751737224,1.0671171389714145,1.0
6.0,0.0,107.0,0.02352188914219673,0.0,0.0
6.0,0.0,108.0,0.007031247884107884,0.3930893515987686,1.0
6.0,0.0,109.0,0.0024784377777977815,0.0,0.0
6.0,0.0,110.0,0.00127684530936408,0.0003299182782144171,1.0
6.0,0.0,111.0,0.006576044990454542,3.4847443744389115,1.0
6.0,0.0,112.0,0.007461207978245965,0.0015152532708027561,1.0
6.0,0.0,113.0,0.00640656086065298,0.5465424452773059,1.0
6.0,0.0,114.0,0.001804817296718253,0.011900820338325051,1.0
6.0,0.0,115.0,0.0015419877999852465,0.0014292544490515635,1.0
6.0,0.0,116.0,0.000914404547031023,0.0,0.0
6.0,0.0,117.0,0.007971643519708742,0.0,0.0
6.0,0.0,118.0,0.006415144673631112,0.045816088499498205,1.0
6.0,0.0,119.0,0.0031517061282918587,0.0033687773400414896,1.0
6.0,0.0,120.0,0.006792237782458125,0.045985246222029506,1.0
6.0,0.0,121.0,0.006968286415862303,0.08838096255857865,0.0
6.0,0.0,122.0,0.0035845196143970554,1.6151147162697221,1.0
6.0,0.0,123.0,0.0035478172983224618,0.018968428725760964,1.0
6.0,0.0,124.0,0.0035002858159510065,0.005518855510245484,1.0
6.0,0.0,125.0,0.00213498653681225,0.0004957269253396757,1.0
6.0,0.0,126.0,0.004873998623632485,1.1350623715774733,1.0
6.0,0.0,127.0,0.005159778858269132,0.021582317930095456,0.0
6.0,0.0,128.0,0.006774970095070186,1.2234657171989625,1.0
6.0,0.0,129.0,0.003183107610426936,0.020449571383428553,1.0
6.0,0.0,130.0,0.001291138164477334,0.003036757837704076,1.0
6.0,0.0,131.0,0.002291489760233684,0.00714811719622945,1.0
6.0,0.0,132.0,0.0025683734143981327,0.0,0.0
6.0,0.0,133.0,0.003094163584390091,3.148632810718252,1.0
6.0,0.0,134.0,0.002186800677560201,0.00016012164686669635,1.0
6.0,0.0,135.0,0.0018935052480035324,0.01136866571814065,1.0
6.0,0.0,136.0,0.0018232366421273775,0.09496047132438004,1.0
6.0,0.0,137.0,0.0018925200579783304,0.005778898106560809,1.0
6.0,0.0,138.0,0.006641865271813161,0.035453827844669585,0.0
6.0,0.0,139.0,0.0034999586646729934,0.0,0.0
6.0,0.0,140.0,0.0024397465704121815,0.7695578885628787,1.0
6.0,0.0,141.0,0.0031615918025882355,0.0038078221198251188,0.0
6.0,0.0,142.0,0.001482924051093898,0.002012565444409373,1.0
6.0,0.0,143.0,0.007058836330688048,0.020338911336935477,1.0
6.0,0.0,144.0,0.001379525393282305,0.0022340227720384974,1.0
6.0,0.0,145.0,0.001891727194422603,0.0007676966254469675,0.0
6.0,0.0,146.0,0.0025943292687643487,0.030428269128024016,1.0
6.0,0.0,147.0,0.005181605167517411,0.0016389044549356573,1.0
6.0,0.0,148.0,0.002425698280208537,2.1138304924725366,1.0
6.0,0.0,149.0,0.0025436727290157,0.17216654392212016,1.0
6.0,0.0,150.0,0.002104667350378624,0.002681249930782941,0.0
6.0,0.0,151.0,0.005273165867035504,0.02088243814483841,1.0
6.0,0.0,152.0,0.0020101303751161774,0.0007218221954921424,0.0
6.0,0.0,153.0,0.0037666812444428948,0.0,0.0
6.0,0.0,154.0,0.004625880384860568,0.011133672360691549,1.0
6.0,0.0,155.0,0.004998113676829074,0.00979317661877173,0.0
6.0,0.0,156.0,0.006462685387715375,0.05085275714969264,1.0
6.0,0.0,157.0,0.00288616928632025,0.0,0.0
6.0,0.0,158.0,0.0019216468132510962,0.006013986137171279,1.0
6.0,0.0,159.0,0.031359937465163024,0.9059721883000356,1.0
6.0,0.0,160.0,0.002971459082140803,1.2813603741164803,1.0
6.0,0.0,161.0,0.00591011306994836,0.0,0.0
6.0,0.0,162.0,0.0011126978287554661,0.005821579750577437,1.0
6.0,0.0,163.0,0.006633174311203904,0.006956357869828059,1.0
6.0,0.0,164.0,0.008015235090023203,0.024199095422995028,0.0
6.0,0.0,165.0,0.004722095818859475,5.123661638206846e-05,0.0
6.0,0.0,166.0,0.004697267461711537,0.00043006093665877643,1.0
6.0,0.0,167.0,0.0035198166997015444,0.0056540868381733484,1.0
6.0,0.0,168.0,0.0026617422937019316,0.0,0.0
6.0,0.0,169.0,0.0020246527019247736,0.0001782068502200349,1.0
6.0,0.0,170.0,0.0019705876882207653,0.06321862302321397,1.0
6.0,0.0,171.0,0.00308111327936625,0.17875924264648044,1.0
6.0,0.0,172.0,0.0014965893458209277,0.23593385603853936,1.0
6.0,0.0,173.0,0.0015549803112441891,0.0370017726329907,1.0
6.0,0.0,174.0,0.002668163245584544,0.03519610969202026,1.0
6.0,0.0,175.0,0.002071843924459206,0.002283396498892328,1.0
6.0,0.0,176.0,0.0021887318450375063,0.637349693715365,1.0
6.0,0.0,177.0,0.0017534344388436063,0.014527435436437239,1.0
6.0,0.0,178.0,0.01013740581943654,0.4534234542029352,1.0
6.0,0.0,179.0,0.0010404335812243147,0.4239339553984206,1.0
6.0,0.0,180.0,0.006631654365441421,12.070723284874116,1.0
6.0,0.0,181.0,0.0015375901330545456,0.15974582556506936,1.0
6.0,0.0,182.0,0.003822810997371341,0.10151754961634955,1.0
6.0,0.0,183.0,0.0019950614669647262,0.07149070267193665,1.0
6.0,0.0,184.0,0.006479565921527524,8.794724581796909e-05,1.0
6.0,0.0,185.0,0.002869004792400019,1.1833814846190247,1.0
6.0,0.0,186.0,0.001653011677253673,0.024074818278151743,0.0
6.0,0.0,187.0,0.002360019779431976,5.815323338772999e-06,1.0
6.0,0.0,188.0,0.0031956674172811082,1.721336303809614,1.0
6.0,0.0,189.0,0.0014201448427884743,2.0206452314389227e-05,0.0
6.0,0.0,190.0,0.0020182148950089987,0.004650462255786398,1.0
6.0,0.0,191.0,0.005361592521732891,0.019223016760382267,1.0
6.0,0.0,192.0,0.0009897397623995468,0.011947922087652748,1.0
6.0,0.0,193.0,0.0013344874724982507,0.014769303828935626,1.0
6.0,0.0,194.0,0.005309982664966608,0.8309595096718688,1.0
6.0,0.0,195.0,0.004804960907538041,0.02021322782234356,1.0
6.0,0.0,196.0,0.002127831369570312,0.0033910655216944285,1.0
6.0,0.0,197.0,0.0057997059255670775,0.0026002513045878914,1.0
6.0,0.0,198.0,0.006272870025092731,0.04605160452789316,1.0
6.0,0.0,199.0,0.007026197851321875,0.00030033817608453984,1.0
6.0,0.0,200.0,0.003055761135053025,0.0060246944438801095,1.0
6.0,0.0,201.0,0.00726355513200729,0.0,0.0
6.0,0.0,202.0,0.007580226054930744,0.0,0.0
6.0,0.0,203.0,0.0013581739252721027,0.04357758876783812,1.0
6.0,0.0,204.0,0.006033864334141958,0.00013112603822950178,1.0
6.0,0.0,205.0,0.0013132726370394775,0.0,0.0
6.0,0.0,206.0,0.007202066897081182,1.6578014776566927,1.0
6.0,0.0,207.0,0.0028203211016402116,0.0,0.0
6.0,0.0,208.0,0.0010356004430469086,0.11495201552318521,1.0
6.0,0.0,209.0,0.005723704590637858,0.1815632895162115,1.0
6.0,0.0,210.0,0.006378069723991492,0.000262024953847972,1.0
6.0,0.0,211.0,0.007798362929190729,3.0573703067548506,1.0
6.0,0.0,212.0,0.005532555189498145,5.354900316167676,1.0
6.0,0.0,213.0,0.005675932358624831,0.0,0.0
6.0,0.0,214.0,0.0023688513830524703,0.0007329318974707463,0.0
6.0,0.0,215.0,0.006786183524461216,0.0018203518910883806,1.0
6.0,0.0,216.0,0.005187581160349373,0.0002331251327585566,1.0
6.0,0.0,217.0,0.0043481307560677375,4.7356885042980075,1.0
6.0,0.0,218.0,0.0013368107685425134,0.035916025834285034,1.0
6.0,0.0,219.0,0.006476298729617484,0.0,0.0
6.0,0.0,220.0,0.001862294713851459,0.004153456389808246,0.0
6.0,0.0,221.0,0.002024281530458665,0.09182463018755646,1.0
6.0,0.0,222.0,0.00893031610632212,0.012874923414809275,1.0
6.0,0.0,223.0,0.006591711463269756,0.03949143993414143,1.0
6.0,0.0,224.0,0.008105819393853596,8.354124611539292e-05,1.0
6.0,0.0,225.0,0.0028691854382155648,0.0,0.0
6.0,0.0,226.0,0.0016933075928103882,1.4499564636661357,1.0
6.0,0.0,227.0,0.0016271834951698922,0.00014742796104377678,1.0
6.0,0.0,228.0,0.002935612576069709,0.07842841914486534,1.0
6.0,0.0,229.0,0.004381071514243502,0.0008389753551942464,1.0
6.0,0.0,230.0,0.007285906313121798,0.0010705278831493355,1.0
6.0,0.0,231.0,0.003165891529782281,9.44406010663307e-05,0.0
6.0,0.0,232.0,0.003027197919861479,0.0,0.0
6.0,0.0,233.0,0.006681448443429078,0.004661907587109902,1.0
6.0,0.0,234.0,0.0014140578547519058,0.0006721053027945349,1.0
6.0,0.0,235.0,0.0017004229977751312,0.09038683887720136,1.0
6.0,0.0,236.0,0.002300822613832757,0.0001645307343858935,1.0
6.0,0.0,237.0,0.0021526239600096943,2.603887821639567,1.0
6.0,0.0,238.0,0.0015114603911201994,3.084102482292578e-05,1.0
6.0,0.0,239.0,0.006314269329141351,0.0,0.0
6.0,0.0,240.0,0.0015366509369294425,0.0008361374616584638,1.0
6.0,0.0,241.0,0.001119786098364238,0.0031196634425529105,0.0
6.0,0.0,242.0,0.0067354508057833225,0.38376298663804104,1.0
6.0,0.0,243.0,0.004729684842242247,0.0003077670368627366,1.0
6.0,0.0,244.0,0.006720184197794388,0.0,0.0
6.0,0.0,245.0,0.007207965179759645,0.0,0.0
6.0,0.0,246.0,0.002152091711397694,2.1042515069140973e-05,1.0
6.0,0.0,247.0,0.0029901497386391035,0.019841335937967903,0.0
6.0,0.0,248.0,0.004174235198448602,0.010229777706980168,1.0
6.0,0.0,249.0,0.0034003082442394025,0.0092277967227307,1.0
6.0,0.0,250.0,0.00676684330491316,0.0,0.0
6.0,0.0,251.0,0.002894323071879524,0.7426552701991612,1.0
6.0,0.0,252.0,0.0010859914975973447,0.010898963708839188,1.0
6.0,0.0,253.0,0.005910770631627451,0.10911347109533283,1.0
6.0,0.0,254.0,0.00243727168958779,0.34420738808978435,1.0
6.0,0.0,255.0,0.001743576418641248,0.0,0.0
6.0,0.0,256.0,0.0020060804020807,0.00014914814903355125,1.0
6.0,0.0,257.0,0.0047035784023989075,0.14609197804786977,1.0
6.0,0.0,258.0,0.0014080612781852187,0.00017886089969595077,1.0
6.0,0.0,259.0,0.0014979204398984796,1.5273707774812264e-05,1.0
6.0,0.0,260.0,0.003564531106696395,0.0,0.0
6.0,0.0,261.0,0.0016268441388785238,9.130458177621762e-05,1.0
6.0,0.0,262.0,0.004408477494569733,2.701828155063415e-05,1.0
6.0,0.0,263.0,0.0045348654315388575,0.032598436345236945,1.0
6.0,0.0,264.0,0.0020451176340484612,0.001327390398561498,1.0
6.0,0.0,265.0,0.0010815402374783683,0.05138601292701191,1.0
6.0,0.0,266.0,0.0067779107981821365,0.016651924821749948,1.0
6.0,0.0,267.0,0.0035088060201693026,0.0017317550847812673,1.0
6.0,0.0,268.0,0.006645993253580171,0.000186298372305284,1.0
6.0,0.0,269.0,0.002082328701347618,0.01876433876401342,1.0
6.0,0.0,270.0,0.0019176865065911376,0.007164643760322457,1.0
6.0,0.0,271.0,0.003119985423097312,0.004757542060670432,1.0
6.0,0.0,272.0,0.006942735291033127,0.0007825302307888311,1.0
6.0,0.0,273.0,0.004222765667966708,0.11877051961456143,1.0
6.0,0.0,274.0,0.0027447152577306875,0.026876029560560313,1.0
6.0,0.0,275.0,0.0021706957304110487,2.712989441734052,1.0
6.0,0.0,276.0,0.004555608036783375,0.00041193820292391165,1.0
6.0,0.0,277.0,0.00192644394920077,7.275603493637064e-05,1.0
6.0,0.0,278.0,0.00447049377100366,0.0,0.0
6.0,0.0,279.0,0.0013171363944072608,0.0012653504556861504,1.0
6.0,0.0,280.0,0.0028824929264475935,0.0002590426070383712,1.0
6.0,0.0,281.0,0.0013035872799435472,0.0,0.0
6.0,0.0,282.0,0.0025324655456534263,0.10954319717044074,1.0
6.0,0.0,283.0,0.005947157624132198,5.515395051648004,1.0
6.0,0.0,284.0,0.00616485465489641,0.0,0.0
6.0,0.0,285.0,0.0018532386495351675,0.0,0.0
6.0,0.0,286.0,0.0015697912130013553,9.793715303980658,1.0
6.0,0.0,287.0,0.002349796030249022,0.0039172437891452265,1.0
6.0,0.0,288.0,0.004117930775529977,0.002839885963618444,0.0
6.0,0.0,289.0,0.0018216967052277534,2.870579622737531e-05,1.0
6.0,0.0,290.0,0.006926909207272762,0.04657670029543482,1.0
6.0,0.0,291.0,0.0022546047912752392,0.048745562233533636,1.0
6.0,0.0,292.0,0.0019963852814870032,0.038984039386502085,1.0
6.0,0.0,293.0,0.0015173542889395622,0.012549387577155267,1.0
6.0,0.0,294.0,0.006947919339679675,0.1530045698777798,1.0
6.0,0.0,295.0,0.002417295413624574,2.782252688698447e-05,0.0
6.0,0.0,296.0,0.004710671560699057,0.0001262092795215605,1.0
6.0,0.0,297.0,0.0021755463707682065,0.0007484958304447788,1.0
6.0,0.0,298.0,0.0013849671523332313,5.142791264532069e-06,1.0
6.0,0.0,299.0,0.001769636839759748,0.25001227283101113,1.0
6.0,0.0,300.0,0.005034819862351668,0.0,0.0
6.0,0.0,301.0,0.0021861864694009527,0.0,0.0
6.0,0.0,302.0,0.002163947985397014,0.005422691970012854,1.0
6.0,0.0,303.0,0.005728096973368424,0.3755890542372435,1.0
6.0,0.0,304.0,0.0035180523330163673,0.06448674413579564,1.0
6.0,0.0,305.0,0.006260834717919596,0.019639921998501716,1.0
6.0,0.0,306.0,0.008331736391717194,0.0003638974627961571,0.0
6.0,0.0,307.0,0.0014431516201659556,0.0,0.0
6.0,0.0,308.0,0.0015853320811718271,0.33089184103873504,1.0
6.0,0.0,309.0,0.0012578719354202242,3.9240284631655973,1.0
6.0,0.0,310.0,0.0011226239283962415,0.0004184725645833839,1.0
6.0,0.0,311.0,0.0016958312533248542,0.00229148002143656,1.0
6.0,0.0,312.0,0.002303176508034,0.0,0.0
6.0,0.0,313.0,0.0014815157973125214,0.006686267856774519,1.0
6.0,0.0,314.0,0.003016116871728609,0.0,0.0
6.0,0.0,315.0,0.007241421837774537,0.04845518947523274,1.0
6.0,0.0,316.0,0.007144244106217844,0.0105795706816943,1.0
6.0,0.0,317.0,0.001974292426926185,6.77567284416327e-05,1.0
6.0,0.0,318.0,0.0034725923907237277,3.4312028974300994,1.0
6.0,0.0,319.0,0.0022307776006869357,7.652709364915429e-05,1.0
6.0,0.0,320.0,0.0062420399631669034,0.5057735493986586,1.0
6.0,0.0,321.0,0.002396707842511966,0.022201650638948228,1.0
6.0,0.0,322.0,0.0013334500847515989,0.14696172402114271,1.0
6.0,0.0,323.0,0.0046710818522024255,0.0,0.0
6.0,0.0,324.0,0.002186825170764897,0.0,0.0
6.0,0.0,325.0,0.0019534883428077867,8.643836029455315e-05,1.0
6.0,0.0,326.0,0.002467799990135998,0.00037486694777489796,0.0
6.0,0.0,327.0,0.0042043533637767996,0.13650781143894578,1.0
6.0,0.0,328.0,0.004038963292730194,0.03016846914184618,0.0
6.0,0.0,329.0,0.0033337599790626933,0.004901404713076923,1.0
6.0,0.0,330.0,0.002221122724124994,0.001021466748454265,1.0
6.0,0.0,331.0,0.002361916847100567,0.0,0.0
6.0,0.0,332.0,0.0020408364846122165,0.2011855384804481,1.0
6.0,0.0,333.0,0.0032690210285912895,0.00025647676854733455,1.0
6.0,0.0,334.0,0.006522938890535639,0.07735119098635969,1.0
6.0,0.0,335.0,0.004320555255707491,0.007930251744109655,1.0
6.0,0.0,336.0,0.006780505524645982,3.6849894735661912e-06,0.0
6.0,0.0,337.0,0.007161249995538747,0.0029672196244047494,1.0
6.0,0.0,338.0,0.006597775310907087,0.000304670927070349,0.0
6.0,0.0,339.0,0.0022450269441966213,0.2819100313324498,1.0
6.0,0.0,340.0,0.0020774889039843264,0.0,0.0
6.0,0.0,341.0,0.0016978512559201004,0.0,0.0
6.0,0.0,342.0,0.0019172154431924152,6.657864977674875e-05,0.0
6.0,0.0,343.0,0.00660927542541023,0.021630310468690152,1.0
6.0,0.0,344.0,0.0066599857406953135,0.005593894328415936,1.0
6.0,0.0,345.0,0.0026753546443720336,0.02470895047420833,1.0
6.0,0.0,346.0,0.0017471691421486995,0.0005051479244179158,1.0
6.0,0.0,347.0,0.002488925229147716,0.0,0.0
6.0,0.0,348.0,0.0024877961996870777,0.0,0.0
6.0,0.0,349.0,0.0035055158055890033,0.001521896390609891,1.0
6.0,0.0,350.0,0.0011894318352479911,5.0368094388954e-05,1.0
6.0,0.0,351.0,0.007402103656452331,4.496126261032991,1.0
6.0,0.0,352.0,0.0026256601315085655,0.0,0.0
6.0,0.0,353.0,0.0013860376289236277,0.0013737276210222461,1.0
6.0,0.0,354.0,0.0008376907384693439,0.029640673544039438,1.0
6.0,0.0,355.0,0.0028567704994036415,0.0,0.0
6.0,0.0,356.0,0.005614116172261931,0.004126867252931278,1.0
6.0,0.0,357.0,0.00661743066296898,0.0060697498835878515,1.0
6.0,0.0,358.0,0.007744843635375144,0.014130400789081583,1.0
6.0,0.0,359.0,0.00686935592863539,0.0013223793888734793,1.0
6.0,0.0,360.0,0.0013438785388974555,0.10488118324836745,1.0
6.0,0.0,361.0,0.0029761437660832477,0.03621215768627506,1.0
6.0,0.0,362.0,0.0017836675054259303,0.2888212874568832,1.0
6.0,0.0,363.0,0.0025457783527834134,0.0,0.0
6.0,0.0,364.0,0.005308196111552943,0.0031567798229949753,1.0
6.0,0.0,365.0,0.006368867894134699,0.02527294210222039,1.0
6.0,0.0,366.0,0.006354272232795846,3.59229877299601e-05,1.0
6.0,0.0,367.0,0.0015327852686464975,3.45057711325688e-06,1.0
6.0,0.0,368.0,0.003085659291442253,0.00308649927353789,0.0
6.0,0.0,369.0,0.0008609816235632688,0.0010078360653116864,1.0
6.0,0.0,370.0,0.0023811905240320405,0.014481286164792974,1.0
6.0,0.0,371.0,0.003521419943228284,0.000489441142443649,1.0
6.0,0.0,372.0,0.0019680436930667555,0.16655317097292854,1.0
6.0,0.0,373.0,0.009584352826558945,3.902622337646212,1.0
6.0,0.0,374.0,0.006491310423809711,0.0,0.0
6.0,0.0,375.0,0.001443412386313719,0.007142475597740458,1.0
6.0,0.0,376.0,0.003784565096310459,7.9063246389874955,1.0
6.0,0.0,377.0,0.0024619340989534767,7.096406671187217,1.0
6.0,0.0,378.0,0.0016339542813152289,0.0,0.0
6.0,0.0,379.0,0.0015486129147826665,0.0,0.0
6.0,0.0,380.0,0.0028378501991795507,0.05265322910655817,1.0
6.0,0.0,381.0,0.0019660221327544546,1.2860709464727471,1.0
6.0,0.0,382.0,0.0020519432481206456,0.0,0.0
6.0,0.0,383.0,0.0022687906656158894,0.026655951848622846,1.0
6.0,0.0,384.0,0.002170700910779714,0.0019829415597383453,1.0
6.0,0.0,385.0,0.006886932131982118,0.13865762770118586,1.0
6.0,0.0,386.0,0.00687111281983213,0.4022426288449541,1.0
6.0,0.0,387.0,0.00735447957862858,8.499111643942683e-05,1.0
6.0,0.0,388.0,0.002947638579834896,0.0016103994011339054,1.0
6.0,0.0,389.0,0.002610661448387004,0.033851859438230776,1.0
6.0,0.0,390.0,0.0015351627816463562,0.0027068568728375714,1.0
6.0,0.0,391.0,0.001567915277348203,0.0,0.0
6.0,0.0,392.0,0.002115509106108017,0.009824277288761545,1.0
6.0,0.0,393.0,0.0020507818041362626,0.0,0.0
6.0,0.0,394.0,0.002861788759921171,4.7265615803055425,1.0
6.0,0.0,395.0,0.0019499618894370636,7.0360426588296396e-06,1.0
6.0,0.0,396.0,0.0029019320047628094,0.0009535736215024895,1.0
6.0,0.0,397.0,0.0036091222818926865,0.2576187124494286,1.0
6.0,0.0,398.0,0.0012576211685189635,0.040887444620434484,1.0
6.0,0.0,399.0,0.00356517330660983,0.0023079115835387977,1.0
6.0,0.022363011876529712,0.0,0.0044473274466631475,0.007780679114718384,1.0
6.0,0.022363011876529712,1.0,0.000635831777866255,0.08363651539372172,1.0
6.0,0.022363011876529712,2.0,0.0015041439094428239,0.004280787899863917,1.0
6.0,0.022363011876529712,3.0,0.0025419984625701694,0.0012992429079555152,1.0
6.0,0.022363011876529712,4.0,0.0006376649078325275,0.014375990347907514,1.0
6.0,0.022363011876529712,5.0,0.003124848129384287,0.000765801170326866,1.0
6.0,0.022363011876529712,6.0,0.002345689695537028,0.0,0.0
6.0,0.022363011876529712,7.0,0.007480266064928086,0.0,0.0
6.0,0.022363011876529712,8.0,0.007400007978412784,0.007299254170382442,1.0
6.0,0.022363011876529712,9.0,0.004294305429875137,0.0009290613781742067,1.0
6.0,0.022363011876529712,10.0,0.0027302304201442316,0.021804177348802006,1.0
6.0,0.022363011876529712,11.0,0.003160237807973056,0.06917942760729907,1.0
6.0,0.022363011876529712,12.0,0.0020058109146782275,0.0,0.0
6.0,0.022363011876529712,13.0,0.0057329169593515195,0.0,0.0
6.0,0.022363011876529712,14.0,0.007049725642171412,0.0167978574015085,1.0
6.0,0.022363011876529712,15.0,0.006517046534126621,0.0,0.0
6.0,0.022363011876529712,16.0,0.020792024391855218,3.634352123881883e-08,0.0
6.0,0.022363011876529712,17.0,0.0068080245317186285,0.0052558823077823325,1.0
6.0,0.022363011876529712,18.0,0.0056652613458406595,4.827992510971729e-05,0.0
6.0,0.022363011876529712,19.0,0.004319465282707379,0.0008458236851767183,1.0
6.0,0.022363011876529712,20.0,0.0061918274294318195,0.8760842663938343,1.0
6.0,0.022363011876529712,21.0,0.005500448099120129,5.181570176905997e-06,1.0
6.0,0.022363011876529712,22.0,0.0020033074308391423,0.0,0.0
6.0,0.022363011876529712,23.0,0.006605338211506505,0.0026881187155641797,1.0
6.0,0.022363011876529712,24.0,0.0043790131441399606,0.00029601684594233736,0.0
6.0,0.022363011876529712,25.0,0.0014528027364918209,0.11820622360274775,1.0
6.0,0.022363011876529712,26.0,0.001537648562271149,0.00016552338882332138,0.0
6.0,0.022363011876529712,27.0,0.00487381700181997,0.03895988592350854,1.0
6.0,0.022363011876529712,28.0,0.008140905241100522,2.4754401545302276,1.0
6.0,0.022363011876529712,29.0,0.001404944203130811,0.007393261706118453,1.0
6.0,0.022363011876529712,30.0,0.006688082831432395,5.837797767166615e-05,1.0
6.0,0.022363011876529712,31.0,0.0024227634669187217,0.010547919444310898,1.0
6.0,0.022363011876529712,32.0,0.005118644192582311,0.0005641656653048171,1.0
6.0,0.022363011876529712,33.0,0.0017796736082724945,0.012827351325946116,1.0
6.0,0.022363011876529712,34.0,0.0019492498531719332,1.7385417524956372,1.0
6.0,0.022363011876529712,35.0,0.006059705076529743,0.0015305060590401047,0.0
6.0,0.022363011876529712,36.0,0.00737549641962195,0.0023867272392456462,1.0
6.0,0.022363011876529712,37.0,0.0009125813011732541,0.0008586818998011405,1.0
6.0,0.022363011876529712,38.0,0.02392179539667391,0.08134996191696793,1.0
6.0,0.022363011876529712,39.0,0.002180370467308475,0.08692210718106307,1.0
6.0,0.022363011876529712,40.0,0.006666765508187551,0.03233428496046919,1.0
6.0,0.022363011876529712,41.0,0.001987780694471563,0.0,0.0
6.0,0.022363011876529712,42.0,0.002845961200377678,0.007409059331252021,1.0
6.0,0.022363011876529712,43.0,0.002117794272851611,0.01951522548766876,0.0
6.0,0.022363011876529712,44.0,0.006354482841619706,5.1690200272848985,1.0
6.0,0.022363011876529712,45.0,0.007015991860603284,0.0,0.0
6.0,0.022363011876529712,46.0,0.0033659023581632955,0.0,0.0
6.0,0.022363011876529712,47.0,0.009602252772616303,2.9717552606203363,1.0
6.0,0.022363011876529712,48.0,0.00731192908594183,0.0005651468232590559,1.0
6.0,0.022363011876529712,49.0,0.017733735034721036,0.005900969137768302,1.0
6.0,0.022363011876529712,50.0,0.0015807353387407457,0.23110774131235384,1.0
6.0,0.022363011876529712,51.0,0.005462953726881257,0.9473256819622154,1.0
6.0,0.022363011876529712,52.0,0.0055534965505012295,0.0018728357174791223,1.0
6.0,0.022363011876529712,53.0,0.0029375997610256214,0.019504524503952805,1.0
6.0,0.022363011876529712,54.0,0.0028684812097522763,1.9056033674825055,1.0
6.0,0.022363011876529712,55.0,0.008557124112539814,0.6036835898598648,1.0
6.0,0.022363011876529712,56.0,0.0017559843029302624,0.0011217167664749799,1.0
6.0,0.022363011876529712,57.0,0.0018048667143295938,2.5189502360902725,1.0
6.0,0.022363011876529712,58.0,0.007580785607063611,2.7072995256073865e-05,1.0
6.0,0.022363011876529712,59.0,0.003612903862044402,0.0,0.0
6.0,0.022363011876529712,60.0,0.006925208736537859,0.0,0.0
6.0,0.022363011876529712,61.0,0.0029640643012581883,0.0,0.0
6.0,0.022363011876529712,62.0,0.0026914828016886038,1.4897222665741654,1.0
6.0,0.022363011876529712,63.0,0.007292307907045298,0.0,0.0
6.0,0.022363011876529712,64.0,0.002549738813218469,0.002337176169902513,0.0
6.0,0.022363011876529712,65.0,0.0018995676934661632,0.0003142234133974683,0.0
6.0,0.022363011876529712,66.0,0.0020505178130360412,0.023125680845618776,1.0
6.0,0.022363011876529712,67.0,0.004399672683791833,0.0926757921440561,1.0
6.0,0.022363011876529712,68.0,0.0032289625132794044,0.0,0.0
6.0,0.022363011876529712,69.0,0.02307525519894658,3.097571993536009e-05,0.0
6.0,0.022363011876529712,70.0,0.00807661809252381,0.17518621712481794,1.0
6.0,0.022363011876529712,71.0,0.005885673575636421,0.0010450410169083135,1.0
6.0,0.022363011876529712,72.0,0.007525328619846921,0.02312415551843971,1.0
6.0,0.022363011876529712,73.0,0.0016660932479568137,8.159747156140877e-06,1.0
6.0,0.022363011876529712,74.0,0.0021204632560461135,0.0,0.0
6.0,0.022363011876529712,75.0,0.003604932092696989,2.6393670587694746,1.0
6.0,0.022363011876529712,76.0,0.0011378655150851374,2.102950146764123,1.0
6.0,0.022363011876529712,77.0,0.0007156740589319206,0.147362316027178,1.0
6.0,0.022363011876529712,78.0,0.00186528442613258,0.0,0.0
6.0,0.022363011876529712,79.0,0.007715715637661812,0.0,0.0
6.0,0.022363011876529712,80.0,0.00322776588975767,0.0,0.0
6.0,0.022363011876529712,81.0,0.004373398172645529,0.0009495568933408496,0.0
6.0,0.022363011876529712,82.0,0.007384136392563935,0.07787794883094294,1.0
6.0,0.022363011876529712,83.0,0.0009116353292710588,0.022822507373709746,1.0
6.0,0.022363011876529712,84.0,0.007030448682938338,0.7577264778244868,1.0
6.0,0.022363011876529712,85.0,0.006979823199640993,0.0004588605698741564,1.0
6.0,0.022363011876529712,86.0,0.002057318011752618,0.0005548541444056936,1.0
6.0,0.022363011876529712,87.0,0.00447623627951238,0.00356115405268984,0.0
6.0,0.022363011876529712,88.0,0.002257719466224556,0.0017653233645164872,0.0
6.0,0.022363011876529712,89.0,0.0012839669362338909,6.1533694414993745,1.0
6.0,0.022363011876529712,90.0,0.0011475507898815224,0.004615901524874699,1.0
6.0,0.022363011876529712,91.0,0.0014374904037388796,0.01244706321049667,1.0
6.0,0.022363011876529712,92.0,0.005083887586891295,3.5691203063467656,1.0
6.0,0.022363011876529712,93.0,0.0019940498413112684,0.0014353910607253905,0.0
6.0,0.022363011876529712,94.0,0.0016037700294910715,0.002072490570669649,1.0
6.0,0.022363011876529712,95.0,0.003235197427309342,0.020374273299318093,0.0
6.0,0.022363011876529712,96.0,0.005291984240910978,0.023864545748447794,0.0
6.0,0.022363011876529712,97.0,0.007051432065790474,0.0006997564470281353,1.0
6.0,0.022363011876529712,98.0,0.001816106826906812,0.002041721843597659,1.0
6.0,0.022363011876529712,99.0,0.007669185477777001,0.022190809130047433,0.0
6.0,0.022363011876529712,100.0,0.007657475732180631,0.011483431378192818,1.0
6.0,0.022363011876529712,101.0,0.005442214597467386,0.030692178114652233,1.0
6.0,0.022363011876529712,102.0,0.0016973895396166035,0.0013563894583477466,1.0
6.0,0.022363011876529712,103.0,0.0018633630522060355,0.001156253754377063,1.0
6.0,0.022363011876529712,104.0,0.0016978744907005091,0.002294889951457958,1.0
6.0,0.022363011876529712,105.0,0.0020909970338517606,0.0,0.0
6.0,0.022363011876529712,106.0,0.0062299951910158346,0.7605468533388922,1.0
6.0,0.022363011876529712,107.0,0.02352188914219673,0.0,0.0
6.0,0.022363011876529712,108.0,0.006531655508273118,0.4324382374265909,1.0
6.0,0.022363011876529712,109.0,0.00223783258757314,0.0,0.0
6.0,0.022363011876529712,110.0,0.0014738646400721507,0.00018775868309080888,1.0
6.0,0.022363011876529712,111.0,0.006688780628894243,3.638873751503437,1.0
6.0,0.022363011876529712,112.0,0.006638184839653768,0.0015418614893457896,1.0
6.0,0.022363011876529712,113.0,0.0067593270558229555,0.40714763036661733,1.0
6.0,0.022363011876529712,114.0,0.00156146221998951,0.004847705461794845,1.0
6.0,0.022363011876529712,115.0,0.0017086712349060331,0.0005423669447798489,1.0
6.0,0.022363011876529712,116.0,0.0019698168994667633,0.0,0.0
6.0,0.022363011876529712,117.0,0.00785532309514871,0.0,0.0
6.0,0.022363011876529712,118.0,0.006483356656812957,0.04908096650681508,0.0
6.0,0.022363011876529712,119.0,0.002913243353574682,0.003548633409108402,1.0
6.0,0.022363011876529712,120.0,0.0064671594979438685,0.05224970012862598,1.0
6.0,0.022363011876529712,121.0,0.007529699662806233,0.05999984627545123,0.0
6.0,0.022363011876529712,122.0,0.002315673087812062,1.6494833660923347,1.0
6.0,0.022363011876529712,123.0,0.002843846832153888,0.010437692497874447,1.0
6.0,0.022363011876529712,124.0,0.0013359876419785728,0.0064316675177431195,1.0
6.0,0.022363011876529712,125.0,0.00213498653681225,0.0004957269253396757,1.0
6.0,0.022363011876529712,126.0,0.004319617279005217,1.2683088209356312,1.0
6.0,0.022363011876529712,127.0,0.00565142143607077,0.020474142648542953,0.0
6.0,0.022363011876529712,128.0,0.007026121202539601,1.095570782866313,1.0
6.0,0.022363011876529712,129.0,0.0008662310733407384,0.02954107035941756,1.0
6.0,0.022363011876529712,130.0,0.0004491305381108135,0.0007356622583550252,1.0
6.0,0.022363011876529712,131.0,0.002291489760233684,0.00714811719622945,1.0
6.0,0.022363011876529712,132.0,0.0020627792345037227,0.0,0.0
6.0,0.022363011876529712,133.0,0.0021804028144129196,3.8200649811290592,1.0
6.0,0.022363011876529712,134.0,0.0016642654095558782,7.337335492379721e-05,1.0
6.0,0.022363011876529712,135.0,0.0018445606847073163,0.011157864556973424,1.0
6.0,0.022363011876529712,136.0,0.0014750134368534207,0.022964370162460383,1.0
6.0,0.022363011876529712,137.0,0.0008475220375554109,0.004705964584301364,1.0
6.0,0.022363011876529712,138.0,0.007534147513444046,0.021234155803375274,0.0
6.0,0.022363011876529712,139.0,0.0018893078185700418,0.0,0.0
6.0,0.022363011876529712,140.0,0.0017541815048243829,0.8453462561223486,1.0
6.0,0.022363011876529712,141.0,0.0019763152411496295,0.002621175361689922,0.0
6.0,0.022363011876529712,142.0,0.001924819039300953,0.000960974470637272,0.0
6.0,0.022363011876529712,143.0,0.0067187347206643586,0.021237610828968138,1.0
6.0,0.022363011876529712,144.0,0.001230642462585159,0.0025163254390086864,1.0
6.0,0.022363011876529712,145.0,0.0017457093552858897,0.000498310960409694,0.0
6.0,0.022363011876529712,146.0,0.0017566506318454017,0.007183290386421799,1.0
6.0,0.022363011876529712,147.0,0.004709922368615708,0.0034057510723651298,1.0
6.0,0.022363011876529712,148.0,0.0011959051827381375,2.340670917034508,1.0
6.0,0.022363011876529712,149.0,0.0016823892964237723,0.19882807733450697,1.0
6.0,0.022363011876529712,150.0,0.0020240929633549413,0.0015594437183899209,0.0
6.0,0.022363011876529712,151.0,0.004929100908284028,0.02072889540798283,1.0
6.0,0.022363011876529712,152.0,0.0024132023658296822,0.0005590143786203625,0.0
6.0,0.022363011876529712,153.0,0.00322079775246526,0.0,0.0
6.0,0.022363011876529712,154.0,0.005084343957035233,0.0008628551655371632,0.0
6.0,0.022363011876529712,155.0,0.0055463535759720795,0.004898373692234265,0.0
6.0,0.022363011876529712,156.0,0.00645416368479899,0.051831422199607985,1.0
6.0,0.022363011876529712,157.0,0.004858248544298119,0.0,0.0
6.0,0.022363011876529712,158.0,0.0015109936890537446,0.0037631181941387487,1.0
6.0,0.022363011876529712,159.0,0.031359937465163024,0.9059721883000356,1.0
6.0,0.022363011876529712,160.0,0.0017256033404744301,1.4018539679916653,1.0
6.0,0.022363011876529712,161.0,0.006951343489801732,0.0,0.0
6.0,0.022363011876529712,162.0,0.0004671808462216095,0.007679026084916368,1.0
6.0,0.022363011876529712,163.0,0.0060945886545668215,0.007369783982166156,1.0
6.0,0.022363011876529712,164.0,0.007632625962545898,0.020999638066160443,0.0
6.0,0.022363011876529712,165.0,0.005301014241543946,4.5971966069356365e-05,0.0
6.0,0.022363011876529712,166.0,0.005067382790429669,0.0003476794063238926,1.0
6.0,0.022363011876529712,167.0,0.0035198166997015444,0.0056540868381733484,1.0
6.0,0.022363011876529712,168.0,0.004665057570077293,0.0,0.0
6.0,0.022363011876529712,169.0,0.0011108982444507681,0.00011226886648174081,1.0
6.0,0.022363011876529712,170.0,0.0013488629550427325,0.024969714168710546,1.0
6.0,0.022363011876529712,171.0,0.0014510518065828561,0.22849255473642507,1.0
6.0,0.022363011876529712,172.0,0.0012228573756320005,0.21575611571180156,1.0
6.0,0.022363011876529712,173.0,0.0016498322829570451,0.045123762697387174,1.0
6.0,0.022363011876529712,174.0,0.00447062060002445,0.027050838535735644,0.0
6.0,0.022363011876529712,175.0,0.0006817724903425715,0.002197205945646984,1.0
6.0,0.022363011876529712,176.0,0.0008653162172761245,0.7598171504189467,1.0
6.0,0.022363011876529712,177.0,0.001630467475037286,0.013643797795480797,0.0
6.0,0.022363011876529712,178.0,0.010333331349098663,0.44030894028556034,1.0
6.0,0.022363011876529712,179.0,0.001024071603025212,0.22338168611402368,1.0
6.0,0.022363011876529712,180.0,0.006631654365441421,12.070723284874116,1.0
6.0,0.022363011876529712,181.0,0.0018795352365226965,0.07182895117183641,1.0
6.0,0.022363011876529712,182.0,0.002718363286991984,0.10742272698125194,1.0
6.0,0.022363011876529712,183.0,0.0018117694370133758,0.012514329607012539,0.0
6.0,0.022363011876529712,184.0,0.007315123434845918,7.915830983303258e-05,1.0
6.0,0.022363011876529712,185.0,0.0019830720100148286,1.2501608990543998,1.0
6.0,0.022363011876529712,186.0,0.001710025884877574,0.01896491818235047,0.0
6.0,0.022363011876529712,187.0,0.0018474032385614706,2.082219713329449e-06,0.0
6.0,0.022363011876529712,188.0,0.002969181419672758,1.621444350812366,1.0
6.0,0.022363011876529712,189.0,0.0029530306983940637,1.3743240700364873e-05,0.0
6.0,0.022363011876529712,190.0,0.0010667298123351592,0.005052769580958597,1.0
6.0,0.022363011876529712,191.0,0.0044442469677293305,0.019537100540901964,1.0
6.0,0.022363011876529712,192.0,0.0009109519744130338,0.003855190333025999,1.0
6.0,0.022363011876529712,193.0,0.002061779511266762,0.01669551009382774,1.0
6.0,0.022363011876529712,194.0,0.005643537515377379,0.8773101798764981,1.0
6.0,0.022363011876529712,195.0,0.0037625208808000814,0.022387435807226828,1.0
6.0,0.022363011876529712,196.0,0.0015504062043891578,0.003679525345658511,1.0
6.0,0.022363011876529712,197.0,0.006310860214906543,0.0027580796038811552,1.0
6.0,0.022363011876529712,198.0,0.006151768705469458,0.04737115605309834,1.0
6.0,0.022363011876529712,199.0,0.00676775078920501,0.0002753796931558428,1.0
6.0,0.022363011876529712,200.0,0.003055761135053025,0.0060246944438801095,1.0
6.0,0.022363011876529712,201.0,0.006844772393383406,0.0,0.0
6.0,0.022363011876529712,202.0,0.007641487222535093,0.0,0.0
6.0,0.022363011876529712,203.0,0.0009171737296291323,0.05581625019733912,1.0
6.0,0.022363011876529712,204.0,0.005598663823548811,0.0001428753739811974,1.0
6.0,0.022363011876529712,205.0,0.0022577433018368107,0.0,0.0
6.0,0.022363011876529712,206.0,0.006624921636772196,1.730884190842043,1.0
6.0,0.022363011876529712,207.0,0.0047880727089931775,0.0,0.0
6.0,0.022363011876529712,208.0,0.0010139190567697433,0.10698249220008997,1.0
6.0,0.022363011876529712,209.0,0.006227581716037497,0.1900041706261627,1.0
6.0,0.022363011876529712,210.0,0.0065383879339613975,0.000255139608938155,1.0
6.0,0.022363011876529712,211.0,0.007293622481972482,3.2632897232069618,1.0
6.0,0.022363011876529712,212.0,0.005244737155303886,5.598249607086675,1.0
6.0,0.022363011876529712,213.0,0.005548134389054428,0.0,0.0
6.0,0.022363011876529712,214.0,0.0028632392604943098,0.0007151529275430906,0.0
6.0,0.022363011876529712,215.0,0.007249740558992583,0.0008907951735526925,1.0
6.0,0.022363011876529712,216.0,0.005347434198805636,0.00022362569582503334,1.0
6.0,0.022363011876529712,217.0,0.003353999812849285,5.369959890996044,1.0
6.0,0.022363011876529712,218.0,0.0011510348483590714,0.022884405303582763,1.0
6.0,0.022363011876529712,219.0,0.007946869617208781,0.0,0.0
6.0,0.022363011876529712,220.0,0.0017773043593112753,0.0025506636440835524,0.0
6.0,0.022363011876529712,221.0,0.001226434922265751,0.23636768835933772,1.0
6.0,0.022363011876529712,222.0,0.008296841459104188,0.01333337049040154,1.0
6.0,0.022363011876529712,223.0,0.0066073867521836815,0.04129561739123958,1.0
6.0,0.022363011876529712,224.0,0.007641095128095502,6.869901539447381e-05,1.0
6.0,0.022363011876529712,225.0,0.0017844379617890467,0.0,0.0
6.0,0.022363011876529712,226.0,0.0010541427368651627,1.8983397428901116,1.0
6.0,0.022363011876529712,227.0,0.0015674197634679263,1.8682816770082034e-05,0.0
6.0,0.022363011876529712,228.0,0.0024907728916162847,0.13155640826303153,1.0
6.0,0.022363011876529712,229.0,0.0028128164562461738,0.00043741387384853774,1.0
6.0,0.022363011876529712,230.0,0.006845054962309589,0.0011130673355061085,1.0
6.0,0.022363011876529712,231.0,0.0008710446585798361,5.269907675434159e-05,0.0
6.0,0.022363011876529712,232.0,0.002095629544539468,0.0,0.0
6.0,0.022363011876529712,233.0,0.0074020878893010025,0.0013943591504421672,0.0
6.0,0.022363011876529712,234.0,0.0010883746909832821,0.0005926399373025251,1.0
6.0,0.022363011876529712,235.0,0.0017047832856959492,0.0155052667888106,0.0
6.0,0.022363011876529712,236.0,0.0017650798845674416,2.4959697581665598e-05,0.0
6.0,0.022363011876529712,237.0,0.0028852650782521085,3.022757715389715,1.0
6.0,0.022363011876529712,238.0,0.0018408941879734513,1.7466899862073038e-05,1.0
6.0,0.022363011876529712,239.0,0.0071029743327618465,0.0,0.0
6.0,0.022363011876529712,240.0,0.0008423489150849647,0.0007329414865284531,1.0
6.0,0.022363011876529712,241.0,0.001718050941006952,0.0013517478340392248,0.0
6.0,0.022363011876529712,242.0,0.007039108088937096,0.43562798145540643,1.0
6.0,0.022363011876529712,243.0,0.004016470460246934,0.0002667270734260955,1.0
6.0,0.022363011876529712,244.0,0.007616748204509,0.0,0.0
6.0,0.022363011876529712,245.0,0.007723140796887325,0.0,0.0
6.0,0.022363011876529712,246.0,0.0025344124750855453,9.688524697060574e-06,1.0
6.0,0.022363011876529712,247.0,0.0029901497386391035,0.019841335937967903,0.0
6.0,0.022363011876529712,248.0,0.003730126367647555,0.008767969722331737,1.0
6.0,0.022363011876529712,249.0,0.0029084015475932447,0.008838619351155052,1.0
6.0,0.022363011876529712,250.0,0.007622802057539233,0.0,0.0
6.0,0.022363011876529712,251.0,0.002778952368416426,0.2913073501244246,1.0
6.0,0.022363011876529712,252.0,0.000990790914589148,0.013906507883576858,1.0
6.0,0.022363011876529712,253.0,0.006700811084786836,0.010642421669562672,0.0
6.0,0.022363011876529712,254.0,0.0014339482120483498,0.07551727765962142,1.0
6.0,0.022363011876529712,255.0,0.002170745474822486,0.0,0.0
6.0,0.022363011876529712,256.0,0.0013342475180469035,0.00014882589908533296,1.0
6.0,0.022363011876529712,257.0,0.0026942451529775122,0.16713537202240872,1.0
6.0,0.022363011876529712,258.0,0.0018306865324934389,2.489263802684949e-05,0.0
6.0,0.022363011876529712,259.0,0.0016910322888070667,2.5596511138323185e-06,0.0
6.0,0.022363011876529712,260.0,0.0042837086053494535,0.0,0.0
6.0,0.022363011876529712,261.0,0.0020888091953595598,3.391745152998794e-05,1.0
6.0,0.022363011876529712,262.0,0.002766973666067034,8.91805573888933e-06,0.0
6.0,0.022363011876529712,263.0,0.0045348654315388575,0.032598436345236945,1.0
6.0,0.022363011876529712,264.0,0.0010049933601957905,0.004285547583835706,1.0
6.0,0.022363011876529712,265.0,0.0010392145787039928,0.030822516813176083,1.0
6.0,0.022363011876529712,266.0,0.006605933829147888,0.014660035455519567,1.0
6.0,0.022363011876529712,267.0,0.002198847298109829,0.0019518486819388066,1.0
6.0,0.022363011876529712,268.0,0.007611369123702295,8.989435607509873e-05,0.0
6.0,0.022363011876529712,269.0,0.001959062201359313,0.019163007386631542,1.0
6.0,0.022363011876529712,270.0,0.0017874863795887355,0.007522964918049655,1.0
6.0,0.022363011876529712,271.0,0.0006128594810598346,0.005396075817558586,1.0
6.0,0.022363011876529712,272.0,0.006510232836598694,0.0008525025990750446,1.0
6.0,0.022363011876529712,273.0,0.004222765667966708,0.11877051961456143,1.0
6.0,0.022363011876529712,274.0,0.0029817625037944872,0.025081840678598828,0.0
6.0,0.022363011876529712,275.0,0.002518554332816094,2.9920655011275548,1.0
6.0,0.022363011876529712,276.0,0.005117601436452511,0.00020213269214176363,0.0
6.0,0.022363011876529712,277.0,0.0019291970520094164,8.192657728068619e-05,1.0
6.0,0.022363011876529712,278.0,0.0054322610416600095,0.0,0.0
6.0,0.022363011876529712,279.0,0.0014122113035335492,0.00039702938312957746,1.0
6.0,0.022363011876529712,280.0,0.003176176403483548,0.00012377337279295876,1.0
6.0,0.022363011876529712,281.0,0.0019656629653980046,0.0,0.0
6.0,0.022363011876529712,282.0,0.0025324655456534263,0.10954319717044074,1.0
6.0,0.022363011876529712,283.0,0.00495734994867123,5.977614260488387,1.0
6.0,0.022363011876529712,284.0,0.007506737635729799,0.0,0.0
6.0,0.022363011876529712,285.0,0.0007754861603223434,0.0,0.0
6.0,0.022363011876529712,286.0,0.0015697912130013553,9.793715303980658,1.0
6.0,0.022363011876529712,287.0,0.0021143200754873484,0.0029654143923280433,1.0
6.0,0.022363011876529712,288.0,0.0032778789569501724,0.0020698303578328896,0.0
6.0,0.022363011876529712,289.0,0.0018968550718825683,8.579863290929682e-06,0.0
6.0,0.022363011876529712,290.0,0.005540096555171485,0.04890674736547389,1.0
6.0,0.022363011876529712,291.0,0.0010120564069832372,0.0696354728095314,1.0
6.0,0.022363011876529712,292.0,0.0019182235837192263,0.02886719942070632,1.0
6.0,0.022363011876529712,293.0,0.004493483791246927,0.007451809264838191,0.0
6.0,0.022363011876529712,294.0,0.006434175457072549,0.16049152764087657,1.0
6.0,0.022363011876529712,295.0,0.0018061099332387733,2.7723617014626968e-05,0.0
6.0,0.022363011876529712,296.0,0.00431785191680404,0.00010879755523265684,1.0
6.0,0.022363011876529712,297.0,0.0014324228667739465,0.0007775196159801257,1.0
6.0,0.022363011876529712,298.0,0.0017526523468339536,1.1877115657045476e-06,0.0
6.0,0.022363011876529712,299.0,0.0012420867375266737,0.08831341400120075,1.0
6.0,0.022363011876529712,300.0,0.0056987491860313755,0.0,0.0
6.0,0.022363011876529712,301.0,0.001896961256910432,0.0,0.0
6.0,0.022363011876529712,302.0,0.0011242192156313488,0.006152978257886658,1.0
6.0,0.022363011876529712,303.0,0.004773188674656944,0.40323195669914363,1.0
6.0,0.022363011876529712,304.0,0.0020806495743342264,0.0198064828734698,0.0
6.0,0.022363011876529712,305.0,0.006260834717919596,0.019639921998501716,1.0
6.0,0.022363011876529712,306.0,0.007802339215269345,0.00035482794751940847,0.0
6.0,0.022363011876529712,307.0,0.002042075660160761,0.0,0.0
6.0,0.022363011876529712,308.0,0.0016433560317402512,0.13379435687296273,1.0
6.0,0.022363011876529712,309.0,0.0012892924420914928,4.667260712088916,1.0
6.0,0.022363011876529712,310.0,0.0014201089239480895,8.677886755571354e-05,1.0
6.0,0.022363011876529712,311.0,0.0009683423523083323,0.002641087588569768,1.0
6.0,0.022363011876529712,312.0,0.002738459435474341,0.0,0.0
6.0,0.022363011876529712,313.0,0.0012285836914917867,0.00393580575038704,1.0
6.0,0.022363011876529712,314.0,0.003576897648596148,0.0,0.0
6.0,0.022363011876529712,315.0,0.00727129900193303,0.025141747471394357,1.0
6.0,0.022363011876529712,316.0,0.007060094481898777,0.010117271423549833,1.0
6.0,0.022363011876529712,317.0,0.0010004714776944727,6.706713066077707e-05,1.0
6.0,0.022363011876529712,318.0,0.0013759687403139494,3.831380274762454,1.0
6.0,0.022363011876529712,319.0,0.0017726505679986123,2.563655281653355e-05,0.0
6.0,0.022363011876529712,320.0,0.006348443917263939,0.5312066433556755,1.0
6.0,0.022363011876529712,321.0,0.002514956429044858,0.012233751726244678,1.0
6.0,0.022363011876529712,322.0,0.00055354518959947,0.19472461431048443,1.0
6.0,0.022363011876529712,323.0,0.0033378690762695088,0.0,0.0
6.0,0.022363011876529712,324.0,0.00199094211798708,0.0,0.0
6.0,0.022363011876529712,325.0,0.0016295765892538577,1.3847235874573516e-05,1.0
6.0,0.022363011876529712,326.0,0.001771899873358245,0.00037144256973135507,0.0
6.0,0.022363011876529712,327.0,0.004626669514110895,0.14872440241535526,1.0
6.0,0.022363011876529712,328.0,0.0029056517755921326,0.01219843111629783,0.0
6.0,0.022363011876529712,329.0,0.002845419950213418,0.005637323568070584,1.0
6.0,0.022363011876529712,330.0,0.0023489937278168447,0.0005149967522173794,0.0
6.0,0.022363011876529712,331.0,0.0022203492208872537,0.0,0.0
6.0,0.022363011876529712,332.0,0.0013109111535953041,0.047703707774149,1.0
6.0,0.022363011876529712,333.0,0.002816284624465676,8.852957124050706e-05,1.0
6.0,0.022363011876529712,334.0,0.007197879443900989,0.07660491479201167,1.0
6.0,0.022363011876529712,335.0,0.003222916369483879,0.008043052268514175,1.0
6.0,0.022363011876529712,336.0,0.00733922011280686,2.638432284530573e-06,0.0
6.0,0.022363011876529712,337.0,0.007458456903476372,0.001908813368047524,1.0
6.0,0.022363011876529712,338.0,0.005838052257687118,0.0002239491197051598,0.0
6.0,0.022363011876529712,339.0,0.0022450269441966213,0.2819100313324498,1.0
6.0,0.022363011876529712,340.0,0.004596290648614638,0.0,0.0
6.0,0.022363011876529712,341.0,0.002039974919267021,0.0,0.0
6.0,0.022363011876529712,342.0,0.0016732327076009576,4.32196403424155e-05,0.0
6.0,0.022363011876529712,343.0,0.0075676155501784,0.006969440366762036,1.0
6.0,0.022363011876529712,344.0,0.0065793540563159995,0.005924670938777915,1.0
6.0,0.022363011876529712,345.0,0.00111476079951566,0.029826711974551556,1.0
6.0,0.022363011876529712,346.0,0.0016860037187370934,0.0004816140079896379,1.0
6.0,0.022363011876529712,347.0,0.0019880172926715735,0.0,0.0
6.0,0.022363011876529712,348.0,0.00195608153931663,0.0,0.0
6.0,0.022363011876529712,349.0,0.0038350237355911435,0.0016284446573084385,1.0
6.0,0.022363011876529712,350.0,0.0021988815929711776,4.0124678058649156e-05,0.0
6.0,0.022363011876529712,351.0,0.007385030751826191,4.157182857853625,1.0
6.0,0.022363011876529712,352.0,0.0027608900035854056,0.0,0.0
6.0,0.022363011876529712,353.0,0.001087841884609464,0.001707536123296263,1.0
6.0,0.022363011876529712,354.0,0.00094274854506086,0.01999500840757871,1.0
6.0,0.022363011876529712,355.0,0.003284269716946104,0.0,0.0
6.0,0.022363011876529712,356.0,0.005186894424455281,0.004472945443351405,1.0
6.0,0.022363011876529712,357.0,0.0059502711229996,0.006362427615698452,1.0
6.0,0.022363011876529712,358.0,0.007124992776993659,0.009861210102186903,1.0
6.0,0.022363011876529712,359.0,0.006566965229030665,0.0014570982457185327,1.0
6.0,0.022363011876529712,360.0,0.0013438785388974555,0.10488118324836745,1.0
6.0,0.022363011876529712,361.0,0.0029761437660832477,0.03621215768627506,1.0
6.0,0.022363011876529712,362.0,0.0005464104953077328,0.022411719803485736,1.0
6.0,0.022363011876529712,363.0,0.002100207720773665,0.0,0.0
6.0,0.022363011876529712,364.0,0.005301573260443245,0.0032270246724223736,1.0
6.0,0.022363011876529712,365.0,0.006350779378636207,0.024758229744742056,1.0
6.0,0.022363011876529712,366.0,0.006513661311357274,3.0370129749031796e-05,1.0
6.0,0.022363011876529712,367.0,0.0014710055993820594,7.885822582634399e-07,0.0
6.0,0.022363011876529712,368.0,0.0026278968692670097,0.003072765243211367,0.0
6.0,0.022363011876529712,369.0,0.0015365460738884357,0.0001528153017493138,0.0
6.0,0.022363011876529712,370.0,0.0023811905240320405,0.014481286164792974,1.0
6.0,0.022363011876529712,371.0,0.0030040493991079164,7.916858586022535e-05,0.0
6.0,0.022363011876529712,372.0,0.001686533057309271,0.1477978319675952,1.0
6.0,0.022363011876529712,373.0,0.008679588599030013,4.217423081144538,1.0
6.0,0.022363011876529712,374.0,0.007339539551906079,0.0,0.0
6.0,0.022363011876529712,375.0,0.0011850480625357305,0.00782178168711202,1.0
6.0,0.022363011876529712,376.0,0.003060736246878208,8.28287213331173,1.0
6.0,0.022363011876529712,377.0,0.0023685997109480464,7.573387439902315,1.0
6.0,0.022363011876529712,378.0,0.0025113651364674083,0.0,0.0
6.0,0.022363011876529712,379.0,0.0020182894734508397,0.0,0.0
6.0,0.022363011876529712,380.0,0.0028378501991795507,0.05265322910655817,1.0
6.0,0.022363011876529712,381.0,0.0010750075026145852,1.9086897688994855,1.0
6.0,0.022363011876529712,382.0,0.001983701126921964,0.0,0.0
6.0,0.022363011876529712,383.0,0.0018191699260388223,0.023567565996069566,1.0
6.0,0.022363011876529712,384.0,0.0022032437228321827,0.0018668327306432609,1.0
6.0,0.022363011876529712,385.0,0.007056464858218072,0.1206185208511873,1.0
6.0,0.022363011876529712,386.0,0.007327988941937997,0.4199519904251152,1.0
6.0,0.022363011876529712,387.0,0.006993527090585853,8.405785745311816e-05,1.0
6.0,0.022363011876529712,388.0,0.0012965099429149037,0.001677648928352943,1.0
6.0,0.022363011876529712,389.0,0.002132085376579629,0.02907235188880907,1.0
6.0,0.022363011876529712,390.0,0.0008964798559820289,0.0030659195309607127,1.0
6.0,0.022363011876529712,391.0,0.0018537412133102702,0.0,0.0
6.0,0.022363011876529712,392.0,0.001992538621494904,0.00675503925742238,0.0
6.0,0.022363011876529712,393.0,0.0023511319635016134,0.0,0.0
6.0,0.022363011876529712,394.0,0.0028658901658369647,5.046169865603208,1.0
6.0,0.022363011876529712,395.0,0.001893493108502552,8.879908028566263e-07,0.0
6.0,0.022363011876529712,396.0,0.00269975292188739,0.00045431902326208124,0.0
6.0,0.022363011876529712,397.0,0.0024538420395654355,0.2722336863828675,1.0
6.0,0.022363011876529712,398.0,0.0012795638418640373,0.032262611495400974,1.0
6.0,0.022363011876529712,399.0,0.00356517330660983,0.0023079115835387977,1.0
6.0,0.06708903562958914,0.0,0.004584345715098895,0.00762846647109985,1.0
6.0,0.06708903562958914,1.0,0.0010038387320457606,0.07747884996285122,1.0
6.0,0.06708903562958914,2.0,0.001025631186440365,0.004015256555873128,1.0
6.0,0.06708903562958914,3.0,0.0025419984625701694,0.0012992429079555152,1.0
6.0,0.06708903562958914,4.0,0.001003892329053694,0.015869756076401936,1.0
6.0,0.06708903562958914,5.0,0.003124848129384287,0.000765801170326866,1.0
6.0,0.06708903562958914,6.0,0.0045521490944901224,0.0,0.0
6.0,0.06708903562958914,7.0,0.012364963202059577,0.0,0.0
6.0,0.06708903562958914,8.0,0.007474002297467239,0.007249665698265116,1.0
6.0,0.06708903562958914,9.0,0.004878951291603839,0.0007753424029689682,1.0
6.0,0.06708903562958914,10.0,0.0027302304201442316,0.021804177348802006,1.0
6.0,0.06708903562958914,11.0,0.003160237807973056,0.06917942760729907,1.0
6.0,0.06708903562958914,12.0,0.004242274771715061,0.0,0.0
6.0,0.06708903562958914,13.0,0.007944188606611103,0.0,0.0
6.0,0.06708903562958914,14.0,0.0080894527396999,0.015079683548706225,1.0
6.0,0.06708903562958914,15.0,0.00896937252091383,0.0,0.0
6.0,0.06708903562958914,16.0,0.024082611125793362,3.5479759671842364e-08,0.0
6.0,0.06708903562958914,17.0,0.006366349723691645,0.004278518847012356,1.0
6.0,0.06708903562958914,18.0,0.007944102124779239,4.455825720997448e-05,0.0
6.0,0.06708903562958914,19.0,0.0044065691895459605,0.001414124483930063,1.0
6.0,0.06708903562958914,20.0,0.007475602326264241,0.8101100390551434,1.0
6.0,0.06708903562958914,21.0,0.007677730371985744,4.468175344664209e-06,0.0
6.0,0.06708903562958914,22.0,0.00419620603862812,0.0,0.0
6.0,0.06708903562958914,23.0,0.007005039227153514,0.002224114099978325,1.0
6.0,0.06708903562958914,24.0,0.0043790131441399606,0.00029601684594233736,0.0
6.0,0.06708903562958914,25.0,0.0014528027364918209,0.11820622360274775,1.0
6.0,0.06708903562958914,26.0,0.0035206705773368815,0.00015711429386929037,0.0
6.0,0.06708903562958914,27.0,0.004908783699283527,0.05951519723719571,1.0
6.0,0.06708903562958914,28.0,0.009828795462009701,2.114782107054863,1.0
6.0,0.06708903562958914,29.0,0.0013936107401305103,0.007986649571323452,1.0
6.0,0.06708903562958914,30.0,0.007607795390154991,0.0002166978207810996,1.0
6.0,0.06708903562958914,31.0,0.002407521152094902,0.01744782498497342,1.0
6.0,0.06708903562958914,32.0,0.00506280049286579,0.0007357409969568476,1.0
6.0,0.06708903562958914,33.0,0.001312256223483292,0.011888822659414417,1.0
6.0,0.06708903562958914,34.0,0.002503311017048925,1.5584684245420677,1.0
6.0,0.06708903562958914,35.0,0.008406013430435675,0.001385502648153095,0.0
6.0,0.06708903562958914,36.0,0.00711022870787593,0.004361281537873211,1.0
6.0,0.06708903562958914,37.0,0.0010456795782382202,0.001471027675893921,1.0
6.0,0.06708903562958914,38.0,0.027750190562064264,0.0657885734115754,1.0
6.0,0.06708903562958914,39.0,0.0014418297582001226,0.13759962989354177,1.0
6.0,0.06708903562958914,40.0,0.012142036865497845,0.006502087397810749,0.0
6.0,0.06708903562958914,41.0,0.004173659101728437,0.0,0.0
6.0,0.06708903562958914,42.0,0.002845961200377678,0.007409059331252021,1.0
6.0,0.06708903562958914,43.0,0.004398706239625037,0.01932505317845347,0.0
6.0,0.06708903562958914,44.0,0.005516276084831168,4.590919749971243,1.0
6.0,0.06708903562958914,45.0,0.01315408844192808,0.0,0.0
6.0,0.06708903562958914,46.0,0.00429178511216422,0.0,0.0
6.0,0.06708903562958914,47.0,0.00838167080289506,1.2309032305943934,1.0
6.0,0.06708903562958914,48.0,0.008901066774847002,0.0005127717807406697,1.0
6.0,0.06708903562958914,49.0,0.024521337985280958,0.005035192398237368,0.0
6.0,0.06708903562958914,50.0,0.00193030011296565,0.25927569333285483,1.0
6.0,0.06708903562958914,51.0,0.005088259950583755,0.7725405233828541,1.0
6.0,0.06708903562958914,52.0,0.007559515167618461,0.0018474991324543397,0.0
6.0,0.06708903562958914,53.0,0.0029375997610256214,0.019504524503952805,1.0
6.0,0.06708903562958914,54.0,0.002155891470030409,1.7881746513772405,1.0
6.0,0.06708903562958914,55.0,0.011545524846553239,0.22215257664075042,1.0
6.0,0.06708903562958914,56.0,0.0015567347216492206,0.0010810682000787408,1.0
6.0,0.06708903562958914,57.0,0.0012638451322273814,1.9593017916942885,1.0
6.0,0.06708903562958914,58.0,0.012645026672633487,8.719008712826153e-06,1.0
6.0,0.06708903562958914,59.0,0.003612903862044402,0.0,0.0
6.0,0.06708903562958914,60.0,0.009031074032123927,0.0,0.0
6.0,0.06708903562958914,61.0,0.005164634372846229,0.0,0.0
6.0,0.06708903562958914,62.0,0.0033857465692857117,1.3965383095796866,1.0
6.0,0.06708903562958914,63.0,0.013596207101624659,0.0,0.0
6.0,0.06708903562958914,64.0,0.003340533458906742,0.002396290905882595,0.0
6.0,0.06708903562958914,65.0,0.004145820850793693,0.0003136196559379494,0.0
6.0,0.06708903562958914,66.0,0.0013988173663241005,0.12112401474665008,1.0
6.0,0.06708903562958914,67.0,0.004237512326883614,0.08432581860751259,1.0
6.0,0.06708903562958914,68.0,0.005505391512688635,0.0,0.0
6.0,0.06708903562958914,69.0,0.02803894342068408,3.078878325764982e-05,0.0
6.0,0.06708903562958914,70.0,0.009203853644356389,0.16360118276200264,1.0
6.0,0.06708903562958914,71.0,0.006297979436748901,0.0010338959943602542,1.0
6.0,0.06708903562958914,72.0,0.007224066086536409,0.276979398272432,1.0
6.0,0.06708903562958914,73.0,0.001712130728114392,5.662269072980883e-06,1.0
6.0,0.06708903562958914,74.0,0.002489337762073027,0.0,0.0
6.0,0.06708903562958914,75.0,0.003604932092696989,2.6393670587694746,1.0
6.0,0.06708903562958914,76.0,0.0013923099525765875,2.3369018857106076,1.0
6.0,0.06708903562958914,77.0,0.0010639942680649868,0.1077436675806935,1.0
6.0,0.06708903562958914,78.0,0.003987108018714059,0.0,0.0
6.0,0.06708903562958914,79.0,0.012858060314253558,0.0,0.0
6.0,0.06708903562958914,80.0,0.005513080234300902,0.0,0.0
6.0,0.06708903562958914,81.0,0.004373398172645529,0.0009495568933408496,0.0
6.0,0.06708903562958914,82.0,0.007096659395237058,0.07393038045584144,1.0
6.0,0.06708903562958914,83.0,0.001021948962177332,0.02855252716583913,1.0
6.0,0.06708903562958914,84.0,0.009272723488562925,0.5072641985756982,1.0
6.0,0.06708903562958914,85.0,0.007003935390639473,0.00048615582498339957,1.0
6.0,0.06708903562958914,86.0,0.002057318011752618,0.0005548541444056936,1.0
6.0,0.06708903562958914,87.0,0.00447623627951238,0.00356115405268984,0.0
6.0,0.06708903562958914,88.0,0.004418161217085227,0.0017586669005292157,0.0
6.0,0.06708903562958914,89.0,0.0011570127765575598,5.623910208246868,1.0
6.0,0.06708903562958914,90.0,0.0011626638295700517,0.004637984623501603,1.0
6.0,0.06708903562958914,91.0,0.0015495586259882373,0.011793417557315342,1.0
6.0,0.06708903562958914,92.0,0.005333434522433542,3.3025795980110977,1.0
6.0,0.06708903562958914,93.0,0.004209893754469956,0.001429155054026698,0.0
6.0,0.06708903562958914,94.0,0.0017549221505476589,0.0018568002327347404,1.0
6.0,0.06708903562958914,95.0,0.005575558617763519,0.020212352833975072,0.0
6.0,0.06708903562958914,96.0,0.0051204434801239785,0.023866690498431677,0.0
6.0,0.06708903562958914,97.0,0.006337910156550771,0.0010674184738751877,1.0
6.0,0.06708903562958914,98.0,0.002353651158715402,0.0020433883666259914,1.0
6.0,0.06708903562958914,99.0,0.012782792612102065,0.020672601927894038,0.0
6.0,0.06708903562958914,100.0,0.0078137912759425,0.013271546452313546,1.0
6.0,0.06708903562958914,101.0,0.005442214597467386,0.030692178114652233,1.0
6.0,0.06708903562958914,102.0,0.003737341441931227,0.001172365919305799,0.0
6.0,0.06708903562958914,103.0,0.001903575874255855,0.0024348045668512552,1.0
6.0,0.06708903562958914,104.0,0.0017017310698267613,0.0021631172743095677,1.0
6.0,0.06708903562958914,105.0,0.004445399072966559,0.0,0.0
6.0,0.06708903562958914,106.0,0.008301605657568715,0.9587974246092626,1.0
6.0,0.06708903562958914,107.0,0.02816657442408988,0.0,0.0
6.0,0.06708903562958914,108.0,0.006806052485709828,0.24962332791415298,1.0
6.0,0.06708903562958914,109.0,0.0032544525417197026,0.0,0.0
6.0,0.06708903562958914,110.0,0.0006983501081533681,0.00015633777841887202,1.0
6.0,0.06708903562958914,111.0,0.0067170411554480156,3.3309604877460406,1.0
6.0,0.06708903562958914,112.0,0.0069371923558327565,0.0015107879107740527,1.0
6.0,0.06708903562958914,113.0,0.007338823443811413,0.37612806097621315,1.0
6.0,0.06708903562958914,114.0,0.000736989040672773,0.008328374431689987,1.0
6.0,0.06708903562958914,115.0,0.0015395974670651543,0.0009755544348751916,1.0
6.0,0.06708903562958914,116.0,0.0041756329651304385,0.0,0.0
6.0,0.06708903562958914,117.0,0.013103132768309881,0.0,0.0
6.0,0.06708903562958914,118.0,0.008700326045411346,0.049860548684073684,0.0
6.0,0.06708903562958914,119.0,0.0031517061282918587,0.0033687773400414896,1.0
6.0,0.06708903562958914,120.0,0.007475676266140902,0.03875798955163139,1.0
6.0,0.06708903562958914,121.0,0.012528686548567558,0.053294575564851204,0.0
6.0,0.06708903562958914,122.0,0.0035845196143970554,1.6151147162697221,1.0
6.0,0.06708903562958914,123.0,0.0030371211728370947,0.010017345278300014,1.0
6.0,0.06708903562958914,124.0,0.001551008467653743,0.006079591734314413,1.0
6.0,0.06708903562958914,125.0,0.00213498653681225,0.0004957269253396757,1.0
6.0,0.06708903562958914,126.0,0.005090804891385147,0.8648574102738036,1.0
6.0,0.06708903562958914,127.0,0.007755857665475942,0.020352720035664525,0.0
6.0,0.06708903562958914,128.0,0.007934422776956843,1.1114296491797868,1.0
6.0,0.06708903562958914,129.0,0.0032824498502296885,0.022626588601687505,1.0
6.0,0.06708903562958914,130.0,0.001675538227042357,0.0005615518792171019,1.0
6.0,0.06708903562958914,131.0,0.002291489760233684,0.00714811719622945,1.0
6.0,0.06708903562958914,132.0,0.0042983929658769095,0.0,0.0
6.0,0.06708903562958914,133.0,0.0025044584224483703,3.490833027153551,1.0
6.0,0.06708903562958914,134.0,0.0014334750454831349,7.074393913262515e-05,1.0
6.0,0.06708903562958914,135.0,0.0018935052480035324,0.01136866571814065,1.0
6.0,0.06708903562958914,136.0,0.0014841027038665394,0.0402425935997276,1.0
6.0,0.06708903562958914,137.0,0.0009039620328302907,0.005246385396286155,1.0
6.0,0.06708903562958914,138.0,0.009641720354579254,0.020794981715450616,0.0
6.0,0.06708903562958914,139.0,0.004086701863126569,0.0,0.0
6.0,0.06708903562958914,140.0,0.0024397465704121815,0.7695578885628787,1.0
6.0,0.06708903562958914,141.0,0.004189468024890121,0.002620604082387633,0.0
6.0,0.06708903562958914,142.0,0.00412462623170512,0.000957112309921591,0.0
6.0,0.06708903562958914,143.0,0.007589148715149922,0.019998430703120025,1.0
6.0,0.06708903562958914,144.0,0.001230642462585159,0.0025163254390086864,1.0
6.0,0.06708903562958914,145.0,0.003853035554292035,0.0004981058306946165,0.0
6.0,0.06708903562958914,146.0,0.0018103470358062997,0.018151461111579493,1.0
6.0,0.06708903562958914,147.0,0.00450642637252331,0.006407563923910747,1.0
6.0,0.06708903562958914,148.0,0.0023670552410634807,1.9720978906462596,1.0
6.0,0.06708903562958914,149.0,0.0021358168150286197,0.18325304949247784,1.0
6.0,0.06708903562958914,150.0,0.004061648090579935,0.0015073200941200066,0.0
6.0,0.06708903562958914,151.0,0.005960213680251,0.020138293216927824,1.0
6.0,0.06708903562958914,152.0,0.004637211778608773,0.0005588866485854323,0.0
6.0,0.06708903562958914,153.0,0.005507495820093286,0.0,0.0
6.0,0.06708903562958914,154.0,0.007072799186831458,0.0008460714027772066,0.0
6.0,0.06708903562958914,155.0,0.008167405892402994,0.0048024451731634,0.0
6.0,0.06708903562958914,156.0,0.006624116743815222,0.03401452972791981,1.0
6.0,0.06708903562958914,157.0,0.004858248544298119,0.0,0.0
6.0,0.06708903562958914,158.0,0.0012708147510558545,0.005186004289887685,1.0
6.0,0.06708903562958914,159.0,0.0344647389436315,1.0126038533656123,1.0
6.0,0.06708903562958914,160.0,0.0030996258811983937,1.2765491105453786,1.0
6.0,0.06708903562958914,161.0,0.009101300337355452,0.0,0.0
6.0,0.06708903562958914,162.0,0.0014731196031099315,0.00541197644810502,1.0
6.0,0.06708903562958914,163.0,0.006877200292141219,0.00653629037201569,1.0
6.0,0.06708903562958914,164.0,0.009741121498377803,0.0204554858409396,0.0
6.0,0.06708903562958914,165.0,0.006370270317854112,5.20459521459265e-05,0.0
6.0,0.06708903562958914,166.0,0.004245879668083762,0.0003183281917305691,1.0
6.0,0.06708903562958914,167.0,0.0035198166997015444,0.0056540868381733484,1.0
6.0,0.06708903562958914,168.0,0.004665057570077293,0.0,0.0
6.0,0.06708903562958914,169.0,0.0010819377837830034,0.00015709628605572047,1.0
6.0,0.06708903562958914,170.0,0.001358645269066236,0.025219809640488852,1.0
6.0,0.06708903562958914,171.0,0.0010844218423133344,0.20797912724258197,1.0
6.0,0.06708903562958914,172.0,0.0017538999566640355,0.2028499779002703,1.0
6.0,0.06708903562958914,173.0,0.0011258991662756851,0.04108437987522455,1.0
6.0,0.06708903562958914,174.0,0.00447062060002445,0.027050838535735644,0.0
6.0,0.06708903562958914,175.0,0.001851467075605055,0.0020561803400392185,1.0
6.0,0.06708903562958914,176.0,0.0022272982743218213,0.6960492153694917,1.0
6.0,0.06708903562958914,177.0,0.0036716101946979362,0.013641921158207277,0.0
6.0,0.06708903562958914,178.0,0.01089960619617246,0.25781718166642387,1.0
6.0,0.06708903562958914,179.0,0.000797992646956353,0.17495239832351006,1.0
6.0,0.06708903562958914,180.0,0.006631654365441421,12.070723284874116,1.0
6.0,0.06708903562958914,181.0,0.0018317052246211944,0.04958087909988885,1.0
6.0,0.06708903562958914,182.0,0.003822810997371341,0.10151754961634955,1.0
6.0,0.06708903562958914,183.0,0.003939609660704479,0.012020871270049282,0.0
6.0,0.06708903562958914,184.0,0.008098266885130028,5.0646253032387594e-05,1.0
6.0,0.06708903562958914,185.0,0.002869004792400019,1.1833814846190247,1.0
6.0,0.06708903562958914,186.0,0.003793753947351883,0.018954190450022793,0.0
6.0,0.06708903562958914,187.0,0.004011165859716749,2.010293399821108e-06,0.0
6.0,0.06708903562958914,188.0,0.002969181419672758,1.621444350812366,1.0
6.0,0.06708903562958914,189.0,0.004567210520494554,1.3333881455651783e-05,0.0
6.0,0.06708903562958914,190.0,0.001148385954497275,0.004828584790915857,1.0
6.0,0.06708903562958914,191.0,0.0048858258552156465,0.02526303955323549,1.0
6.0,0.06708903562958914,192.0,0.00129812278445582,0.0043892256137887465,1.0
6.0,0.06708903562958914,193.0,0.0013344874724982507,0.014769303828935626,1.0
6.0,0.06708903562958914,194.0,0.005745166630498375,1.2127654161113992,1.0
6.0,0.06708903562958914,195.0,0.004484301663902895,0.021249022947987566,1.0
6.0,0.06708903562958914,196.0,0.002127831369570312,0.0033910655216944285,1.0
6.0,0.06708903562958914,197.0,0.0062391455249803515,0.0024395307031350017,1.0
6.0,0.06708903562958914,198.0,0.006371877456924018,0.045364994352667616,1.0
6.0,0.06708903562958914,199.0,0.009486099068574658,0.0004337083838315382,1.0
6.0,0.06708903562958914,200.0,0.003055761135053025,0.0060246944438801095,1.0
6.0,0.06708903562958914,201.0,0.008876698451100664,0.0,0.0
6.0,0.06708903562958914,202.0,0.009819923084603364,0.0,0.0
6.0,0.06708903562958914,203.0,0.0015601652705269575,0.04395026027087549,1.0
6.0,0.06708903562958914,204.0,0.0064255544447078235,0.0001080292809739746,1.0
6.0,0.06708903562958914,205.0,0.002717174264867055,0.0,0.0
6.0,0.06708903562958914,206.0,0.006972497630366704,1.6123824269486629,1.0
6.0,0.06708903562958914,207.0,0.0047880727089931775,0.0,0.0
6.0,0.06708903562958914,208.0,0.001309418015464141,0.09654485851956782,1.0
6.0,0.06708903562958914,209.0,0.005782514281592003,0.17479952005462615,1.0
6.0,0.06708903562958914,210.0,0.00766666842298486,0.00011272584478438561,1.0
6.0,0.06708903562958914,211.0,0.007833844773827885,2.9059335236145123,1.0
6.0,0.06708903562958914,212.0,0.005626849137700379,5.180981837847559,1.0
6.0,0.06708903562958914,213.0,0.00769420885564371,0.0,0.0
6.0,0.06708903562958914,214.0,0.0028632392604943098,0.0007151529275430906,0.0
6.0,0.06708903562958914,215.0,0.011960938528165321,0.0004285280924478712,0.0
6.0,0.06708903562958914,216.0,0.005566314012529775,0.00021985201365860036,1.0
6.0,0.06708903562958914,217.0,0.002763271394797808,4.951437536417669,1.0
6.0,0.06708903562958914,218.0,0.0008746875592377786,0.0260346036803555,1.0
6.0,0.06708903562958914,219.0,0.013338025073116364,0.0,0.0
6.0,0.06708903562958914,220.0,0.0039008962007142677,0.0024806731201714484,0.0
6.0,0.06708903562958914,221.0,0.0011645714481513575,0.14014352456630863,1.0
6.0,0.06708903562958914,222.0,0.010362914579973712,0.007049766271449435,1.0
6.0,0.06708903562958914,223.0,0.006713163947746985,0.0380433307414842,1.0
6.0,0.06708903562958914,224.0,0.007974578428725386,5.281074296534467e-05,1.0
6.0,0.06708903562958914,225.0,0.0038594172540050878,0.0,0.0
6.0,0.06708903562958914,226.0,0.0016443267265165381,1.5416296186915313,1.0
6.0,0.06708903562958914,227.0,0.003549113514445811,1.7335562892290964e-05,0.0
6.0,0.06708903562958914,228.0,0.002935612576069709,0.07842841914486534,1.0
6.0,0.06708903562958914,229.0,0.002312984468576685,0.000372371173731394,1.0
6.0,0.06708903562958914,230.0,0.006803064274786946,0.0010485824538804113,1.0
6.0,0.06708903562958914,231.0,0.003937200400995236,4.4478515695606935e-05,0.0
6.0,0.06708903562958914,232.0,0.004337146456527632,0.0,0.0
6.0,0.06708903562958914,233.0,0.009466931719724344,0.0013696374857148734,0.0
6.0,0.06708903562958914,234.0,0.0015963853708921354,0.0005408222535152263,1.0
6.0,0.06708903562958914,235.0,0.0037860452792405227,0.011335812570514976,0.0
6.0,0.06708903562958914,236.0,0.0038467311288730766,2.279136103956703e-05,0.0
6.0,0.06708903562958914,237.0,0.0021526239600096943,2.603887821639567,1.0
6.0,0.06708903562958914,238.0,0.0009346963700126561,1.4533249922491066e-05,1.0
6.0,0.06708903562958914,239.0,0.009318524447958507,0.0,0.0
6.0,0.06708903562958914,240.0,0.0020277616174974185,0.0008177542980371858,1.0
6.0,0.06708903562958914,241.0,0.0038540499523164436,0.0013236753202582052,0.0
6.0,0.06708903562958914,242.0,0.006810218805442631,0.2863151671459481,1.0
6.0,0.06708903562958914,243.0,0.005069878341918741,0.0002667270734260955,1.0
6.0,0.06708903562958914,244.0,0.0075020839159542115,0.0,0.0
6.0,0.06708903562958914,245.0,0.01294921526684992,0.0,0.0
6.0,0.06708903562958914,246.0,0.00479058380289315,9.333793095204116e-06,0.0
6.0,0.06708903562958914,247.0,0.0029901497386391035,0.019841335937967903,0.0
6.0,0.06708903562958914,248.0,0.00367780541838907,0.014211556508757169,1.0
6.0,0.06708903562958914,249.0,0.00299288495221296,0.010047876727628,1.0
6.0,0.06708903562958914,250.0,0.009793133834105495,0.0,0.0
6.0,0.06708903562958914,251.0,0.003451652295229921,0.8017550041295428,1.0
6.0,0.06708903562958914,252.0,0.0015781483562749279,0.012484568981511044,1.0
6.0,0.06708903562958914,253.0,0.010273340561906107,0.01148523840967725,0.0
6.0,0.06708903562958914,254.0,0.0014339482120483498,0.07551727765962142,1.0
6.0,0.06708903562958914,255.0,0.00441118143749161,0.0,0.0
6.0,0.06708903562958914,256.0,0.0020118845233939404,0.00016632756682642564,1.0
6.0,0.06708903562958914,257.0,0.0037865830020263427,0.15721439480454175,1.0
6.0,0.06708903562958914,258.0,0.0038710789239280903,2.2940885561905765e-05,0.0
6.0,0.06708903562958914,259.0,0.0037796277866765818,2.4885334229728583e-06,0.0
6.0,0.06708903562958914,260.0,0.00666266779628098,0.0,0.0
6.0,0.06708903562958914,261.0,0.0021173654281350725,8.302337414490016e-05,1.0
6.0,0.06708903562958914,262.0,0.005019401305400396,8.892839751501292e-06,0.0
6.0,0.06708903562958914,263.0,0.0045348654315388575,0.032598436345236945,1.0
6.0,0.06708903562958914,264.0,0.0010049933601957905,0.004285547583835706,1.0
6.0,0.06708903562958914,265.0,0.0007165919556385358,0.05079306565770199,1.0
6.0,0.06708903562958914,266.0,0.006670630080233612,0.011690733665013995,1.0
6.0,0.06708903562958914,267.0,0.0026532928964524524,0.0018556949286880197,1.0
6.0,0.06708903562958914,268.0,0.012754032991357701,7.801566832994529e-05,0.0
6.0,0.06708903562958914,269.0,0.00283951014843448,0.014571851941341155,1.0
6.0,0.06708903562958914,270.0,0.0019176865065911376,0.007164643760322457,1.0
6.0,0.06708903562958914,271.0,0.0016691338295001545,0.003782323247420504,1.0
6.0,0.06708903562958914,272.0,0.007750215993255555,0.0005800233705267686,1.0
6.0,0.06708903562958914,273.0,0.004222765667966708,0.11877051961456143,1.0
6.0,0.06708903562958914,274.0,0.005217011154858644,0.024820066989913753,0.0
6.0,0.06708903562958914,275.0,0.0021706957304110487,2.712989441734052,1.0
6.0,0.06708903562958914,276.0,0.0070995242393978334,0.00020034989949933383,0.0
6.0,0.06708903562958914,277.0,0.0019291970520094164,8.192657728068619e-05,1.0
6.0,0.06708903562958914,278.0,0.006328057610366959,0.0,0.0
6.0,0.06708903562958914,279.0,0.0010713661565510053,0.0011281513638647963,1.0
6.0,0.06708903562958914,280.0,0.004787748887551508,0.00011940319547299395,1.0
6.0,0.06708903562958914,281.0,0.004122307520867652,0.0,0.0
6.0,0.06708903562958914,282.0,0.0025324655456534263,0.10954319717044074,1.0
6.0,0.06708903562958914,283.0,0.005947157624132198,5.515395051648004,1.0
6.0,0.06708903562958914,284.0,0.012437186706754054,0.0,0.0
6.0,0.06708903562958914,285.0,0.003957817465984639,0.0,0.0
6.0,0.06708903562958914,286.0,0.0015697912130013553,9.793715303980658,1.0
6.0,0.06708903562958914,287.0,0.0026684885662542433,0.003873511971408565,1.0
6.0,0.06708903562958914,288.0,0.005670825658276641,0.0020690708531174895,0.0
6.0,0.06708903562958914,289.0,0.004097483232602857,8.263039003351491e-06,0.0
6.0,0.06708903562958914,290.0,0.0076939829396274004,0.04479609223795123,1.0
6.0,0.06708903562958914,291.0,0.0015044539100668407,0.05537365158119975,1.0
6.0,0.06708903562958914,292.0,0.0019963852814870032,0.038984039386502085,1.0
6.0,0.06708903562958914,293.0,0.004493483791246927,0.007451809264838191,0.0
6.0,0.06708903562958914,294.0,0.00709138157833757,0.14763591958062267,1.0
6.0,0.06708903562958914,295.0,0.0029692768469605085,2.7496253493126557e-05,0.0
6.0,0.06708903562958914,296.0,0.007067881544972728,0.0001464577147203917,1.0
6.0,0.06708903562958914,297.0,0.0026912543004165342,0.0007362000278069385,1.0
6.0,0.06708903562958914,298.0,0.001975954391810354,1.2205616436309859e-06,0.0
6.0,0.06708903562958914,299.0,0.0010251214470433814,0.268202979708621,1.0
6.0,0.06708903562958914,300.0,0.005650317600334847,0.0,0.0
6.0,0.06708903562958914,301.0,0.0040561389619493855,0.0,0.0
6.0,0.06708903562958914,302.0,0.0017324512679475486,0.005698065244841489,1.0
6.0,0.06708903562958914,303.0,0.006634141962275054,0.38072559205529427,1.0
6.0,0.06708903562958914,304.0,0.004270444016671053,0.019520307217842498,0.0
6.0,0.06708903562958914,305.0,0.006727614414426226,0.01799411064371801,1.0
6.0,0.06708903562958914,306.0,0.013172634357796299,0.00033619573662814744,0.0
6.0,0.06708903562958914,307.0,0.004287225734117426,0.0,0.0
6.0,0.06708903562958914,308.0,0.0016428971829350796,0.20114029972954486,1.0
6.0,0.06708903562958914,309.0,0.0015445555710752541,4.187647246693525,1.0
6.0,0.06708903562958914,310.0,0.0034079669410169416,8.392751977466524e-05,0.0
6.0,0.06708903562958914,311.0,0.0009630450764141353,0.0024553141128637883,1.0
6.0,0.06708903562958914,312.0,0.004993858728428926,0.0,0.0
6.0,0.06708903562958914,313.0,0.0011005021162349944,0.004572944996750482,1.0
6.0,0.06708903562958914,314.0,0.006129136576047764,0.0,0.0
6.0,0.06708903562958914,315.0,0.007631352482495182,0.02656447826730957,1.0
6.0,0.06708903562958914,316.0,0.007349606275458581,0.010365573203018221,1.0
6.0,0.06708903562958914,317.0,0.0018104827536755163,6.706713066077707e-05,1.0
6.0,0.06708903562958914,318.0,0.002331042204321961,3.265869543453382,1.0
6.0,0.06708903562958914,319.0,0.003913170995893109,2.491520100173417e-05,0.0
6.0,0.06708903562958914,320.0,0.006667887656058465,0.4346721525023056,1.0
6.0,0.06708903562958914,321.0,0.0017864529226429289,0.017253803898420565,1.0
6.0,0.06708903562958914,322.0,0.0007282204938056358,0.043338213049326606,1.0
6.0,0.06708903562958914,323.0,0.004341865117948166,0.0,0.0
6.0,0.06708903562958914,324.0,0.004221028082798485,0.0,0.0
6.0,0.06708903562958914,325.0,0.0017652350064583768,8.61141986456708e-06,1.0
6.0,0.06708903562958914,326.0,0.003874349675323253,0.00037133282775532976,0.0
6.0,0.06708903562958914,327.0,0.004584026629585857,0.12272778868894627,1.0
6.0,0.06708903562958914,328.0,0.005172250052545732,0.011844196587123174,0.0
6.0,0.06708903562958914,329.0,0.002516708575784915,0.005283331413212077,1.0
6.0,0.06708903562958914,330.0,0.0045105514570521685,0.0004330499359968262,0.0
6.0,0.06708903562958914,331.0,0.0029939059501511156,0.0,0.0
6.0,0.06708903562958914,332.0,0.0014558807170573838,0.13630062968115028,1.0
6.0,0.06708903562958914,333.0,0.002955449342364503,0.00021268950190334517,1.0
6.0,0.06708903562958914,334.0,0.0066067910957981445,0.07690098321362833,1.0
6.0,0.06708903562958914,335.0,0.0032562465852522026,0.008452908114909414,1.0
6.0,0.06708903562958914,336.0,0.009345240427229829,2.6367353998977646e-06,0.0
6.0,0.06708903562958914,337.0,0.009299971045086616,0.0011784344063013067,1.0
6.0,0.06708903562958914,338.0,0.006332362214640767,0.0002239491197051598,0.0
6.0,0.06708903562958914,339.0,0.0022450269441966213,0.2819100313324498,1.0
6.0,0.06708903562958914,340.0,0.004596290648614638,0.0,0.0
6.0,0.06708903562958914,341.0,0.0042713525319710306,0.0,0.0
6.0,0.06708903562958914,342.0,0.0037939489945956334,4.321153105969635e-05,0.0
6.0,0.06708903562958914,343.0,0.00971404698802656,0.00755553894248762,1.0
6.0,0.06708903562958914,344.0,0.006590901987823229,0.004788859464111031,1.0
6.0,0.06708903562958914,345.0,0.0026753546443720336,0.02470895047420833,1.0
6.0,0.06708903562958914,346.0,0.0016860037187370934,0.0004816140079896379,1.0
6.0,0.06708903562958914,347.0,0.0042327335623015844,0.0,0.0
6.0,0.06708903562958914,348.0,0.00416359195185394,0.0,0.0
6.0,0.06708903562958914,349.0,0.004064474836089431,0.0011634482805338172,1.0
6.0,0.06708903562958914,350.0,0.004437328447867697,4.0080924517630945e-05,0.0
6.0,0.06708903562958914,351.0,0.008720853627092118,3.6968281812576893,1.0
6.0,0.06708903562958914,352.0,0.005011675764614911,0.0,0.0
6.0,0.06708903562958914,353.0,0.000931986261258493,0.0024831928633692597,1.0
6.0,0.06708903562958914,354.0,0.001417698981072552,0.020146030621727946,1.0
6.0,0.06708903562958914,355.0,0.006786454922232745,0.0,0.0
6.0,0.06708903562958914,356.0,0.007868678312997842,0.0013463746506870377,0.0
6.0,0.06708903562958914,357.0,0.006371416932177508,0.005362160248795661,1.0
6.0,0.06708903562958914,358.0,0.012447079297103971,0.0038116197844561745,0.0
6.0,0.06708903562958914,359.0,0.0070341587082017746,0.0014570982457185327,1.0
6.0,0.06708903562958914,360.0,0.0013438785388974555,0.10488118324836745,1.0
6.0,0.06708903562958914,361.0,0.0029761437660832477,0.03621215768627506,1.0
6.0,0.06708903562958914,362.0,0.001563571724381065,0.02212675748540548,1.0
6.0,0.06708903562958914,363.0,0.004312163238402722,0.0,0.0
6.0,0.06708903562958914,364.0,0.005464072564410776,0.003137689772621941,1.0
6.0,0.06708903562958914,365.0,0.00651031007980507,0.02521811076168249,1.0
6.0,0.06708903562958914,366.0,0.013152315289357966,4.430975484307168e-06,0.0
6.0,0.06708903562958914,367.0,0.003460878368038548,7.854405074853607e-07,0.0
6.0,0.06708903562958914,368.0,0.009029898207664765,0.00305121093593655,0.0
6.0,0.06708903562958914,369.0,0.0035525679908202366,0.0001466602685547436,0.0
6.0,0.06708903562958914,370.0,0.0023811905240320405,0.014481286164792974,1.0
6.0,0.06708903562958914,371.0,0.005252337509854872,7.35631031807713e-05,0.0
6.0,0.06708903562958914,372.0,0.002849277581648105,0.1136243755182851,1.0
6.0,0.06708903562958914,373.0,0.01020000901602486,3.696917633090736,1.0
6.0,0.06708903562958914,374.0,0.009340142118333013,0.0,0.0
6.0,0.06708903562958914,375.0,0.001156725404165051,0.007285443120969694,1.0
6.0,0.06708903562958914,376.0,0.0026451345208931606,6.9306294338753816,1.0
6.0,0.06708903562958914,377.0,0.0024619340989534767,7.096406671187217,1.0
6.0,0.06708903562958914,378.0,0.004807999159679201,0.0,0.0
6.0,0.06708903562958914,379.0,0.004215094588446946,0.0,0.0
6.0,0.06708903562958914,380.0,0.0028378501991795507,0.05265322910655817,1.0
6.0,0.06708903562958914,381.0,0.0008876087968950642,1.5968071664003378,1.0
6.0,0.06708903562958914,382.0,0.004163031315349305,0.0,0.0
6.0,0.06708903562958914,383.0,0.002199205120133708,0.024099171738045228,1.0
6.0,0.06708903562958914,384.0,0.001842480721090816,0.0017072326831988431,1.0
6.0,0.06708903562958914,385.0,0.007558794899642373,0.13189530701344862,1.0
6.0,0.06708903562958914,386.0,0.007095805372405322,0.3565466322450263,1.0
6.0,0.06708903562958914,387.0,0.007227220716703681,3.378398506458628e-05,1.0
6.0,0.06708903562958914,388.0,0.001328637382342465,0.0017091844081425975,1.0
6.0,0.06708903562958914,389.0,0.002057331715951825,0.04477297062258796,1.0
6.0,0.06708903562958914,390.0,0.0014085797749096886,0.002868435820781472,1.0
6.0,0.06708903562958914,391.0,0.003931654685105684,0.0,0.0
6.0,0.06708903562958914,392.0,0.004213696604618283,0.006667001312085996,0.0
6.0,0.06708903562958914,393.0,0.004584482965508234,0.0,0.0
6.0,0.06708903562958914,394.0,0.002861788759921171,4.7265615803055425,1.0
6.0,0.06708903562958914,395.0,0.004010572156428513,8.52159203134041e-07,0.0
6.0,0.06708903562958914,396.0,0.004873824118895998,0.0004524235112416187,0.0
6.0,0.06708903562958914,397.0,0.0028170918070867888,0.25707208228626177,1.0
6.0,0.06708903562958914,398.0,0.000753857455263448,0.03515650811316783,1.0
6.0,0.06708903562958914,399.0,0.00356517330660983,0.0023079115835387977,1.0
6.0,0.13417807125917827,0.0,0.004857220382673219,0.006686504179557813,1.0
6.0,0.13417807125917827,1.0,0.0014561321855530562,0.04971808022768189,1.0
6.0,0.13417807125917827,2.0,0.0014971873034992805,0.0034215425509540576,1.0
6.0,0.13417807125917827,3.0,0.0026446163030684647,0.001288995741053535,1.0
6.0,0.13417807125917827,4.0,0.0015484466301695647,0.0029568176227349288,1.0
6.0,0.13417807125917827,5.0,0.0026696079623823453,0.007927766010576652,1.0
6.0,0.13417807125917827,6.0,0.007701785928224606,0.0,0.0
6.0,0.13417807125917827,7.0,0.033304280641874406,0.0,0.0
6.0,0.13417807125917827,8.0,0.0074740089166031535,0.007024058430989749,1.0
6.0,0.13417807125917827,9.0,0.005082541818340525,0.0006893189897546815,1.0
6.0,0.13417807125917827,10.0,0.0029430852252987838,0.03772559675031889,1.0
6.0,0.13417807125917827,11.0,0.002249575810922168,0.14298467660975167,1.0
6.0,0.13417807125917827,12.0,0.016523154311396213,0.0,0.0
6.0,0.13417807125917827,13.0,0.011035619625622398,0.0,0.0
6.0,0.13417807125917827,14.0,0.009236958992937472,0.0097541712889545,1.0
6.0,0.13417807125917827,15.0,0.012392315609393561,0.0,0.0
6.0,0.13417807125917827,16.0,0.029813931002200936,3.4529163171576476e-08,0.0
6.0,0.13417807125917827,17.0,0.006378084300999132,0.0023147763388074926,1.0
6.0,0.13417807125917827,18.0,0.011159226302704928,4.128929851278263e-05,0.0
6.0,0.13417807125917827,19.0,0.005193477374696935,0.0016638779087091529,1.0
6.0,0.13417807125917827,20.0,0.006862081923093007,0.7444837552019575,1.0
6.0,0.13417807125917827,21.0,0.010783301399023306,4.000897416628228e-06,0.0
6.0,0.13417807125917827,22.0,0.011291977066161175,0.0,0.0
6.0,0.13417807125917827,23.0,0.007296383478018339,0.003690981679145048,1.0
6.0,0.13417807125917827,24.0,0.011536416389545941,0.00028655699232127044,0.0
6.0,0.13417807125917827,25.0,0.01131326144025858,0.027505659540840725,0.0
6.0,0.13417807125917827,26.0,0.010279937685863423,0.00014797119468254948,0.0
6.0,0.13417807125917827,27.0,0.004670238645040129,0.05381451446812748,1.0
6.0,0.13417807125917827,28.0,0.009062482615127081,1.8216272081081968,1.0
6.0,0.13417807125917827,29.0,0.0014035317379988772,0.007709933877973254,1.0
6.0,0.13417807125917827,30.0,0.008386570785476912,3.747980447749008e-05,1.0
6.0,0.13417807125917827,31.0,0.00455744875807247,0.14685782412176365,1.0
6.0,0.13417807125917827,32.0,0.005045887461027903,0.000557829880523872,1.0
6.0,0.13417807125917827,33.0,0.0027057142935768943,0.00996724474199206,1.0
6.0,0.13417807125917827,34.0,0.003168158475702322,1.3904863994715133,1.0
6.0,0.13417807125917827,35.0,0.011419901237724305,0.0012492108850478737,0.0
6.0,0.13417807125917827,36.0,0.012282809458708853,0.0023805497293499793,0.0
6.0,0.13417807125917827,37.0,0.0020348461275485757,0.0028362597482860584,1.0
6.0,0.13417807125917827,38.0,0.030778042193690933,0.09703199736812175,1.0
6.0,0.13417807125917827,39.0,0.002076028901692179,0.09260807388052998,1.0
6.0,0.13417807125917827,40.0,0.03292140562760871,0.003724056534628353,0.0
6.0,0.13417807125917827,41.0,0.013836433869653532,0.0,0.0
6.0,0.13417807125917827,42.0,0.0022824953781777316,0.01096039322965836,1.0
6.0,0.13417807125917827,43.0,0.01686665477858516,0.01894880265286102,0.0
6.0,0.13417807125917827,44.0,0.005978445933283882,4.71438801477546,1.0
6.0,0.13417807125917827,45.0,0.020294008261646228,0.0,0.0
6.0,0.13417807125917827,46.0,0.009377878966070985,0.0,0.0
6.0,0.13417807125917827,47.0,0.008576918289741494,1.313460892619474,1.0
6.0,0.13417807125917827,48.0,0.007077816497107727,0.00035806924553144357,1.0
6.0,0.13417807125917827,49.0,0.026604021945251955,0.005108555373321974,0.0
6.0,0.13417807125917827,50.0,0.0020706109483106254,0.2511641502561822,1.0
6.0,0.13417807125917827,51.0,0.005282423339517035,0.5978805601648481,1.0
6.0,0.13417807125917827,52.0,0.01048843773968106,0.0018329139951984489,0.0
6.0,0.13417807125917827,53.0,0.003816768114560366,0.01830470853053035,1.0
6.0,0.13417807125917827,54.0,0.002396918923595447,1.6698005911020113,1.0
6.0,0.13417807125917827,55.0,0.010835522074077446,0.18923171532548835,1.0
6.0,0.13417807125917827,56.0,0.0031185838231778786,0.0010230218417173157,1.0
6.0,0.13417807125917827,57.0,0.0018560602260650188,1.3813556088696752,1.0
6.0,0.13417807125917827,58.0,0.022426472383903794,5.295212038740821e-06,0.0
6.0,0.13417807125917827,59.0,0.006128194027487442,0.0,0.0
6.0,0.13417807125917827,60.0,0.012005691175310656,0.0,0.0
6.0,0.13417807125917827,61.0,0.012381839039935949,0.0,0.0
6.0,0.13417807125917827,62.0,0.00457537996068793,0.9108575545463764,1.0
6.0,0.13417807125917827,63.0,0.023668441826285188,0.0,0.0
6.0,0.13417807125917827,64.0,0.00810643524999129,0.0022842081410094474,0.0
6.0,0.13417807125917827,65.0,0.011567138078387957,0.00031292200691774967,0.0
6.0,0.13417807125917827,66.0,0.0021477551427875564,0.12097012391520429,1.0
6.0,0.13417807125917827,67.0,0.004500495314266981,0.07419945422350133,1.0
6.0,0.13417807125917827,68.0,0.012914942315980987,0.0,0.0
6.0,0.13417807125917827,69.0,0.035062984228562896,3.0827134408242153e-05,0.0
6.0,0.13417807125917827,70.0,0.010712832715157512,0.06366646834259725,1.0
6.0,0.13417807125917827,71.0,0.006275173981088919,0.0010385428018622957,1.0
6.0,0.13417807125917827,72.0,0.009416313804054026,0.6112328103704106,1.0
6.0,0.13417807125917827,73.0,0.015397355470261831,2.8396140554708056e-06,0.0
6.0,0.13417807125917827,74.0,0.0064943044130753415,0.0,0.0
6.0,0.13417807125917827,75.0,0.004010549577828134,2.3891050972239367,1.0
6.0,0.13417807125917827,76.0,0.0018936494982956676,2.4164378263376713,1.0
6.0,0.13417807125917827,77.0,0.004453396131992673,0.04903743212373531,1.0
6.0,0.13417807125917827,78.0,0.010971894040176986,0.0,0.0
6.0,0.13417807125917827,79.0,0.03341454591681979,0.0,0.0
6.0,0.13417807125917827,80.0,0.010949282972899523,0.0,0.0
6.0,0.13417807125917827,81.0,0.009431884883081384,0.000970199852530239,0.0
6.0,0.13417807125917827,82.0,0.007187554042878182,0.06959639476614604,1.0
6.0,0.13417807125917827,83.0,0.0012233123167948762,0.025858793983827913,1.0
6.0,0.13417807125917827,84.0,0.011317413490718518,0.5059337780812704,1.0
6.0,0.13417807125917827,85.0,0.007496172649554439,0.0005238763379976212,1.0
6.0,0.13417807125917827,86.0,0.0019932975917468267,0.0020134568551995794,1.0
6.0,0.13417807125917827,87.0,0.011716270260652209,0.003079225095887412,0.0
6.0,0.13417807125917827,88.0,0.0075053809373643275,0.0017534278226080835,0.0
6.0,0.13417807125917827,89.0,0.000875677478047502,4.548211532250995,1.0
6.0,0.13417807125917827,90.0,0.0018088401557579143,0.005648099382301145,1.0
6.0,0.13417807125917827,91.0,0.0025403888316508257,0.013369793354270371,1.0
6.0,0.13417807125917827,92.0,0.005218246454161661,3.0343327437655088,1.0
6.0,0.13417807125917827,93.0,0.011423252289298844,0.001418320303251927,0.0
6.0,0.13417807125917827,94.0,0.0035143249286504717,0.0016380759803484221,1.0
6.0,0.13417807125917827,95.0,0.013171946422655584,0.019887094898358434,0.0
6.0,0.13417807125917827,96.0,0.005702109320527921,0.023866690498431677,0.0
6.0,0.13417807125917827,97.0,0.007487139344163644,0.000943074480180231,1.0
6.0,0.13417807125917827,98.0,0.0028226933465707368,0.009693844680632755,1.0
6.0,0.13417807125917827,99.0,0.034195709493630766,0.020320628133748315,0.0
6.0,0.13417807125917827,100.0,0.00757014409240018,0.015839856761826282,1.0
6.0,0.13417807125917827,101.0,0.00572244199950416,0.0301010900942237,1.0
6.0,0.13417807125917827,102.0,0.015500578982136491,0.0008408435931764527,0.0
6.0,0.13417807125917827,103.0,0.003137230722090368,0.10002749655154558,1.0
6.0,0.13417807125917827,104.0,0.0009716139661492193,0.0018983221733778215,1.0
6.0,0.13417807125917827,105.0,0.012043409224206825,0.0,0.0
6.0,0.13417807125917827,106.0,0.01015159709339633,0.6314266113693026,1.0
6.0,0.13417807125917827,107.0,0.03099248686051359,0.0,0.0
6.0,0.13417807125917827,108.0,0.006272860627775334,0.31017851992488815,1.0
6.0,0.13417807125917827,109.0,0.010553220884940342,0.0,0.0
6.0,0.13417807125917827,110.0,0.001244575882645555,0.00016142910892222043,1.0
6.0,0.13417807125917827,111.0,0.006986828743549891,2.998971872432621,1.0
6.0,0.13417807125917827,112.0,0.007156392020573753,0.0014790481758227153,1.0
6.0,0.13417807125917827,113.0,0.007333750251611893,0.3575403196206081,1.0
6.0,0.13417807125917827,114.0,0.004048150876733294,0.015053452225272376,1.0
6.0,0.13417807125917827,115.0,0.004248643470198968,0.00191070622014012,1.0
6.0,0.13417807125917827,116.0,0.011382372020280428,0.0,0.0
6.0,0.13417807125917827,117.0,0.02130220440724427,0.0,0.0
6.0,0.13417807125917827,118.0,0.03297779914867913,0.023909602098961716,0.0
6.0,0.13417807125917827,119.0,0.004028583128091773,0.0031829624949664117,1.0
6.0,0.13417807125917827,120.0,0.006465004242629129,0.05815534618135834,1.0
6.0,0.13417807125917827,121.0,0.03341310199181233,0.0404081238996844,0.0
6.0,0.13417807125917827,122.0,0.0033929771929044027,2.115948165525797,1.0
6.0,0.13417807125917827,123.0,0.004119111805806754,0.012249467505816883,1.0
6.0,0.13417807125917827,124.0,0.002578042057997485,0.005908475103777198,1.0
6.0,0.13417807125917827,125.0,0.0036131390935493723,0.00047051367443285054,1.0
6.0,0.13417807125917827,126.0,0.006709119850867392,0.653922163815812,1.0
6.0,0.13417807125917827,127.0,0.010782782114221233,0.020244708215451043,0.0
6.0,0.13417807125917827,128.0,0.008737909520118225,1.3802432644570253,1.0
6.0,0.13417807125917827,129.0,0.003161835610903867,0.01840626039850024,1.0
6.0,0.13417807125917827,130.0,0.001640573040010348,0.0031934247684666877,1.0
6.0,0.13417807125917827,131.0,0.002964398503375843,0.007045703422966676,1.0
6.0,0.13417807125917827,132.0,0.016504403924537024,0.0,0.0
6.0,0.13417807125917827,133.0,0.003688616282375063,2.7877890253758206,1.0
6.0,0.13417807125917827,134.0,0.0038463737776844196,6.511749415719798e-05,1.0
6.0,0.13417807125917827,135.0,0.002765439080611186,0.011837600603771675,1.0
6.0,0.13417807125917827,136.0,0.0012502143416918336,0.1405955638967585,1.0
6.0,0.13417807125917827,137.0,0.0014006657442234877,0.003680221681060473,1.0
6.0,0.13417807125917827,138.0,0.012646988378770346,0.020464702459788462,0.0
6.0,0.13417807125917827,139.0,0.009617739394652738,0.0,0.0
6.0,0.13417807125917827,140.0,0.003327889837432361,0.6934268654382102,1.0
6.0,0.13417807125917827,141.0,0.01632558806374394,0.0026196320819619812,0.0
6.0,0.13417807125917827,142.0,0.005883920993835949,0.0009839625030405028,0.0
6.0,0.13417807125917827,143.0,0.006603341556991482,0.018728401717941132,1.0
6.0,0.13417807125917827,144.0,0.0030436460823730412,0.0023636771553663684,1.0
6.0,0.13417807125917827,145.0,0.010752358655138624,0.0004977280399420877,0.0
6.0,0.13417807125917827,146.0,0.015655237164121667,0.0035200662425728148,0.0
6.0,0.13417807125917827,147.0,0.005756761659497206,0.00620083942038591,1.0
6.0,0.13417807125917827,148.0,0.0023618953434046083,1.7684740646696973,1.0
6.0,0.13417807125917827,149.0,0.002971449610152304,0.15091506391134057,1.0
6.0,0.13417807125917827,150.0,0.007045770051979727,0.0014599672444495688,0.0
6.0,0.13417807125917827,151.0,0.005997717819352987,0.019703680037874344,1.0
6.0,0.13417807125917827,152.0,0.0077919676310593865,0.0005587690653985006,0.0
6.0,0.13417807125917827,153.0,0.010955971565959944,0.0,0.0
6.0,0.13417807125917827,154.0,0.009967012501360038,0.0008357855368199601,0.0
6.0,0.13417807125917827,155.0,0.019408315931949666,0.003989684489163488,0.0
6.0,0.13417807125917827,156.0,0.006724958502905408,0.012174930574240956,1.0
6.0,0.13417807125917827,157.0,0.01010174320288435,0.0,0.0
6.0,0.13417807125917827,158.0,0.00431434058042973,0.017256659736219853,1.0
6.0,0.13417807125917827,159.0,0.041041293821977035,0.4427148441584024,1.0
6.0,0.13417807125917827,160.0,0.003630580607693435,1.021980948919922,1.0
6.0,0.13417807125917827,161.0,0.012142417815530262,0.0,0.0
6.0,0.13417807125917827,162.0,0.002010500639125606,0.006118335181453758,1.0
6.0,0.13417807125917827,163.0,0.007261929608731713,0.006554028061352023,1.0
6.0,0.13417807125917827,164.0,0.012736352317958272,0.02010918825710457,0.0
6.0,0.13417807125917827,165.0,0.008946410724150537,5.20459521459265e-05,0.0
6.0,0.13417807125917827,166.0,0.0054690150325300314,0.00026261239346922136,1.0
6.0,0.13417807125917827,167.0,0.003960439636032679,0.005401581709650472,1.0
6.0,0.13417807125917827,168.0,0.011870750757646155,0.0,0.0
6.0,0.13417807125917827,169.0,0.010608222430980214,3.2734726034715694e-05,0.0
6.0,0.13417807125917827,170.0,0.002701406114908685,1.4774291598419491,1.0
6.0,0.13417807125917827,171.0,0.0016737378524610208,0.14743276778816167,1.0
6.0,0.13417807125917827,172.0,0.001333338230755583,0.1935387309546885,1.0
6.0,0.13417807125917827,173.0,0.0018363133864438344,0.03314402568479606,1.0
6.0,0.13417807125917827,174.0,0.011546862810649861,0.02539038975617189,0.0
6.0,0.13417807125917827,175.0,0.002901750497119894,0.0017722156184187534,1.0
6.0,0.13417807125917827,176.0,0.002307303714613923,0.5788263963403922,1.0
6.0,0.13417807125917827,177.0,0.01053519440063877,0.013640236812128682,0.0
6.0,0.13417807125917827,178.0,0.010869755732002145,0.18953475929564428,1.0
6.0,0.13417807125917827,179.0,0.010401857269515445,0.10959993015531458,0.0
6.0,0.13417807125917827,180.0,0.0068874922382168476,11.20515205636701,1.0
6.0,0.13417807125917827,181.0,0.015886142517103227,0.011721750201550927,0.0
6.0,0.13417807125917827,182.0,0.004501106764579223,0.09524190465739603,1.0
6.0,0.13417807125917827,183.0,0.010945872598474862,0.011262725950396157,0.0
6.0,0.13417807125917827,184.0,0.008133295550978728,2.596953854180223e-05,1.0
6.0,0.13417807125917827,185.0,0.002133597823905312,1.1243235501609563,1.0
6.0,0.13417807125917827,186.0,0.010708892018249067,0.018934869590441765,0.0
6.0,0.13417807125917827,187.0,0.006421121740651804,2.3540227348999496e-06,0.0
6.0,0.13417807125917827,188.0,0.0024111912041563533,1.2604902718088815,1.0
6.0,0.13417807125917827,189.0,0.011917209237449402,1.3120065069194053e-05,0.0
6.0,0.13417807125917827,190.0,0.0021396580711978584,0.004482320284435016,1.0
6.0,0.13417807125917827,191.0,0.005264880639899774,0.025179833590459926,1.0
6.0,0.13417807125917827,192.0,0.002060456853799144,0.03014308605670203,1.0
6.0,0.13417807125917827,193.0,0.0021015520601479734,0.014382599495094808,1.0
6.0,0.13417807125917827,194.0,0.006197518537624312,1.7945970513198413,1.0
6.0,0.13417807125917827,195.0,0.005232147388796916,0.018959623975828184,1.0
6.0,0.13417807125917827,196.0,0.0021221890068772635,0.004304799548898294,1.0
6.0,0.13417807125917827,197.0,0.006622087859487648,0.002149561447556347,1.0
6.0,0.13417807125917827,198.0,0.006409052149013298,0.04384513654314602,1.0
6.0,0.13417807125917827,199.0,0.009433742276989317,0.01274795789472863,1.0
6.0,0.13417807125917827,200.0,0.0030356362725473826,0.017951756687352587,1.0
6.0,0.13417807125917827,201.0,0.01177344676784659,0.0,0.0
6.0,0.13417807125917827,202.0,0.012900820942554125,0.0,0.0
6.0,0.13417807125917827,203.0,0.001415724088281097,0.051778776687176946,1.0
6.0,0.13417807125917827,204.0,0.00618216438710391,0.00012559843137229423,1.0
6.0,0.13417807125917827,205.0,0.007351084068472262,0.0,0.0
6.0,0.13417807125917827,206.0,0.0070522821160394385,1.84901392499293,1.0
6.0,0.13417807125917827,207.0,0.012071742052699693,0.0,0.0
6.0,0.13417807125917827,208.0,0.0011676378997936376,0.06778989339517481,1.0
6.0,0.13417807125917827,209.0,0.006137872440145146,0.1583460178078252,1.0
6.0,0.13417807125917827,210.0,0.007060424820084897,2.7382514249468786e-05,1.0
6.0,0.13417807125917827,211.0,0.008512512288647954,2.5466952217583345,1.0
6.0,0.13417807125917827,212.0,0.006069059973383462,4.75959269888105,1.0
6.0,0.13417807125917827,213.0,0.010749047977655277,0.0,0.0
6.0,0.13417807125917827,214.0,0.005002785782421505,0.0007132175263348127,0.0
6.0,0.13417807125917827,215.0,0.03266160832182239,0.00026339654354856005,0.0
6.0,0.13417807125917827,216.0,0.006305339028688716,0.00022205634103854264,1.0
6.0,0.13417807125917827,217.0,0.0025544468474655167,4.111054359854452,1.0
6.0,0.13417807125917827,218.0,0.004251457053262264,0.04639901986264178,1.0
6.0,0.13417807125917827,219.0,0.02230582927495616,0.0,0.0
6.0,0.13417807125917827,220.0,0.015903142864217075,0.0022364357984163852,0.0
6.0,0.13417807125917827,221.0,0.0023398908482699043,0.17469465652898275,1.0
6.0,0.13417807125917827,222.0,0.0183736695368819,0.0009177003665486062,1.0
6.0,0.13417807125917827,223.0,0.007134104349302366,0.03478141015423708,1.0
6.0,0.13417807125917827,224.0,0.006606222980588059,5.281074296534467e-05,1.0
6.0,0.13417807125917827,225.0,0.015525735849485994,0.0,0.0
6.0,0.13417807125917827,226.0,0.002123494567183429,1.277303768399706,1.0
6.0,0.13417807125917827,227.0,0.010286759318219311,1.6161435158143118e-05,0.0
6.0,0.13417807125917827,228.0,0.003413294528395399,0.14982792762751387,1.0
6.0,0.13417807125917827,229.0,0.003637892995476083,0.0010623917942221112,1.0
6.0,0.13417807125917827,230.0,0.007318220182518844,0.0009812740175466183,1.0
6.0,0.13417807125917827,231.0,0.013378277971083919,4.556756368376891e-05,0.0
6.0,0.13417807125917827,232.0,0.01150126861019012,0.0,0.0
6.0,0.13417807125917827,233.0,0.01242994159303462,0.0013482886920755351,0.0
6.0,0.13417807125917827,234.0,0.0022859119535844985,0.00046773588146404644,1.0
6.0,0.13417807125917827,235.0,0.010741425169812174,0.007230041648936909,0.0
6.0,0.13417807125917827,236.0,0.010777592937115138,1.891502339616686e-05,0.0
6.0,0.13417807125917827,237.0,0.0024791298823552735,2.909820042392315,1.0
6.0,0.13417807125917827,238.0,0.0015715911683054857,1.0834663518605868e-05,1.0
6.0,0.13417807125917827,239.0,0.012406402451184713,0.0,0.0
6.0,0.13417807125917827,240.0,0.0014267824061757058,0.00200690160129362,1.0
6.0,0.13417807125917827,241.0,0.010908645568800439,0.0012875774578486948,0.0
6.0,0.13417807125917827,242.0,0.008828024980091151,0.2683227406204251,1.0
6.0,0.13417807125917827,243.0,0.006285391735460836,0.0002667270734260955,1.0
6.0,0.13417807125917827,244.0,0.008101912421496625,0.0,0.0
6.0,0.13417807125917827,245.0,0.02087421979520082,0.0,0.0
6.0,0.13417807125917827,246.0,0.00800574293138977,9.097882533711176e-06,0.0
6.0,0.13417807125917827,247.0,0.005259844286180518,0.01981788357864961,0.0
6.0,0.13417807125917827,248.0,0.00511044717515002,0.013739401660112784,1.0
6.0,0.13417807125917827,249.0,0.0037223553226329144,0.010646572808507922,1.0
6.0,0.13417807125917827,250.0,0.012839342917113505,0.0,0.0
6.0,0.13417807125917827,251.0,0.006548489703874361,1.0721598568405648,1.0
6.0,0.13417807125917827,252.0,0.0013411233811709534,0.009299925288763066,1.0
6.0,0.13417807125917827,253.0,0.01775142348303503,0.01148523840967725,0.0
6.0,0.13417807125917827,254.0,0.002151191525617841,0.049681968072535394,1.0
6.0,0.13417807125917827,255.0,0.011645348345918861,0.0,0.0
6.0,0.13417807125917827,256.0,0.0027636657941841397,0.00016632756682642564,1.0
6.0,0.13417807125917827,257.0,0.004807880768319971,0.13721341012282348,1.0
6.0,0.13417807125917827,258.0,0.006826637873668752,2.1256797142122992e-05,0.0
6.0,0.13417807125917827,259.0,0.015650363668265194,2.3599645883249665e-06,0.0
6.0,0.13417807125917827,260.0,0.009927941239458882,0.0,0.0
6.0,0.13417807125917827,261.0,0.0015375412146869344,0.00038481888762304417,1.0
6.0,0.13417807125917827,262.0,0.010399091179303852,9.434604035698068e-06,0.0
6.0,0.13417807125917827,263.0,0.004726034703223788,0.030867638779645473,1.0
6.0,0.13417807125917827,264.0,0.010453324995739135,0.0009259231460085042,0.0
6.0,0.13417807125917827,265.0,0.0013753815631181348,0.04851682012111782,1.0
6.0,0.13417807125917827,266.0,0.009026280605731192,0.010231095702417883,1.0
6.0,0.13417807125917827,267.0,0.0036616129863763563,0.0016533046400875392,1.0
6.0,0.13417807125917827,268.0,0.02177715762562502,7.640168379190534e-05,0.0
6.0,0.13417807125917827,269.0,0.003986096561813907,0.02404911016460009,1.0
6.0,0.13417807125917827,270.0,0.0020977421985176395,0.007241098940380856,1.0
6.0,0.13417807125917827,271.0,0.0017362912528110712,0.0012910116876133587,1.0
6.0,0.13417807125917827,272.0,0.0060324236821917,0.00018275329115577754,1.0
6.0,0.13417807125917827,273.0,0.005127200524813702,0.11202855354837242,1.0
6.0,0.13417807125917827,274.0,0.008408504708029339,0.02461235856717915,0.0
6.0,0.13417807125917827,275.0,0.0018759599353391308,2.7396941642354866,1.0
6.0,0.13417807125917827,276.0,0.009996619149907668,0.00019894829035754262,0.0
6.0,0.13417807125917827,277.0,0.002560426723861902,9.9270045866063e-05,1.0
6.0,0.13417807125917827,278.0,0.00788509793161948,0.0,0.0
6.0,0.13417807125917827,279.0,0.0010990909647977413,0.0009891753293027208,1.0
6.0,0.13417807125917827,280.0,0.02815137398128547,3.772403113440534e-05,0.0
6.0,0.13417807125917827,281.0,0.009032430054415827,0.0,0.0
6.0,0.13417807125917827,282.0,0.003190095073527444,0.10555667352057248,1.0
6.0,0.13417807125917827,283.0,0.006623405820421412,6.350112917920926,1.0
6.0,0.13417807125917827,284.0,0.030444329848872687,0.0,0.0
6.0,0.13417807125917827,285.0,0.01056061741738259,0.0,0.0
6.0,0.13417807125917827,286.0,0.0021301882268563643,9.245011607590836,1.0
6.0,0.13417807125917827,287.0,0.002199232012082637,0.0038309056931755065,1.0
6.0,0.13417807125917827,288.0,0.011505104283610814,0.002074866211578125,0.0
6.0,0.13417807125917827,289.0,0.016098560947254526,7.910570267348077e-06,0.0
6.0,0.13417807125917827,290.0,0.0077551321677524505,0.04299853887166138,1.0
6.0,0.13417807125917827,291.0,0.0016999117407290607,0.039684974783016684,1.0
6.0,0.13417807125917827,292.0,0.0026396598163900904,0.21345665675172373,1.0
6.0,0.13417807125917827,293.0,0.011748026343989077,0.007436700029538935,0.0
6.0,0.13417807125917827,294.0,0.006203412143848364,0.1341986440952578,1.0
6.0,0.13417807125917827,295.0,0.005238663668254783,2.7420678751629312e-05,0.0
6.0,0.13417807125917827,296.0,0.03267395380573075,5.898921427948345e-06,0.0
6.0,0.13417807125917827,297.0,0.002698472527581917,0.0006934321146147242,1.0
6.0,0.13417807125917827,298.0,0.015945749279275504,1.0964648764076385e-06,0.0
6.0,0.13417807125917827,299.0,0.0014791512106377453,0.18774306024821225,1.0
6.0,0.13417807125917827,300.0,0.006372339606718696,0.0,0.0
6.0,0.13417807125917827,301.0,0.015973858822178957,0.0,0.0
6.0,0.13417807125917827,302.0,0.0025253733733370874,0.004702726931706602,1.0
6.0,0.13417807125917827,303.0,0.010664415608863009,0.1635623118859155,1.0
6.0,0.13417807125917827,304.0,0.011448419677721332,0.019214981017261958,0.0
6.0,0.13417807125917827,305.0,0.006801497180951833,0.01675127470533299,1.0
6.0,0.13417807125917827,306.0,0.02210878064687211,0.00033258873345450057,0.0
6.0,0.13417807125917827,307.0,0.016461202734405607,0.0,0.0
6.0,0.13417807125917827,308.0,0.00209908361981778,0.31903241891054285,1.0
6.0,0.13417807125917827,309.0,0.0022617459084690763,3.220758980748116,1.0
6.0,0.13417807125917827,310.0,0.010169188335442553,7.762170322490862e-05,0.0
6.0,0.13417807125917827,311.0,0.001947382608378544,0.002080424900479864,1.0
6.0,0.13417807125917827,312.0,0.008184858160875438,0.0,0.0
6.0,0.13417807125917827,313.0,0.002697562899562415,0.015301364147733603,1.0
6.0,0.13417807125917827,314.0,0.009642256384333837,0.0,0.0
6.0,0.13417807125917827,315.0,0.008003502633378528,0.02656082989367931,1.0
6.0,0.13417807125917827,316.0,0.008055460108653307,0.009850809034478578,1.0
6.0,0.13417807125917827,317.0,0.002227833352936037,6.706713066077707e-05,1.0
6.0,0.13417807125917827,318.0,0.0028779227731694475,2.0212290178984667,1.0
6.0,0.13417807125917827,319.0,0.011010476232511938,2.3750667887623724e-05,0.0
6.0,0.13417807125917827,320.0,0.007530081489402345,0.3403012037631841,1.0
6.0,0.13417807125917827,321.0,0.0039405525986560015,0.032838181435715826,1.0
6.0,0.13417807125917827,322.0,0.0015186658604871576,0.034256180218567626,1.0
6.0,0.13417807125917827,323.0,0.009378368430266137,0.0,0.0
6.0,0.13417807125917827,324.0,0.016307178805052024,0.0,0.0
6.0,0.13417807125917827,325.0,0.015271983590579487,4.571759326195993e-06,0.0
6.0,0.13417807125917827,326.0,0.005519768718713211,0.0003721578748594188,0.0
6.0,0.13417807125917827,327.0,0.004816394495308477,0.0970183362019175,1.0
6.0,0.13417807125917827,328.0,0.012581736767869108,0.010972410917377747,0.0
6.0,0.13417807125917827,329.0,0.004557318913583337,0.004509535080206079,1.0
6.0,0.13417807125917827,330.0,0.011751729776195168,0.0003996169627857673,0.0
6.0,0.13417807125917827,331.0,0.007663600205968712,0.0,0.0
6.0,0.13417807125917827,332.0,0.004385366411722812,0.19215762920055354,1.0
6.0,0.13417807125917827,333.0,0.003008602226914197,0.0009559639631354994,1.0
6.0,0.13417807125917827,334.0,0.006740528297604139,0.07558300969961083,1.0
6.0,0.13417807125917827,335.0,0.005938818557659186,0.006957042055410554,1.0
6.0,0.13417807125917827,336.0,0.012228457448084264,2.635743651435882e-06,0.0
6.0,0.13417807125917827,337.0,0.01074574260810737,0.001464771441426262,1.0
6.0,0.13417807125917827,338.0,0.01186914224572879,0.00021659711734791837,0.0
6.0,0.13417807125917827,339.0,0.002733212783795151,0.26450197362643946,1.0
6.0,0.13417807125917827,340.0,0.01186081042956669,0.0,0.0
6.0,0.13417807125917827,341.0,0.007616043299614836,0.0,0.0
6.0,0.13417807125917827,342.0,0.010781610530920048,4.320029789513274e-05,0.0
6.0,0.13417807125917827,343.0,0.03405495572693822,0.0009138063607974096,0.0
6.0,0.13417807125917827,344.0,0.006301672116427285,0.0024850709860578463,1.0
6.0,0.13417807125917827,345.0,0.001359959548493263,0.02432462002201882,1.0
6.0,0.13417807125917827,346.0,0.0020843667563347837,0.0007680864691781709,1.0
6.0,0.13417807125917827,347.0,0.016469083143060698,0.0,0.0
6.0,0.13417807125917827,348.0,0.011304722753207447,0.0,0.0
6.0,0.13417807125917827,349.0,0.004041593264268416,0.0011733954446672813,1.0
6.0,0.13417807125917827,350.0,0.007627460856710633,4.004455138008827e-05,0.0
6.0,0.13417807125917827,351.0,0.007850028281848912,3.151732170299084,1.0
6.0,0.13417807125917827,352.0,0.012318029101621789,0.0,0.0
6.0,0.13417807125917827,353.0,0.006664727951998686,0.0010853573551863431,0.0
6.0,0.13417807125917827,354.0,0.001950794623587555,0.020386692698309804,1.0
6.0,0.13417807125917827,355.0,0.02946060128522151,0.0,0.0
6.0,0.13417807125917827,356.0,0.010951348998145361,0.0008729612017039393,0.0
6.0,0.13417807125917827,357.0,0.006475166608507825,0.0031822157228284876,1.0
6.0,0.13417807125917827,358.0,0.03363950361759165,0.001774856124102648,0.0
6.0,0.13417807125917827,359.0,0.0068451246398482735,0.001530022120742608,1.0
6.0,0.13417807125917827,360.0,0.0026214567126108673,0.09795360800848209,1.0
6.0,0.13417807125917827,361.0,0.0026849042593284356,0.03348624237706743,1.0
6.0,0.13417807125917827,362.0,0.0017671590107841936,0.031106955472949102,1.0
6.0,0.13417807125917827,363.0,0.011388109894862858,0.0,0.0
6.0,0.13417807125917827,364.0,0.0059302072660255166,0.0029532829798134936,1.0
6.0,0.13417807125917827,365.0,0.007250598888418796,0.02517524524197934,1.0
6.0,0.13417807125917827,366.0,0.021987481846496272,4.216901379321103e-06,0.0
6.0,0.13417807125917827,367.0,0.010206391787618431,7.813704804855861e-07,0.0
6.0,0.13417807125917827,368.0,0.032938628144247264,0.003045428365922259,0.0
6.0,0.13417807125917827,369.0,0.01037190061341186,0.00013878059728620067,0.0
6.0,0.13417807125917827,370.0,0.0026872826374899324,0.013547500171795183,1.0
6.0,0.13417807125917827,371.0,0.012690603455938223,6.791236600725597e-05,0.0
6.0,0.13417807125917827,372.0,0.007011252157749918,0.06325000946294017,1.0
6.0,0.13417807125917827,373.0,0.011810311839790375,1.4247204889165057,1.0
6.0,0.13417807125917827,374.0,0.012221995088469023,0.0,0.0
6.0,0.13417807125917827,375.0,0.0011762325864302066,0.006928639286416331,1.0
6.0,0.13417807125917827,376.0,0.006632213138139911,4.004780380094189,1.0
6.0,0.13417807125917827,377.0,0.0033896461421008147,6.65085505718572,1.0
6.0,0.13417807125917827,378.0,0.008019500431631995,0.0,0.0
6.0,0.13417807125917827,379.0,0.011332463990048953,0.0,0.0
6.0,0.13417807125917827,380.0,0.003644298127811857,0.0591593113312687,1.0
6.0,0.13417807125917827,381.0,0.0017296569115746946,0.9814339818845988,1.0
6.0,0.13417807125917827,382.0,0.016273340324823526,0.0,0.0
6.0,0.13417807125917827,383.0,0.00239321885524394,0.03458043822143942,1.0
6.0,0.13417807125917827,384.0,0.002477562536817407,0.0015309795290841775,1.0
6.0,0.13417807125917827,385.0,0.008617102515297547,0.13149232125122973,1.0
6.0,0.13417807125917827,386.0,0.007298616333238521,0.2182273484157344,1.0
6.0,0.13417807125917827,387.0,0.007222246959095423,5.517010769264258e-05,1.0
6.0,0.13417807125917827,388.0,0.001601043414187083,0.0029725661705285907,1.0
6.0,0.13417807125917827,389.0,0.0042021994385793935,0.22025858276926152,1.0
6.0,0.13417807125917827,390.0,0.0016754013830925694,0.0027585357033275124,1.0
6.0,0.13417807125917827,391.0,0.015688190072908018,0.0,0.0
6.0,0.13417807125917827,392.0,0.016509801144501766,0.006439582153247871,0.0
6.0,0.13417807125917827,393.0,0.007722707021289093,0.0,0.0
6.0,0.13417807125917827,394.0,0.003233559537323549,4.459951889123676,1.0
6.0,0.13417807125917827,395.0,0.010990999072040104,7.832325245578517e-07,0.0
6.0,0.13417807125917827,396.0,0.012112403870804714,0.00044979091003991445,0.0
6.0,0.13417807125917827,397.0,0.003423200999388735,0.26952500708854593,1.0
6.0,0.13417807125917827,398.0,0.0017059924096747337,0.038916598985300165,1.0
6.0,0.13417807125917827,399.0,0.004971394933564585,0.0021947696811147692,1.0
6.0,0.20126710688876742,0.0,0.006812797996178179,0.010477538111233514,1.0
6.0,0.20126710688876742,1.0,0.0016954303527252751,0.0577491026319675,1.0
6.0,0.20126710688876742,2.0,0.0020893298011082466,0.0031330413188256903,1.0
6.0,0.20126710688876742,3.0,0.0033854687527233055,0.0012332914738312285,1.0
6.0,0.20126710688876742,4.0,0.0015484466301695647,0.0029568176227349288,1.0
6.0,0.20126710688876742,5.0,0.012849862256731251,0.0006117498527047858,0.0
6.0,0.20126710688876742,6.0,0.007453334380167043,0.0,0.0
6.0,0.20126710688876742,7.0,0.03420654852227767,0.0,0.0
6.0,0.20126710688876742,8.0,0.007474008916603159,0.006967656614170907,1.0
6.0,0.20126710688876742,9.0,0.005839173642455717,0.0008636725965058278,1.0
6.0,0.20126710688876742,10.0,0.0046823827609017345,0.14045973394204572,1.0
6.0,0.20126710688876742,11.0,0.002249575810922168,0.14298467660975167,1.0
6.0,0.20126710688876742,12.0,0.022613507025345175,0.0,0.0
6.0,0.20126710688876742,13.0,0.029977845223056993,0.0,0.0
6.0,0.20126710688876742,14.0,0.009198475457455437,0.007915035294701134,1.0
6.0,0.20126710688876742,15.0,0.03491892307956028,0.0,0.0
6.0,0.20126710688876742,16.0,0.049994682813952265,3.27248741493674e-08,0.0
6.0,0.20126710688876742,17.0,0.006431867621886255,0.0018238407117562815,1.0
6.0,0.20126710688876742,18.0,0.03322524542299586,3.633230750892876e-05,0.0
6.0,0.20126710688876742,19.0,0.004034476458161647,0.008078013935328312,1.0
6.0,0.20126710688876742,20.0,0.006950304125706302,0.4762308460140191,1.0
6.0,0.20126710688876742,21.0,0.029684316382544172,3.957785821062471e-06,0.0
6.0,0.20126710688876742,22.0,0.016237915496015984,0.0,0.0
6.0,0.20126710688876742,23.0,0.0338664786220116,0.00014697979453395755,0.0
6.0,0.20126710688876742,24.0,0.011536416389545941,0.00028655699232127044,0.0
6.0,0.20126710688876742,25.0,0.01131326144025858,0.027505659540840725,0.0
6.0,0.20126710688876742,26.0,0.010279937685863423,0.00014797119468254948,0.0
6.0,0.20126710688876742,27.0,0.0077594805588056745,0.10227204757451057,1.0
6.0,0.20126710688876742,28.0,0.011920277602191115,0.8832366545174634,1.0
6.0,0.20126710688876742,29.0,0.001531788188838311,0.011361015754541499,1.0
6.0,0.20126710688876742,30.0,0.00981706331629254,4.284006284736239e-05,1.0
6.0,0.20126710688876742,31.0,0.00455744875807247,0.14685782412176365,1.0
6.0,0.20126710688876742,32.0,0.005959391285343181,0.0005791853896123898,1.0
6.0,0.20126710688876742,33.0,0.0034042117107306396,0.008979984843664076,1.0
6.0,0.20126710688876742,34.0,0.003104826448809148,1.271168300348391,1.0
6.0,0.20126710688876742,35.0,0.028812776252305203,0.0009088565383562652,0.0
6.0,0.20126710688876742,36.0,0.04093940559905163,0.002372238098402724,0.0
6.0,0.20126710688876742,37.0,0.0024480576402439625,0.013443753434483563,1.0
6.0,0.20126710688876742,38.0,0.034242804880716744,0.09703199736812175,1.0
6.0,0.20126710688876742,39.0,0.003033945899205738,0.09606380062432955,1.0
6.0,0.20126710688876742,40.0,0.040595513352300217,0.0036261501523516017,0.0
6.0,0.20126710688876742,41.0,0.019253628654886838,0.0,0.0
6.0,0.20126710688876742,42.0,0.0044083512875422925,0.01348262408650099,1.0
6.0,0.20126710688876742,43.0,0.023031312617598314,0.018843195075477544,0.0
6.0,0.20126710688876742,44.0,0.006537714037134499,4.712048105754223,1.0
6.0,0.20126710688876742,45.0,0.03284649108107941,0.0,0.0
6.0,0.20126710688876742,46.0,0.009377878966070985,0.0,0.0
6.0,0.20126710688876742,47.0,0.00845127638639933,6.914238699802524,1.0
6.0,0.20126710688876742,48.0,0.007077816497107727,0.0003188842213535695,1.0
6.0,0.20126710688876742,49.0,0.029129869828156626,0.005108555373321974,0.0
6.0,0.20126710688876742,50.0,0.002659125470975453,0.3471142508928164,1.0
6.0,0.20126710688876742,51.0,0.009290230328252182,0.38368473114145935,1.0
6.0,0.20126710688876742,52.0,0.03220922309844935,0.0017927651875436,0.0
6.0,0.20126710688876742,53.0,0.005442743673970363,0.016193274128305745,1.0
6.0,0.20126710688876742,54.0,0.003018235630133252,1.5512643108293553,1.0
6.0,0.20126710688876742,55.0,0.010933315404703488,0.1886261467545696,1.0
6.0,0.20126710688876742,56.0,0.0021940435670706714,0.0010613150352468583,1.0
6.0,0.20126710688876742,57.0,0.0023783050008608607,1.1798058364451478,1.0
6.0,0.20126710688876742,58.0,0.024857797830674877,5.295212038740821e-06,0.0
6.0,0.20126710688876742,59.0,0.01416534780894797,0.0,0.0
6.0,0.20126710688876742,60.0,0.029408304843422817,0.0,0.0
6.0,0.20126710688876742,61.0,0.012381839039935949,0.0,0.0
6.0,0.20126710688876742,62.0,0.00457537996068793,0.9108575545463764,1.0
6.0,0.20126710688876742,63.0,0.02750820188610621,0.0,0.0
6.0,0.20126710688876742,64.0,0.008207234222404415,0.002396290905882595,0.0
6.0,0.20126710688876742,65.0,0.016776107866178943,0.0003127251493651343,0.0
6.0,0.20126710688876742,66.0,0.0036373614595253635,0.2752053562672726,1.0
6.0,0.20126710688876742,67.0,0.006391965857533129,0.04747036826847063,1.0
6.0,0.20126710688876742,68.0,0.012914942315980987,0.0,0.0
6.0,0.20126710688876742,69.0,0.062198215820911756,3.0475818002578873e-05,0.0
6.0,0.20126710688876742,70.0,0.010919125613333015,0.047991170269483435,1.0
6.0,0.20126710688876742,71.0,0.00680946461299,0.0013509429514369324,1.0
6.0,0.20126710688876742,72.0,0.014530424997362148,5.208322602642748,1.0
6.0,0.20126710688876742,73.0,0.021280551528449466,2.6024997057547023e-06,0.0
6.0,0.20126710688876742,74.0,0.0064943044130753415,0.0,0.0
6.0,0.20126710688876742,75.0,0.004773910967286847,1.8844651053757702,1.0
6.0,0.20126710688876742,76.0,0.0016289587240310346,2.421148314882419,1.0
6.0,0.20126710688876742,77.0,0.008165139355126704,0.037790328669511604,1.0
6.0,0.20126710688876742,78.0,0.015945397386373312,0.0,0.0
6.0,0.20126710688876742,79.0,0.04099729053934199,0.0,0.0
6.0,0.20126710688876742,80.0,0.012931791448650054,0.0,0.0
6.0,0.20126710688876742,81.0,0.011457152948001294,0.0009486765677028847,0.0
6.0,0.20126710688876742,82.0,0.006999115350785816,0.05194892212540451,1.0
6.0,0.20126710688876742,83.0,0.0017266491255126578,0.032157009823989405,1.0
6.0,0.20126710688876742,84.0,0.009273217169093285,2.3081776899358117,1.0
6.0,0.20126710688876742,85.0,0.03253713137883336,0.00044707629108911665,0.0
6.0,0.20126710688876742,86.0,0.0019932975917468267,0.0020134568551995794,1.0
6.0,0.20126710688876742,87.0,0.011716270260652209,0.003079225095887412,0.0
6.0,0.20126710688876742,88.0,0.011557026752326324,0.0017495718908387267,0.0
6.0,0.20126710688876742,89.0,0.001151749609265437,4.001334807522627,1.0
6.0,0.20126710688876742,90.0,0.0018406352647733105,0.004232468174750658,1.0
6.0,0.20126710688876742,91.0,0.003918498021934786,0.013013917453567189,1.0
6.0,0.20126710688876742,92.0,0.005006758186878405,2.269259008734125,1.0
6.0,0.20126710688876742,93.0,0.016454294102614113,0.0014132369228040294,0.0
6.0,0.20126710688876742,94.0,0.004432937609866806,0.0014163690945976353,1.0
6.0,0.20126710688876742,95.0,0.013171946422655584,0.019887094898358434,0.0
6.0,0.20126710688876742,96.0,0.028410468291494198,0.023867703845445495,0.0
6.0,0.20126710688876742,97.0,0.03191900534529972,0.00010453390108230725,0.0
6.0,0.20126710688876742,98.0,0.0028226933465707368,0.009693844680632755,1.0
6.0,0.20126710688876742,99.0,0.04199153344348569,0.020311415293527573,0.0
6.0,0.20126710688876742,100.0,0.0077148547113386375,0.01574253786925111,1.0
6.0,0.20126710688876742,101.0,0.0068152844037484665,0.02790767980327836,1.0
6.0,0.20126710688876742,102.0,0.021387597294993295,0.0007765577190253121,0.0
6.0,0.20126710688876742,103.0,0.00670744694969982,0.11470119304794725,1.0
6.0,0.20126710688876742,104.0,0.001068059209817013,0.0017642473444156822,1.0
6.0,0.20126710688876742,105.0,0.014819510187429115,0.0,0.0
6.0,0.20126710688876742,106.0,0.010850100776346752,0.5606652377166577,1.0
6.0,0.20126710688876742,107.0,0.03691261128523845,0.0,0.0
6.0,0.20126710688876742,108.0,0.008421437486803041,0.3616634427950466,1.0
6.0,0.20126710688876742,109.0,0.023171723357867477,0.0,0.0
6.0,0.20126710688876742,110.0,0.001244575882645555,0.00016142910892222043,1.0
6.0,0.20126710688876742,111.0,0.009605589256459214,1.8159096088981541,1.0
6.0,0.20126710688876742,112.0,0.006629703906832695,0.0015641471965805575,1.0
6.0,0.20126710688876742,113.0,0.018790899434231997,0.3787172023177267,1.0
6.0,0.20126710688876742,114.0,0.0024957276560243105,0.01696143497318989,1.0
6.0,0.20126710688876742,115.0,0.0020150304802844694,0.0017834681476217704,1.0
6.0,0.20126710688876742,116.0,0.011382372020280428,0.0,0.0
6.0,0.20126710688876742,117.0,0.04247045159356801,0.0,0.0
6.0,0.20126710688876742,118.0,0.04067407471688878,0.023043225167596836,0.0
6.0,0.20126710688876742,119.0,0.005029080294739879,0.002993741603928773,1.0
6.0,0.20126710688876742,120.0,0.00708298266439547,0.13631574132423013,1.0
6.0,0.20126710688876742,121.0,0.03517869710590164,0.04028659545907307,0.0
6.0,0.20126710688876742,122.0,0.004940172074241092,2.1159425126838727,1.0
6.0,0.20126710688876742,123.0,0.004119111805806754,0.012249467505816883,1.0
6.0,0.20126710688876742,124.0,0.002684626773682235,0.0055151738657065,1.0
6.0,0.20126710688876742,125.0,0.004422111315907867,0.00041858527516086856,1.0
6.0,0.20126710688876742,126.0,0.008184878596195207,0.4382287143565055,1.0
6.0,0.20126710688876742,127.0,0.032676259897653104,0.0199238194187847,0.0
6.0,0.20126710688876742,128.0,0.007931900172470386,1.5225282715960022,1.0
6.0,0.20126710688876742,129.0,0.003989319062669038,0.02056025193763287,1.0
6.0,0.20126710688876742,130.0,0.001640573040010348,0.0031934247684666877,1.0
6.0,0.20126710688876742,131.0,0.003631873563022981,0.006787679294891103,1.0
6.0,0.20126710688876742,132.0,0.02250070980239651,0.0,0.0
6.0,0.20126710688876742,133.0,0.004542809888096128,2.4571584953188985,1.0
6.0,0.20126710688876742,134.0,0.021167765167237777,2.9852979753665904e-05,0.0
6.0,0.20126710688876742,135.0,0.002636021597340188,0.011244593131563648,1.0
6.0,0.20126710688876742,136.0,0.0017906137538189484,0.16957184079653947,1.0
6.0,0.20126710688876742,137.0,0.0020165840014422023,0.0043883679981103095,1.0
6.0,0.20126710688876742,138.0,0.03401126453648239,0.01983475120373488,0.0
6.0,0.20126710688876742,139.0,0.014393432323935609,0.0,0.0
6.0,0.20126710688876742,140.0,0.00478648324267103,0.6169498595443467,1.0
6.0,0.20126710688876742,141.0,0.022291950683772724,0.0026193719667767955,0.0
6.0,0.20126710688876742,142.0,0.016387787959536975,0.0009476415237478394,0.0
6.0,0.20126710688876742,143.0,0.006407617613197739,0.014127146355290542,1.0
6.0,0.20126710688876742,144.0,0.0030436460823730412,0.0023636771553663684,1.0
6.0,0.20126710688876742,145.0,0.010752358655138624,0.0004977280399420877,0.0
6.0,0.20126710688876742,146.0,0.02154721424964002,0.0034655432587062523,0.0
6.0,0.20126710688876742,147.0,0.0082079876614487,0.014826340435703566,1.0
6.0,0.20126710688876742,148.0,0.004016071387579608,1.4096170154710168,1.0
6.0,0.20126710688876742,149.0,0.0034928291266689373,0.13515347255104115,1.0
6.0,0.20126710688876742,150.0,0.011000288627120838,0.0014130537398755214,0.0
6.0,0.20126710688876742,151.0,0.006276827599642909,0.011616632131300944,1.0
6.0,0.20126710688876742,152.0,0.01190161647216774,0.0005586793795685118,0.0
6.0,0.20126710688876742,153.0,0.010955971565959944,0.0,0.0
6.0,0.20126710688876742,154.0,0.03108231838794462,0.000818098722485738,0.0
6.0,0.20126710688876742,155.0,0.031972337340605506,0.0038672963446088424,0.0
6.0,0.20126710688876742,156.0,0.0065230679283010875,0.010188843271971301,1.0
6.0,0.20126710688876742,157.0,0.012142657425143037,0.0,0.0
6.0,0.20126710688876742,158.0,0.00795108506900656,0.01717656927836639,1.0
6.0,0.20126710688876742,159.0,0.07053268532395661,0.16248279499458046,1.0
6.0,0.20126710688876742,160.0,0.003508117940055331,0.8933368304334222,1.0
6.0,0.20126710688876742,161.0,0.029646492526179784,0.0,0.0
6.0,0.20126710688876742,162.0,0.002108382807119559,0.025302400111278392,1.0
6.0,0.20126710688876742,163.0,0.006302579981346807,0.00717040538741492,1.0
6.0,0.20126710688876742,164.0,0.021873431388121797,0.020053048788136615,0.0
6.0,0.20126710688876742,165.0,0.022946108384041333,5.20459521459265e-05,0.0
6.0,0.20126710688876742,166.0,0.005844505723397876,0.00042516835480880237,1.0
6.0,0.20126710688876742,167.0,0.005972446071407799,0.005359764652752361,1.0
6.0,0.20126710688876742,168.0,0.011870750757646155,0.0,0.0
6.0,0.20126710688876742,169.0,0.010608222430980214,3.2734726034715694e-05,0.0
6.0,0.20126710688876742,170.0,0.014466236411541157,0.022155783486034076,0.0
6.0,0.20126710688876742,171.0,0.002305790039953604,0.12549735825429062,1.0
6.0,0.20126710688876742,172.0,0.0018656044203009636,0.1503304927491368,1.0
6.0,0.20126710688876742,173.0,0.002824873065242802,0.029156311406447477,1.0
6.0,0.20126710688876742,174.0,0.011546862810649861,0.02539038975617189,0.0
6.0,0.20126710688876742,175.0,0.0014805430988890289,0.0016292018006800475,1.0
6.0,0.20126710688876742,176.0,0.002422343940582992,0.5205662509123976,1.0
6.0,0.20126710688876742,177.0,0.01053519440063877,0.013640236812128682,0.0
6.0,0.20126710688876742,178.0,0.007259522102122416,0.35025652485211495,1.0
6.0,0.20126710688876742,179.0,0.015160614358628376,0.08743705382421958,0.0
6.0,0.20126710688876742,180.0,0.007292606823277589,9.46503034170384,1.0
6.0,0.20126710688876742,181.0,0.021815788812629265,0.010035263329232524,0.0
6.0,0.20126710688876742,182.0,0.00515532873764925,0.08890614779175109,1.0
6.0,0.20126710688876742,183.0,0.015874208030275755,0.011023846821188905,0.0
6.0,0.20126710688876742,184.0,0.00631943042368451,1.0447284784953308e-05,1.0
6.0,0.20126710688876742,185.0,0.0029872960160745397,1.053026271803591,1.0
6.0,0.20126710688876742,186.0,0.015614361002186883,0.018928621479360776,0.0
6.0,0.20126710688876742,187.0,0.009706270947817511,2.3540227348999496e-06,0.0
6.0,0.20126710688876742,188.0,0.0024111912041563533,1.2604902718088815,1.0
6.0,0.20126710688876742,189.0,0.011917209237449402,1.3120065069194053e-05,0.0
6.0,0.20126710688876742,190.0,0.002793341635614033,0.004097136296394052,1.0
6.0,0.20126710688876742,191.0,0.006090121527407664,0.04946577561405019,1.0
6.0,0.20126710688876742,192.0,0.002060456853799144,0.03014308605670203,1.0
6.0,0.20126710688876742,193.0,0.0031574063051306427,0.011121759550173171,1.0
6.0,0.20126710688876742,194.0,0.011806353166503978,1.7391903566634095,1.0
6.0,0.20126710688876742,195.0,0.004973181273775823,0.017859036644912882,1.0
6.0,0.20126710688876742,196.0,0.0033346134311445777,0.003365559266173669,1.0
6.0,0.20126710688876742,197.0,0.0065102748488696325,0.001158485549850063,1.0
6.0,0.20126710688876742,198.0,0.00645485959651177,0.034393939015446906,1.0
6.0,0.20126710688876742,199.0,0.0415982440568128,0.000162749881849066,0.0
6.0,0.20126710688876742,200.0,0.0048206773889586125,0.11150678015191423,1.0
6.0,0.20126710688876742,201.0,0.029396444018294526,0.0,0.0
6.0,0.20126710688876742,202.0,0.03458395094790404,0.0,0.0
6.0,0.20126710688876742,203.0,0.001808470920921648,0.057062648208346306,1.0
6.0,0.20126710688876742,204.0,0.03251530071447984,9.640974369436251e-06,0.0
6.0,0.20126710688876742,205.0,0.010639650469183028,0.0,0.0
6.0,0.20126710688876742,206.0,0.006913390977257138,1.8480271901957326,1.0
6.0,0.20126710688876742,207.0,0.012071742052699693,0.0,0.0
6.0,0.20126710688876742,208.0,0.0011676378997936376,0.06778989339517481,1.0
6.0,0.20126710688876742,209.0,0.010877341414070017,0.08094850265923206,1.0
6.0,0.20126710688876742,210.0,0.014045159943673051,1.274468548401304e-05,1.0
6.0,0.20126710688876742,211.0,0.011964035952143856,0.9656501770334232,1.0
6.0,0.20126710688876742,212.0,0.006853474015715933,3.025627945442809,1.0
6.0,0.20126710688876742,213.0,0.027723191070308163,0.0,0.0
6.0,0.20126710688876742,214.0,0.012199287979117242,0.0007107008028172508,0.0
6.0,0.20126710688876742,215.0,0.036054223498435456,0.0002618764456865577,0.0
6.0,0.20126710688876742,216.0,0.007372066256905418,0.0001719291432782609,1.0
6.0,0.20126710688876742,217.0,0.0026027702297149245,3.6890880467032456,1.0
6.0,0.20126710688876742,218.0,0.008224086353289181,0.04475209183042784,1.0
6.0,0.20126710688876742,219.0,0.03988845417444868,0.0,0.0
6.0,0.20126710688876742,220.0,0.021860102516369842,0.0021747555351207377,0.0
6.0,0.20126710688876742,221.0,0.0036978740853209364,0.09311920299601281,1.0
6.0,0.20126710688876742,222.0,0.01975225686514162,0.0008235361002353694,1.0
6.0,0.20126710688876742,223.0,0.007169179336030407,0.020508248992020698,1.0
6.0,0.20126710688876742,224.0,0.01783696237448523,1.7723501218194308e-05,1.0
6.0,0.20126710688876742,225.0,0.021344246398004155,0.0,0.0
6.0,0.20126710688876742,226.0,0.0037311051686627177,0.9371752553536788,1.0
6.0,0.20126710688876742,227.0,0.01509750407507893,1.5663860596869073e-05,0.0
6.0,0.20126710688876742,228.0,0.005548409937634965,0.12933499404969073,1.0
6.0,0.20126710688876742,229.0,0.003637892995476083,0.0010623917942221112,1.0
6.0,0.20126710688876742,230.0,0.006923187548325801,0.0007024967730433369,1.0
6.0,0.20126710688876742,231.0,0.018728087159868293,4.556756368376891e-05,0.0
6.0,0.20126710688876742,232.0,0.01150126861019012,0.0,0.0
6.0,0.20126710688876742,233.0,0.02436405923329289,0.0013507931406166749,0.0
6.0,0.20126710688876742,234.0,0.0022859119535844985,0.00046773588146404644,1.0
6.0,0.20126710688876742,235.0,0.01566124502152688,0.006185695758059794,0.0
6.0,0.20126710688876742,236.0,0.01569475316859495,1.7294364887742397e-05,0.0
6.0,0.20126710688876742,237.0,0.0030699466217384112,2.9094751055383585,1.0
6.0,0.20126710688876742,238.0,0.0015715911683054857,1.0834663518605868e-05,1.0
6.0,0.20126710688876742,239.0,0.033927602565006834,0.0,0.0
6.0,0.20126710688876742,240.0,0.0029442721903337873,0.0019898706530248156,1.0
6.0,0.20126710688876742,241.0,0.015927407553629223,0.0012719511742644582,0.0
6.0,0.20126710688876742,242.0,0.010375203808268955,0.2669512994160655,1.0
6.0,0.20126710688876742,243.0,0.0059303740215595705,0.003953635716066569,1.0
6.0,0.20126710688876742,244.0,0.03387452097314915,0.0,0.0
6.0,0.20126710688876742,245.0,0.04249150972331338,0.0,0.0
6.0,0.20126710688876742,246.0,0.030858200466483535,8.623541609861686e-06,0.0
6.0,0.20126710688876742,247.0,0.009680778184953803,0.01984495487581119,0.0
6.0,0.20126710688876742,248.0,0.01095250943913658,0.04456354893356288,1.0
6.0,0.20126710688876742,249.0,0.008244838132480682,0.02018225583391569,1.0
6.0,0.20126710688876742,250.0,0.03426085083095148,0.0,0.0
6.0,0.20126710688876742,251.0,0.020926810883223127,9.474972988442556,1.0
6.0,0.20126710688876742,252.0,0.0018557409410638057,0.007697968530114417,1.0
6.0,0.20126710688876742,253.0,0.029374824449137818,0.01148523840967725,0.0
6.0,0.20126710688876742,254.0,0.002151191525617841,0.049681968072535394,1.0
6.0,0.20126710688876742,255.0,0.016694625145104076,0.0,0.0
6.0,0.20126710688876742,256.0,0.003929852152706017,0.0007237776326943966,1.0
6.0,0.20126710688876742,257.0,0.005375950499048834,0.12713304832888678,1.0
6.0,0.20126710688876742,258.0,0.010730019848423549,1.9947302824496792e-05,0.0
6.0,0.20126710688876742,259.0,0.021540757910542312,2.3446319659117596e-06,0.0
6.0,0.20126710688876742,260.0,0.02931383665633091,0.0,0.0
6.0,0.20126710688876742,261.0,0.0015708132026798355,0.00038481888762304417,1.0
6.0,0.20126710688876742,262.0,0.012410816699114594,8.855776834476663e-06,0.0
6.0,0.20126710688876742,263.0,0.005863437633273606,0.027272749891228177,1.0
6.0,0.20126710688876742,264.0,0.010453324995739135,0.0009259231460085042,0.0
6.0,0.20126710688876742,265.0,0.0015648377450174183,0.12445504782952226,1.0
6.0,0.20126710688876742,266.0,0.011420551477222294,0.008654906125306686,1.0
6.0,0.20126710688876742,267.0,0.004831454314827003,0.0015498617466383352,1.0
6.0,0.20126710688876742,268.0,0.03907119087400293,7.644735107789346e-05,0.0
6.0,0.20126710688876742,269.0,0.00667218558624875,0.02783874232641467,1.0
6.0,0.20126710688876742,270.0,0.002204535478690241,0.007141486305376403,1.0
6.0,0.20126710688876742,271.0,0.0017362912528110712,0.0012910116876133587,1.0
6.0,0.20126710688876742,272.0,0.007005008973520683,0.0001838865172406574,1.0
6.0,0.20126710688876742,273.0,0.005871372908643127,0.09860162655745552,1.0
6.0,0.20126710688876742,274.0,0.03159530921417409,0.02417213987216309,0.0
6.0,0.20126710688876742,275.0,0.002183438294808652,2.4043765210296373,1.0
6.0,0.20126710688876742,276.0,0.03123782402188966,0.00019263505445360065,0.0
6.0,0.20126710688876742,277.0,0.0030795009527516573,9.505376855824234e-05,1.0
6.0,0.20126710688876742,278.0,0.03230890435101391,0.0,0.0
6.0,0.20126710688876742,279.0,0.001596719663160509,0.0020405892551730595,1.0
6.0,0.20126710688876742,280.0,0.0410689779911072,2.567650284005804e-05,0.0
6.0,0.20126710688876742,281.0,0.012600356500718297,0.0,0.0
6.0,0.20126710688876742,282.0,0.005464157912548037,0.07644234850656785,1.0
6.0,0.20126710688876742,283.0,0.006861061516979273,6.348966528278499,1.0
6.0,0.20126710688876742,284.0,0.03807865605908067,0.0,0.0
6.0,0.20126710688876742,285.0,0.021701416343478816,0.0,0.0
6.0,0.20126710688876742,286.0,0.0028376156495221335,8.168099427795832,1.0
6.0,0.20126710688876742,287.0,0.0054383822263182405,0.004080572327546768,1.0
6.0,0.20126710688876742,288.0,0.016320301459597616,0.002074866211578125,0.0
6.0,0.20126710688876742,289.0,0.021990498078474578,7.880871255571226e-06,0.0
6.0,0.20126710688876742,290.0,0.006311816621180727,0.0356288656517172,1.0
6.0,0.20126710688876742,291.0,0.0020582982389827863,0.0514460998228672,1.0
6.0,0.20126710688876742,292.0,0.0028368668968473346,0.03203494363163019,1.0
6.0,0.20126710688876742,293.0,0.011748026343989077,0.007436700029538935,0.0
6.0,0.20126710688876742,294.0,0.006637975955845761,0.07832807899587658,1.0
6.0,0.20126710688876742,295.0,0.0057620144278334616,2.7821321364246422e-05,0.0
6.0,0.20126710688876742,296.0,0.04033652771501287,5.32017165098548e-06,0.0
6.0,0.20126710688876742,297.0,0.005763097012344985,0.00052045684119567,1.0
6.0,0.20126710688876742,298.0,0.02194834248408482,1.0902755593057858e-06,0.0
6.0,0.20126710688876742,299.0,0.0014791512106377453,0.18774306024821225,1.0
6.0,0.20126710688876742,300.0,0.03330371335815522,0.0,0.0
6.0,0.20126710688876742,301.0,0.021849818603244614,0.0,0.0
6.0,0.20126710688876742,302.0,0.0025253733733370874,0.004702726931706602,1.0
6.0,0.20126710688876742,303.0,0.010825355775882336,0.10422368781396321,1.0
6.0,0.20126710688876742,304.0,0.016518394461723006,0.01916028957570421,0.0
6.0,0.20126710688876742,305.0,0.006058564120646236,0.015682139486499404,1.0
6.0,0.20126710688876742,306.0,0.02366595586040888,0.0003326520129849446,0.0
6.0,0.20126710688876742,307.0,0.022418422295394078,0.0,0.0
6.0,0.20126710688876742,308.0,0.0035412055295801414,0.30396490163233675,1.0
6.0,0.20126710688876742,309.0,0.003052771389520473,2.73214081539912,1.0
6.0,0.20126710688876742,310.0,0.010169188335442553,7.762170322490862e-05,0.0
6.0,0.20126710688876742,311.0,0.0020160909843808215,0.0018912015330374054,1.0
6.0,0.20126710688876742,312.0,0.028506010388540618,0.0,0.0
6.0,0.20126710688876742,313.0,0.021725952690810266,0.0008520375279166257,0.0
6.0,0.20126710688876742,314.0,0.033282857699257505,0.0,0.0
6.0,0.20126710688876742,315.0,0.006570511596849726,0.299400740277068,1.0
6.0,0.20126710688876742,316.0,0.007490207685807115,0.009242738905897399,1.0
6.0,0.20126710688876742,317.0,0.0015403575606141701,5.641618407961572e-05,1.0
6.0,0.20126710688876742,318.0,0.004066505460924777,1.5338314132720816,1.0
6.0,0.20126710688876742,319.0,0.011010476232511938,2.3750667887623724e-05,0.0
6.0,0.20126710688876742,320.0,0.008267366525145974,0.24272659088257836,1.0
6.0,0.20126710688876742,321.0,0.0039405525986560015,0.032838181435715826,1.0
6.0,0.20126710688876742,322.0,0.0015186658604871576,0.034256180218567626,1.0
6.0,0.20126710688876742,323.0,0.009378368430266137,0.0,0.0
6.0,0.20126710688876742,324.0,0.02221371368904148,0.0,0.0
6.0,0.20126710688876742,325.0,0.02110257005041083,3.987018683257799e-06,0.0
6.0,0.20126710688876742,326.0,0.015796459857666808,0.0003710419575999785,0.0
6.0,0.20126710688876742,327.0,0.005903292394051297,0.07870388441064811,1.0
6.0,0.20126710688876742,328.0,0.012581736767869108,0.010972410917377747,0.0
6.0,0.20126710688876742,329.0,0.004557318913583337,0.004509535080206079,1.0
6.0,0.20126710688876742,330.0,0.011751729776195168,0.0003996169627857673,0.0
6.0,0.20126710688876742,331.0,0.007663600205968712,0.0,0.0
6.0,0.20126710688876742,332.0,0.004086036888210816,0.20010159455161472,1.0
6.0,0.20126710688876742,333.0,0.003706990947252583,0.0009559639631354994,1.0
6.0,0.20126710688876742,334.0,0.00677761530175211,0.07030499396166165,1.0
6.0,0.20126710688876742,335.0,0.005816732202925185,0.007846449114698843,1.0
6.0,0.20126710688876742,336.0,0.032952486002391444,2.6344832116246717e-06,0.0
6.0,0.20126710688876742,337.0,0.006482372221747987,0.00651663504702133,1.0
6.0,0.20126710688876742,338.0,0.0333915737753588,0.00021512078054243268,0.0
6.0,0.20126710688876742,339.0,0.0044740048032394664,0.16546928199823716,1.0
6.0,0.20126710688876742,340.0,0.01186081042956669,0.0,0.0
6.0,0.20126710688876742,341.0,0.01069097241677608,0.0,0.0
6.0,0.20126710688876742,342.0,0.015690198165248012,4.319455977056628e-05,0.0
6.0,0.20126710688876742,343.0,0.041796896820423556,0.0008478485113256332,0.0
6.0,0.20126710688876742,344.0,0.006419988895970364,0.001796182378953683,1.0
6.0,0.20126710688876742,345.0,0.0015017530420825985,0.02144540230296704,1.0
6.0,0.20126710688876742,346.0,0.0020843667563347837,0.0007680864691781709,1.0
6.0,0.20126710688876742,347.0,0.022439284615474567,0.0,0.0
6.0,0.20126710688876742,348.0,0.016317974460570872,0.0,0.0
6.0,0.20126710688876742,349.0,0.031407828118901124,0.00023407066284978826,0.0
6.0,0.20126710688876742,350.0,0.011788883363428045,4.001684206917666e-05,0.0
6.0,0.20126710688876742,351.0,0.007013665460271872,2.0266551988149657,1.0
6.0,0.20126710688876742,352.0,0.012318029101621789,0.0,0.0
6.0,0.20126710688876742,353.0,0.010551362127358705,0.0010770525758082247,0.0
6.0,0.20126710688876742,354.0,0.001950794623587555,0.020386692698309804,1.0
6.0,0.20126710688876742,355.0,0.03535102907579314,0.0,0.0
6.0,0.20126710688876742,356.0,0.03341031844692596,0.00042101348766025547,0.0
6.0,0.20126710688876742,357.0,0.006522968319740534,0.0026309703703763956,1.0
6.0,0.20126710688876742,358.0,0.04144401844529082,0.0016546646001072262,0.0
6.0,0.20126710688876742,359.0,0.03303521271410668,0.0005373148813443292,0.0
6.0,0.20126710688876742,360.0,0.0027177862218088922,0.08251685233725645,1.0
6.0,0.20126710688876742,361.0,0.003714369729723514,0.027482120291798064,1.0
6.0,0.20126710688876742,362.0,0.0017671590107841936,0.031106955472949102,1.0
6.0,0.20126710688876742,363.0,0.011388109894862858,0.0,0.0
6.0,0.20126710688876742,364.0,0.006751987226963488,0.0023372186772923358,1.0
6.0,0.20126710688876742,365.0,0.006930432797632637,0.043234805596886146,1.0
6.0,0.20126710688876742,366.0,0.035155420707184186,4.205695779247968e-06,0.0
6.0,0.20126710688876742,367.0,0.015017815274080136,7.800238388538319e-07,0.0
6.0,0.20126710688876742,368.0,0.04125139876038507,0.0030451531144628985,0.0
6.0,0.20126710688876742,369.0,0.01037190061341186,0.00013878059728620067,0.0
6.0,0.20126710688876742,370.0,0.0034951397028239978,0.013799006141150446,1.0
6.0,0.20126710688876742,371.0,0.012690603455938223,6.791236600725597e-05,0.0
6.0,0.20126710688876742,372.0,0.007998838492216338,0.05839121727907519,1.0
6.0,0.20126710688876742,373.0,0.011988197197246234,1.0627531009067037,1.0
6.0,0.20126710688876742,374.0,0.030052755905196127,0.0,0.0
6.0,0.20126710688876742,375.0,0.001232517776653944,0.006687147064561107,1.0
6.0,0.20126710688876742,376.0,0.00670777271028408,3.2596417698247118,1.0
6.0,0.20126710688876742,377.0,0.0028768935830078162,6.53825179150225,1.0
6.0,0.20126710688876742,378.0,0.012160772320037996,0.0,0.0
6.0,0.20126710688876742,379.0,0.011332463990048953,0.0,0.0
6.0,0.20126710688876742,380.0,0.0049014167115958174,0.16034507921067995,1.0
6.0,0.20126710688876742,381.0,0.0015549253721089452,0.9613219088793198,1.0
6.0,0.20126710688876742,382.0,0.022266303141110076,0.0,0.0
6.0,0.20126710688876742,383.0,0.0028989776096496776,0.2770332638640032,1.0
6.0,0.20126710688876742,384.0,0.004341096648553497,0.0011326135580174712,1.0
6.0,0.20126710688876742,385.0,0.03360479587263286,0.006117148893007938,0.0
6.0,0.20126710688876742,386.0,0.007237813272849837,0.18788145196303363,1.0
6.0,0.20126710688876742,387.0,0.007931672444801712,8.620235018285036e-06,1.0
6.0,0.20126710688876742,388.0,0.0021828926107262327,0.002814609932740751,1.0
6.0,0.20126710688876742,389.0,0.0042021994385793935,0.22025858276926152,1.0
6.0,0.20126710688876742,390.0,0.004112687891227517,0.003820872123447733,1.0
6.0,0.20126710688876742,391.0,0.021565683413593464,0.0,0.0
6.0,0.20126710688876742,392.0,0.022579449834133826,0.006373292158850806,0.0
6.0,0.20126710688876742,393.0,0.011798056466632977,0.0,0.0
6.0,0.20126710688876742,394.0,0.0025534762430944706,4.156772319422552,1.0
6.0,0.20126710688876742,395.0,0.0159283518894285,7.505805056002688e-07,0.0
6.0,0.20126710688876742,396.0,0.012112403870804714,0.00044979091003991445,0.0
6.0,0.20126710688876742,397.0,0.003423200999388735,0.26952500708854593,1.0
6.0,0.20126710688876742,398.0,0.0023983836554802265,0.03673701015474428,1.0
6.0,0.20126710688876742,399.0,0.006851457727802223,0.001954351308524202,1.0
6.0,0.26835614251835654,0.0,0.007899466190033136,0.024115167024230996,1.0
6.0,0.26835614251835654,1.0,0.0016954303527252751,0.0577491026319675,1.0
6.0,0.26835614251835654,2.0,0.0020893298011082466,0.0031330413188256903,1.0
6.0,0.26835614251835654,3.0,0.004068777307060703,0.0011113431198498595,1.0
6.0,0.26835614251835654,4.0,0.0035745835366101887,0.002195003039808485,1.0
6.0,0.26835614251835654,5.0,0.018205188992950483,0.0005892839486263114,0.0
6.0,0.26835614251835654,6.0,0.01081931124277338,0.0,0.0
6.0,0.26835614251835654,7.0,0.040990046582676395,0.0,0.0
6.0,0.26835614251835654,8.0,0.007474008916603159,0.006967656614170907,1.0
6.0,0.26835614251835654,9.0,0.005016271984083441,0.001205894943152509,1.0
6.0,0.26835614251835654,10.0,0.004523357826659457,0.6082230586913121,1.0
6.0,0.26835614251835654,11.0,0.002249575810922168,0.14298467660975167,1.0
6.0,0.26835614251835654,12.0,0.029855727241398268,0.0,0.0
6.0,0.26835614251835654,13.0,0.038037658667227026,0.0,0.0
6.0,0.26835614251835654,14.0,0.009198475457455437,0.007915035294701134,1.0
6.0,0.26835614251835654,15.0,0.04270258236443429,0.0,0.0
6.0,0.26835614251835654,16.0,0.05869127874187693,3.2545303144484443e-08,0.0
6.0,0.26835614251835654,17.0,0.006431867621886255,0.0018238407117562815,1.0
6.0,0.26835614251835654,18.0,0.0412696027838349,3.598803606767716e-05,0.0
6.0,0.26835614251835654,19.0,0.004125869259807811,0.009119208377699516,1.0
6.0,0.26835614251835654,20.0,0.006970084327689851,0.41270146150477954,1.0
6.0,0.26835614251835654,21.0,0.03765246382769612,3.957785821062471e-06,0.0
6.0,0.26835614251835654,22.0,0.022154869057367802,0.0,0.0
6.0,0.26835614251835654,23.0,0.041902462670975665,0.00012453156511115908,0.0
6.0,0.26835614251835654,24.0,0.011536416389545941,0.00028655699232127044,0.0
6.0,0.26835614251835654,25.0,0.01131326144025858,0.027505659540840725,0.0
6.0,0.26835614251835654,26.0,0.015101346869678393,0.00014520824220181218,0.0
6.0,0.26835614251835654,27.0,0.009329512081259948,0.32368766955259415,1.0
6.0,0.26835614251835654,28.0,0.012455388621855669,0.6435604374562602,1.0
6.0,0.26835614251835654,29.0,0.001531788188838311,0.011361015754541499,1.0
6.0,0.26835614251835654,30.0,0.009596401238387862,5.673661731569348e-05,1.0
6.0,0.26835614251835654,31.0,0.006796796232281762,0.3120467985450163,1.0
6.0,0.26835614251835654,32.0,0.005452603963404756,0.002497892425499039,1.0
6.0,0.26835614251835654,33.0,0.0043271747000895484,0.007973221015769062,1.0
6.0,0.26835614251835654,34.0,0.003923831615201515,1.1520212878912397,1.0
6.0,0.26835614251835654,35.0,0.032146558205303905,0.0009088565383562652,0.0
6.0,0.26835614251835654,36.0,0.04093940559905163,0.002372238098402724,0.0
6.0,0.26835614251835654,37.0,0.020476911544585683,0.0006477253662854637,0.0
6.0,0.26835614251835654,38.0,0.04381811571892785,0.12136877089117948,1.0
6.0,0.26835614251835654,39.0,0.002779752848573072,0.14018613596220084,1.0
6.0,0.26835614251835654,40.0,0.040595513352300217,0.0036261501523516017,0.0
6.0,0.26835614251835654,41.0,0.025865138278792194,0.0,0.0
6.0,0.26835614251835654,42.0,0.01730318466893005,0.003522126788399558,0.0
6.0,0.26835614251835654,43.0,0.03031694318052894,0.018749996805965206,0.0
6.0,0.26835614251835654,44.0,0.004914403111898886,2.2745427564540996,1.0
6.0,0.26835614251835654,45.0,0.04081344831611237,0.0,0.0
6.0,0.26835614251835654,46.0,0.012950463341240039,0.0,0.0
6.0,0.26835614251835654,47.0,0.011437490150958558,8.391242775347992,1.0
6.0,0.26835614251835654,48.0,0.007077816497107727,0.0003188842213535695,1.0
6.0,0.26835614251835654,49.0,0.030411713383798045,0.005108555373321974,0.0
6.0,0.26835614251835654,50.0,0.003373374562397869,0.3380481006092424,1.0
6.0,0.26835614251835654,51.0,0.009936218738608109,0.43994013061471177,1.0
6.0,0.26835614251835654,52.0,0.0401452468169143,0.0017817649089878597,0.0
6.0,0.26835614251835654,53.0,0.0063391250702243525,0.015065223098133703,1.0
6.0,0.26835614251835654,54.0,0.0036531128312683346,1.4322971952446693,1.0
6.0,0.26835614251835654,55.0,0.010933315404703488,0.1886261467545696,1.0
6.0,0.26835614251835654,56.0,0.003849945206679246,0.0008977221554445289,1.0
6.0,0.26835614251835654,57.0,0.002983658211092692,0.9701306773943982,1.0
6.0,0.26835614251835654,58.0,0.04194122356698665,2.803736108627872e-06,0.0
6.0,0.26835614251835654,59.0,0.019774848892808956,0.0,0.0
6.0,0.26835614251835654,60.0,0.040724283399828365,0.0,0.0
6.0,0.26835614251835654,61.0,0.017477504002009578,0.0,0.0
6.0,0.26835614251835654,62.0,0.004742053666906539,0.9631886767237465,1.0
6.0,0.26835614251835654,63.0,0.03436992822435631,0.0,0.0
6.0,0.26835614251835654,64.0,0.011793662460315933,0.002396290905882595,0.0
6.0,0.26835614251835654,65.0,0.022989306333478583,0.00031258716480752583,0.0
6.0,0.26835614251835654,66.0,0.005884185394784603,0.6108098673042396,1.0
6.0,0.26835614251835654,67.0,0.006827426964910725,0.046065334870819034,1.0
6.0,0.26835614251835654,68.0,0.018138218253343774,0.0,0.0
6.0,0.26835614251835654,69.0,0.08018073177864281,3.0403486227697648e-05,0.0
6.0,0.26835614251835654,70.0,0.010919125613333015,0.047991170269483435,1.0
6.0,0.26835614251835654,71.0,0.00608626363936238,0.001526779302166217,1.0
6.0,0.26835614251835654,72.0,0.014530424997362148,5.208322602642748,1.0
6.0,0.26835614251835654,73.0,0.02821440701141807,2.4791686854248295e-06,0.0
6.0,0.26835614251835654,74.0,0.01663019818901185,0.0,0.0
6.0,0.26835614251835654,75.0,0.006148794203104332,1.5978938735821555,1.0
6.0,0.26835614251835654,76.0,0.002286477642496592,2.4207079136965026,1.0
6.0,0.26835614251835654,77.0,0.0014284020361236141,0.10679722741914857,1.0
6.0,0.26835614251835654,78.0,0.015945397386373312,0.0,0.0
6.0,0.26835614251835654,79.0,0.04099729053934199,0.0,0.0
6.0,0.26835614251835654,80.0,0.01813454790111034,0.0,0.0
6.0,0.26835614251835654,81.0,0.011457152948001294,0.0009486765677028847,0.0
6.0,0.26835614251835654,82.0,0.007047233711356994,0.04744448637075066,1.0
6.0,0.26835614251835654,83.0,0.0017266491255126578,0.032157009823989405,1.0
6.0,0.26835614251835654,84.0,0.01356806632693847,2.5520361258811795,1.0
6.0,0.26835614251835654,85.0,0.04026318738925264,0.00044632714094752833,0.0
6.0,0.26835614251835654,86.0,0.0019932975917468267,0.0020134568551995794,1.0
6.0,0.26835614251835654,87.0,0.011716270260652209,0.003079225095887412,0.0
6.0,0.26835614251835654,88.0,0.01661367143812046,0.0017474972323373627,0.0
6.0,0.26835614251835654,89.0,0.0014389001430116623,3.4500517977031357,1.0
6.0,0.26835614251835654,90.0,0.0019476600618302678,0.0042310758916197155,1.0
6.0,0.26835614251835654,91.0,0.0024953217703642854,0.013170235371184181,1.0
6.0,0.26835614251835654,92.0,0.004953626594042285,2.268404471835031,1.0
6.0,0.26835614251835654,93.0,0.022475526406848113,0.001409196944251435,0.0
6.0,0.26835614251835654,94.0,0.004707744998279495,0.0012768284177346653,1.0
6.0,0.26835614251835654,95.0,0.018508540196983125,0.01977068287165709,0.0
6.0,0.26835614251835654,96.0,0.036322997109379966,0.023867703845445495,0.0
6.0,0.26835614251835654,97.0,0.03949034632191665,8.543404602437287e-05,0.0
6.0,0.26835614251835654,98.0,0.0037795608646187485,0.05462578643153247,1.0
6.0,0.26835614251835654,99.0,0.04199153344348569,0.020311415293527573,0.0
6.0,0.26835614251835654,100.0,0.0077148547113386375,0.01574253786925111,1.0
6.0,0.26835614251835654,101.0,0.0071549010144124564,0.02679264472327891,1.0
6.0,0.26835614251835654,102.0,0.028314064956699754,0.0007267236715300615,0.0
6.0,0.26835614251835654,103.0,0.029386540827789055,0.0011049498171792401,0.0
6.0,0.26835614251835654,104.0,0.001068059209817013,0.0017642473444156822,1.0
6.0,0.26835614251835654,105.0,0.019256977450589255,0.0,0.0
6.0,0.26835614251835654,106.0,0.010850100776346752,0.5606652377166577,1.0
6.0,0.26835614251835654,107.0,0.038665743252439974,0.0,0.0
6.0,0.26835614251835654,108.0,0.008421437486803041,0.3616634427950466,1.0
6.0,0.26835614251835654,109.0,0.026387603415621345,0.0,0.0
6.0,0.26835614251835654,110.0,0.0017411540390796074,0.0004703588706365021,1.0
6.0,0.26835614251835654,111.0,0.010591193586058121,1.8899470787406283,1.0
6.0,0.26835614251835654,112.0,0.006756925504111567,0.0015307010186009597,1.0
6.0,0.26835614251835654,113.0,0.041315070796786174,0.010705226078696412,0.0
6.0,0.26835614251835654,114.0,0.004973010273181219,0.017717456040113932,1.0
6.0,0.26835614251835654,115.0,0.0011682790964572531,0.008485879554530883,1.0
6.0,0.26835614251835654,116.0,0.01639547878717418,0.0,0.0
6.0,0.26835614251835654,117.0,0.04247045159356801,0.0,0.0
6.0,0.26835614251835654,118.0,0.04067407471688878,0.023043225167596836,0.0
6.0,0.26835614251835654,119.0,0.005976178989175927,0.002802352357204559,1.0
6.0,0.26835614251835654,120.0,0.007410250406281364,0.13613997453422014,1.0
6.0,0.26835614251835654,121.0,0.040995508347392406,0.03993250423851497,0.0
6.0,0.26835614251835654,122.0,0.006482802113103904,2.741199466991829,1.0
6.0,0.26835614251835654,123.0,0.004563475533956541,0.01766570854702996,1.0
6.0,0.26835614251835654,124.0,0.0023862303670265017,0.00484480091966038,1.0
6.0,0.26835614251835654,125.0,0.004035794771257557,0.0003921238347211977,1.0
6.0,0.26835614251835654,126.0,0.007434035115774545,0.6561060604065985,1.0
6.0,0.26835614251835654,127.0,0.04071761138613226,0.01988720953718994,0.0
6.0,0.26835614251835654,128.0,0.007931900172470386,1.5225282715960022,1.0
6.0,0.26835614251835654,129.0,0.005978519457079444,0.017210703612164365,1.0
6.0,0.26835614251835654,130.0,0.0017234976108933624,0.0033874207554446677,1.0
6.0,0.26835614251835654,131.0,0.0037812716173421536,0.006782177669070172,1.0
6.0,0.26835614251835654,132.0,0.029563625490765535,0.0,0.0
6.0,0.26835614251835654,133.0,0.005160614332441078,2.108480643731403,1.0
6.0,0.26835614251835654,134.0,0.028032117938279724,2.8061224017116104e-05,0.0
6.0,0.26835614251835654,135.0,0.0026665546687314684,0.013777919104078941,1.0
6.0,0.26835614251835654,136.0,0.0017906137538189484,0.16957184079653947,1.0
6.0,0.26835614251835654,137.0,0.0020165840014422023,0.0043883679981103095,1.0
6.0,0.26835614251835654,138.0,0.04176465603794656,0.01975538671171347,0.0
6.0,0.26835614251835654,139.0,0.020326363486094123,0.0,0.0
6.0,0.26835614251835654,140.0,0.005828606656457917,0.5528369076142409,1.0
6.0,0.26835614251835654,141.0,0.02929612512693982,0.002619127893346018,0.0
6.0,0.26835614251835654,142.0,0.016387787959536975,0.0009476415237478394,0.0
6.0,0.26835614251835654,143.0,0.006407617613197739,0.012800808244910677,1.0
6.0,0.26835614251835654,144.0,0.0030436460823730412,0.0023636771553663684,1.0
6.0,0.26835614251835654,145.0,0.015602669447121392,0.0004976160167759244,0.0
6.0,0.26835614251835654,146.0,0.028494131138417658,0.003438083437163617,0.0
6.0,0.26835614251835654,147.0,0.006134345238854783,0.11923364204255896,1.0
6.0,0.26835614251835654,148.0,0.005127763111922332,1.3186589698354687,1.0
6.0,0.26835614251835654,149.0,0.0034928291266689373,0.13515347255104115,1.0
6.0,0.26835614251835654,150.0,0.015962345942157213,0.001361264088889613,0.0
6.0,0.26835614251835654,151.0,0.006770510739328491,0.011425194964079444,1.0
6.0,0.26835614251835654,152.0,0.014849474701116062,0.0005605921639851579,0.0
6.0,0.26835614251835654,153.0,0.016155115534275823,0.0,0.0
6.0,0.26835614251835654,154.0,0.03891027061101071,0.0008167254532986781,0.0
6.0,0.26835614251835654,155.0,0.03260880455341035,0.0038866550393085605,0.0
6.0,0.26835614251835654,156.0,0.0065230679283010875,0.010188843271971301,1.0
6.0,0.26835614251835654,157.0,0.012142657425143037,0.0,0.0
6.0,0.26835614251835654,158.0,0.013689438009296243,0.01713066770818885,1.0
6.0,0.26835614251835654,159.0,0.07920644733723343,0.15443359759779474,1.0
6.0,0.26835614251835654,160.0,0.005285665914475291,0.7636764254180312,1.0
6.0,0.26835614251835654,161.0,0.03304600816503643,0.0,0.0
6.0,0.26835614251835654,162.0,0.002762520289505013,0.02815697733366237,1.0
6.0,0.26835614251835654,163.0,0.006469327745747459,0.0066527121773286325,1.0
6.0,0.26835614251835654,164.0,0.03947396065841219,0.019759490947593262,0.0
6.0,0.26835614251835654,165.0,0.02600882457063404,5.20459521459265e-05,0.0
6.0,0.26835614251835654,166.0,0.005500566843962535,0.0004745375515687847,1.0
6.0,0.26835614251835654,167.0,0.007143173618895498,0.0056477788527462625,1.0
6.0,0.26835614251835654,168.0,0.011870750757646155,0.0,0.0
6.0,0.26835614251835654,169.0,0.015447732207035427,2.976332777657702e-05,0.0
6.0,0.26835614251835654,170.0,0.014466236411541157,0.022155783486034076,0.0
6.0,0.26835614251835654,171.0,0.001990932086598711,0.10320375920842778,1.0
6.0,0.26835614251835654,172.0,0.0022177027458186145,0.13521673205756632,1.0
6.0,0.26835614251835654,173.0,0.001563891845809178,0.024821066701919324,1.0
6.0,0.26835614251835654,174.0,0.011546862810649861,0.02539038975617189,0.0
6.0,0.26835614251835654,175.0,0.0014805430988890289,0.0016292018006800475,1.0
6.0,0.26835614251835654,176.0,0.0031485837996887084,0.46173839917520004,1.0
6.0,0.26835614251835654,177.0,0.015420255064987615,0.013639882297748143,0.0
6.0,0.26835614251835654,178.0,0.00998036371768101,0.41156873588086723,1.0
6.0,0.26835614251835654,179.0,0.02090294497331551,0.06793160593496646,0.0
6.0,0.26835614251835654,180.0,0.00743175782186223,8.590070369261,1.0
6.0,0.26835614251835654,181.0,0.028784824309958396,0.00898217602835036,0.0
6.0,0.26835614251835654,182.0,0.0057658698053045946,0.08250695210627959,1.0
6.0,0.26835614251835654,183.0,0.015874208030275755,0.011023846821188905,0.0
6.0,0.26835614251835654,184.0,0.007454585817641232,7.864492582139645e-06,1.0
6.0,0.26835614251835654,185.0,0.002648482884107261,0.9980862856645368,1.0
6.0,0.26835614251835654,186.0,0.015614361002186883,0.018928621479360776,0.0
6.0,0.26835614251835654,187.0,0.009706270947817511,2.3540227348999496e-06,0.0
6.0,0.26835614251835654,188.0,0.0024111912041563533,1.2604902718088815,1.0
6.0,0.26835614251835654,189.0,0.011917209237449402,1.3120065069194053e-05,0.0
6.0,0.26835614251835654,190.0,0.002793341635614033,0.004097136296394052,1.0
6.0,0.26835614251835654,191.0,0.006825028384228835,0.04982849711694764,1.0
6.0,0.26835614251835654,192.0,0.0036640177796198126,0.036018692439294904,1.0
6.0,0.26835614251835654,193.0,0.01587545944787167,0.005226439389765312,0.0
6.0,0.26835614251835654,194.0,0.010428997816214878,1.2130914278493028,1.0
6.0,0.26835614251835654,195.0,0.00588172244955476,0.016596224474555585,1.0
6.0,0.26835614251835654,196.0,0.002052658362330176,0.0035262757960124757,1.0
6.0,0.26835614251835654,197.0,0.006269710847660938,0.001258520153803183,1.0
6.0,0.26835614251835654,198.0,0.006485888977342359,0.03218729270694082,1.0
6.0,0.26835614251835654,199.0,0.0415982440568128,0.000162749881849066,0.0
6.0,0.26835614251835654,200.0,0.005866498413646646,0.11151338450167987,1.0
6.0,0.26835614251835654,201.0,0.03704700632494665,0.0,0.0
6.0,0.26835614251835654,202.0,0.042453230590997426,0.0,0.0
6.0,0.26835614251835654,203.0,0.001808470920921648,0.057062648208346306,1.0
6.0,0.26835614251835654,204.0,0.04030468863932403,7.710093134907046e-06,0.0
6.0,0.26835614251835654,205.0,0.023210042796837707,0.0,0.0
6.0,0.26835614251835654,206.0,0.006913390977257138,1.8477804936124065,1.0
6.0,0.26835614251835654,207.0,0.012071742052699693,0.0,0.0
6.0,0.26835614251835654,208.0,0.0013418987537583424,0.06867661372103454,1.0
6.0,0.26835614251835654,209.0,0.011440589480203166,0.06398335755989414,1.0
6.0,0.26835614251835654,210.0,0.01773189607096103,1.044928217802497e-05,1.0
6.0,0.26835614251835654,211.0,0.012607475646741605,0.46224672353088453,1.0
6.0,0.26835614251835654,212.0,0.006413104736847718,2.8097027678363014,1.0
6.0,0.26835614251835654,213.0,0.03707016269148831,0.0,0.0
6.0,0.26835614251835654,214.0,0.017338129317828965,0.0007099165390951325,0.0
6.0,0.26835614251835654,215.0,0.036054223498435456,0.0002618764456865577,0.0
6.0,0.26835614251835654,216.0,0.007372428908892537,0.000162260670826511,1.0
6.0,0.26835614251835654,217.0,0.0026027702297149245,3.6890880467032456,1.0
6.0,0.26835614251835654,218.0,0.028866444606224315,0.009269665605515575,0.0
6.0,0.26835614251835654,219.0,0.03988845417444868,0.0,0.0
6.0,0.26835614251835654,220.0,0.02880167874707709,0.0021369074541096916,0.0
6.0,0.26835614251835654,221.0,0.0033013231679190048,0.19492057660324538,1.0
6.0,0.26835614251835654,222.0,0.03230864666230024,0.0003854013547345059,0.0
6.0,0.26835614251835654,223.0,0.006317871511360583,0.01663302052032258,1.0
6.0,0.26835614251835654,224.0,0.01783696237448523,1.7723501218194308e-05,1.0
6.0,0.26835614251835654,225.0,0.028198268233052645,0.0,0.0
6.0,0.26835614251835654,226.0,0.002985932971059989,0.8218981997761458,1.0
6.0,0.26835614251835654,227.0,0.02091848451563757,1.5118512241715668e-05,0.0
6.0,0.26835614251835654,228.0,0.005885230143234341,0.39852016369668736,1.0
6.0,0.26835614251835654,229.0,0.006068677197970732,0.0010256650767608195,1.0
6.0,0.26835614251835654,230.0,0.007116642998730286,0.000630503864405736,1.0
6.0,0.26835614251835654,231.0,0.025267351383368213,4.556756368376891e-05,0.0
6.0,0.26835614251835654,232.0,0.01648293940389297,0.0,0.0
6.0,0.26835614251835654,233.0,0.041874713936247906,0.0012653025157022824,0.0
6.0,0.26835614251835654,234.0,0.0031187484296653217,0.0006945720011371426,1.0
6.0,0.26835614251835654,235.0,0.02157731013562213,0.005614717101499985,0.0
6.0,0.26835614251835654,236.0,0.02162416786989732,1.5998598571959473e-05,0.0
6.0,0.26835614251835654,237.0,0.0029681535211761078,3.4697066678554624,1.0
6.0,0.26835614251835654,238.0,0.0017564056853697253,9.672387021119159e-06,1.0
6.0,0.26835614251835654,239.0,0.041787808004788846,0.0,0.0
6.0,0.26835614251835654,240.0,0.003143958307421534,0.0013229809652456246,1.0
6.0,0.26835614251835654,241.0,0.015927407553629223,0.0012719511742644582,0.0
6.0,0.26835614251835654,242.0,0.010375203808268955,0.2669512994160655,1.0
6.0,0.26835614251835654,243.0,0.007324217513408327,0.004430825705959961,1.0
6.0,0.26835614251835654,244.0,0.041587758034346015,0.0,0.0
6.0,0.26835614251835654,245.0,0.04249150972331338,0.0,0.0
6.0,0.26835614251835654,246.0,0.03915135365102794,8.58596919488055e-06,0.0
6.0,0.26835614251835654,247.0,0.013401864691370618,0.01984495487581119,0.0
6.0,0.26835614251835654,248.0,0.013698183915452503,0.04456354893356288,1.0
6.0,0.26835614251835654,249.0,0.008807917670311834,0.06850245089313181,1.0
6.0,0.26835614251835654,250.0,0.042069358648291616,0.0,0.0
6.0,0.26835614251835654,251.0,0.020926810883223127,9.474972988442556,1.0
6.0,0.26835614251835654,252.0,0.0029645148143298784,0.007439541109072715,1.0
6.0,0.26835614251835654,253.0,0.03703604221262395,0.01148523840967725,0.0
6.0,0.26835614251835654,254.0,0.002151191525617841,0.049681968072535394,1.0
6.0,0.26835614251835654,255.0,0.016694625145104076,0.0,0.0
6.0,0.26835614251835654,256.0,0.0066579126458714616,0.0010567890156143007,1.0
6.0,0.26835614251835654,257.0,0.005375950499048834,0.12713304832888678,1.0
6.0,0.26835614251835654,258.0,0.0156244532730822,1.8927772938098552e-05,0.0
6.0,0.26835614251835654,259.0,0.02268502207091372,2.3509336612369183e-06,0.0
6.0,0.26835614251835654,260.0,0.03133123559621314,0.0,0.0
6.0,0.26835614251835654,261.0,0.002933270267473944,0.00038481888762304417,1.0
6.0,0.26835614251835654,262.0,0.017585435684376993,8.841541737363625e-06,0.0
6.0,0.26835614251835654,263.0,0.006301023949564318,0.02545428754423558,1.0
6.0,0.26835614251835654,264.0,0.010453324995739135,0.0009259231460085042,0.0
6.0,0.26835614251835654,265.0,0.0022559522688949513,0.13809066741313133,1.0
6.0,0.26835614251835654,266.0,0.011420551477222294,0.008654906125306686,1.0
6.0,0.26835614251835654,267.0,0.004831454314827003,0.0015498617466383352,1.0
6.0,0.26835614251835654,268.0,0.03907119087400293,7.644735107789346e-05,0.0
6.0,0.26835614251835654,269.0,0.00667218558624875,0.02783874232641467,1.0
6.0,0.26835614251835654,270.0,0.0030960426818886213,0.006515004638453324,1.0
6.0,0.26835614251835654,271.0,0.0037613805182929996,0.0010331341441673103,1.0
6.0,0.26835614251835654,272.0,0.007005008973520683,0.0001838865172406574,1.0
6.0,0.26835614251835654,273.0,0.006215210516900837,0.09182079917657034,1.0
6.0,0.26835614251835654,274.0,0.0397281969561663,0.024096805505914358,0.0
6.0,0.26835614251835654,275.0,0.002894242729453894,2.0486273402141766,1.0
6.0,0.26835614251835654,276.0,0.03595607780388355,0.00019532965472279234,0.0
6.0,0.26835614251835654,277.0,0.0031674407270665655,0.00017048937620758384,1.0
6.0,0.26835614251835654,278.0,0.04024336459897987,0.0,0.0
6.0,0.26835614251835654,279.0,0.0037667164292021047,0.0018286466898947591,1.0
6.0,0.26835614251835654,280.0,0.0410689779911072,2.567650284005804e-05,0.0
6.0,0.26835614251835654,281.0,0.016028991806436344,0.0,0.0
6.0,0.26835614251835654,282.0,0.007380184812459001,0.0648598645458892,1.0
6.0,0.26835614251835654,283.0,0.007412566383959392,6.347694860620839,1.0
6.0,0.26835614251835654,284.0,0.03807865605908067,0.0,0.0
6.0,0.26835614251835654,285.0,0.025782758760255882,0.0,0.0
6.0,0.26835614251835654,286.0,0.0032332045968366534,7.6299558887173,1.0
6.0,0.26835614251835654,287.0,0.005068898649637179,0.006346651308880907,1.0
6.0,0.26835614251835654,288.0,0.021987761860121663,0.002074866211578125,0.0
6.0,0.26835614251835654,289.0,0.028884138513160237,7.86343412533759e-06,0.0
6.0,0.26835614251835654,290.0,0.00638255540180402,0.03340611511377784,1.0
6.0,0.26835614251835654,291.0,0.0020582982389827863,0.0514460998228672,1.0
6.0,0.26835614251835654,292.0,0.0024905597351104944,0.06606420217657599,1.0
6.0,0.26835614251835654,293.0,0.011748026343989077,0.007436700029538935,0.0
6.0,0.26835614251835654,294.0,0.00669272070269979,0.06666082899986608,1.0
6.0,0.26835614251835654,295.0,0.017962627536313183,2.7229101868883022e-05,0.0
6.0,0.26835614251835654,296.0,0.04033652771501287,5.32017165098548e-06,0.0
6.0,0.26835614251835654,297.0,0.0064092329797778465,0.0004772108110829426,1.0
6.0,0.26835614251835654,298.0,0.028964081836811463,1.0855969344287278e-06,0.0
6.0,0.26835614251835654,299.0,0.0022864386081357588,0.37630829701664864,1.0
6.0,0.26835614251835654,300.0,0.041520631134542144,0.0,0.0
6.0,0.26835614251835654,301.0,0.02353222848939411,0.0,0.0
6.0,0.26835614251835654,302.0,0.0008830727732166959,0.0041964618785812775,1.0
6.0,0.26835614251835654,303.0,0.010825355775882336,0.10422368781396321,1.0
6.0,0.26835614251835654,304.0,0.022621941355534244,0.01912692292272191,0.0
6.0,0.26835614251835654,305.0,0.007594572739456453,0.017629049394794434,1.0
6.0,0.26835614251835654,306.0,0.033591805774634734,0.0003323572326520696,0.0
6.0,0.26835614251835654,307.0,0.02654856050205107,0.0,0.0
6.0,0.26835614251835654,308.0,0.004519504995392713,0.29316681974859576,1.0
6.0,0.26835614251835654,309.0,0.004328288783812938,2.207484599079897,1.0
6.0,0.26835614251835654,310.0,0.01499527740600617,7.453925203751378e-05,0.0
6.0,0.26835614251835654,311.0,0.0020160909843808215,0.0018912015330374054,1.0
6.0,0.26835614251835654,312.0,0.03697956300569795,0.0,0.0
6.0,0.26835614251835654,313.0,0.02880741058728193,0.0008314221766640606,0.0
6.0,0.26835614251835654,314.0,0.04128243492280967,0.0,0.0
6.0,0.26835614251835654,315.0,0.0066835997601436235,0.2993962572874457,1.0
6.0,0.26835614251835654,316.0,0.007647532749425867,0.008482561213613684,1.0
6.0,0.26835614251835654,317.0,0.0015403575606141701,5.641618407961572e-05,1.0
6.0,0.26835614251835654,318.0,0.004026008804306399,1.4406915735350654,1.0
6.0,0.26835614251835654,319.0,0.01601568198626088,2.325178240652265e-05,0.0
6.0,0.26835614251835654,320.0,0.009736243352645875,0.1977760604728331,1.0
6.0,0.26835614251835654,321.0,0.006217657072157476,0.05138768982370414,1.0
6.0,0.26835614251835654,322.0,0.0036687512236683612,0.031179668465818447,1.0
6.0,0.26835614251835654,323.0,0.012993198791578502,0.0,0.0
6.0,0.26835614251835654,324.0,0.026281644966645562,0.0,0.0
6.0,0.26835614251835654,325.0,0.027980314297797224,3.498061115898268e-06,0.0
6.0,0.26835614251835654,326.0,0.015796459857666808,0.0003710419575999785,0.0
6.0,0.26835614251835654,327.0,0.006719460689831015,0.07546064887030669,1.0
6.0,0.26835614251835654,328.0,0.017804427273148654,0.010736991725653846,0.0
6.0,0.26835614251835654,329.0,0.00514065813972852,0.0041061536332309845,1.0
6.0,0.26835614251835654,330.0,0.011751729776195168,0.0003996169627857673,0.0
6.0,0.26835614251835654,331.0,0.011096708830693918,0.0,0.0
6.0,0.26835614251835654,332.0,0.007099054425844844,1.346041613462568,1.0
6.0,0.26835614251835654,333.0,0.006328131020341101,0.0009559639631354994,1.0
6.0,0.26835614251835654,334.0,0.00677761530175211,0.06898546497047313,1.0
6.0,0.26835614251835654,335.0,0.006502040553087923,0.007347703138717414,1.0
6.0,0.26835614251835654,336.0,0.03508692108886557,2.634496184086151e-06,0.0
6.0,0.26835614251835654,337.0,0.007278419066722267,0.007912510763406443,1.0
6.0,0.26835614251835654,338.0,0.041153087896268405,0.00021480398615779457,0.0
6.0,0.26835614251835654,339.0,0.005468776243367329,0.16954442739583206,1.0
6.0,0.26835614251835654,340.0,0.01186081042956669,0.0,0.0
6.0,0.26835614251835654,341.0,0.014486983679062721,0.0,0.0
6.0,0.26835614251835654,342.0,0.015690198165248012,4.319455977056628e-05,0.0
6.0,0.26835614251835654,343.0,0.041796896820423556,0.0008478485113256332,0.0
6.0,0.26835614251835654,344.0,0.006419988895970364,0.001796182378953683,1.0
6.0,0.26835614251835654,345.0,0.0018233285587338486,0.01983373055826003,1.0
6.0,0.26835614251835654,346.0,0.0020843667563347837,0.0007680864691781709,1.0
6.0,0.26835614251835654,347.0,0.029414024665268726,0.0,0.0
6.0,0.26835614251835654,348.0,0.016317974460570872,0.0,0.0
6.0,0.26835614251835654,349.0,0.039330452671146675,0.00021164105966262387,0.0
6.0,0.26835614251835654,350.0,0.01698521928071204,3.999732528243923e-05,0.0
6.0,0.26835614251835654,351.0,0.008291285412578267,1.137379922988027,1.0
6.0,0.26835614251835654,352.0,0.017436411446558497,0.0,0.0
6.0,0.26835614251835654,353.0,0.015424650814026419,0.0010702837113201423,0.0
6.0,0.26835614251835654,354.0,0.0009928315644992351,0.03369103251826608,1.0
6.0,0.26835614251835654,355.0,0.04183131760136978,0.0,0.0
6.0,0.26835614251835654,356.0,0.041264257421417,0.0004163931882384312,0.0
6.0,0.26835614251835654,357.0,0.006522968319740534,0.0026309703703763956,1.0
6.0,0.26835614251835654,358.0,0.04144401844529082,0.0016546646001072262,0.0
6.0,0.26835614251835654,359.0,0.04084411437037217,0.0004889064663626065,0.0
6.0,0.26835614251835654,360.0,0.0025927023155013383,0.07460476874188599,1.0
6.0,0.26835614251835654,361.0,0.004434906399527309,0.04210124710568363,1.0
6.0,0.26835614251835654,362.0,0.002335424219917272,0.1279775283035797,1.0
6.0,0.26835614251835654,363.0,0.011388109894862858,0.0,0.0
6.0,0.26835614251835654,364.0,0.0068245983118674705,0.0021782050393786088,1.0
6.0,0.26835614251835654,365.0,0.006862168361946929,0.033351564656860726,1.0
6.0,0.26835614251835654,366.0,0.04368368413565424,4.203247129625823e-06,0.0
6.0,0.26835614251835654,367.0,0.015017815274080136,7.800238388538319e-07,0.0
6.0,0.26835614251835654,368.0,0.04125139876038507,0.0030451531144628985,0.0
6.0,0.26835614251835654,369.0,0.015223997492422174,0.00013646765858880204,0.0
6.0,0.26835614251835654,370.0,0.0039327852631920865,0.013458589310643474,1.0
6.0,0.26835614251835654,371.0,0.017961177042044522,6.62862784461048e-05,0.0
6.0,0.26835614251835654,372.0,0.007998838492216338,0.05839121727907519,1.0
6.0,0.26835614251835654,373.0,0.011988197197246234,1.0627531009067037,1.0
6.0,0.26835614251835654,374.0,0.03764261131301984,0.0,0.0
6.0,0.26835614251835654,375.0,0.001232517776653944,0.006687147064561107,1.0
6.0,0.26835614251835654,376.0,0.00670777271028408,3.2596417698247118,1.0
6.0,0.26835614251835654,377.0,0.0038806748090341333,6.0828394323954695,1.0
6.0,0.26835614251835654,378.0,0.01727235122504721,0.0,0.0
6.0,0.26835614251835654,379.0,0.016301055480317506,0.0,0.0
6.0,0.26835614251835654,380.0,0.006481708354034163,0.15855438950505948,1.0
6.0,0.26835614251835654,381.0,0.002811064212684619,0.6689286074495241,1.0
6.0,0.26835614251835654,382.0,0.029290362987768624,0.0,0.0
6.0,0.26835614251835654,383.0,0.005370079522459975,0.27692128342399186,1.0
6.0,0.26835614251835654,384.0,0.005417849291233573,0.0009892866169993152,1.0
6.0,0.26835614251835654,385.0,0.04141711783319013,0.005965147561901283,0.0
6.0,0.26835614251835654,386.0,0.007237813272849837,0.18788145196303363,1.0
6.0,0.26835614251835654,387.0,0.007931672444801712,8.620235018285036e-06,1.0
6.0,0.26835614251835654,388.0,0.002259668171269965,0.00384089270446968,1.0
6.0,0.26835614251835654,389.0,0.006978993419464417,0.22024896170336622,1.0
6.0,0.26835614251835654,390.0,0.0051749026468970345,0.003765752694072367,1.0
6.0,0.26835614251835654,391.0,0.02849241902180919,0.0,0.0
6.0,0.26835614251835654,392.0,0.02966861835124298,0.006300963264232918,0.0
6.0,0.26835614251835654,393.0,0.016840777566397416,0.0,0.0
6.0,0.26835614251835654,394.0,0.004136812779286206,3.8449178277141605,1.0
6.0,0.26835614251835654,395.0,0.0159283518894285,7.505805056002688e-07,0.0
6.0,0.26835614251835654,396.0,0.017265997834014245,0.00044901444691893043,0.0
6.0,0.26835614251835654,397.0,0.004194948483098133,0.2573527738232075,1.0
6.0,0.26835614251835654,398.0,0.0016854266027354786,0.14437455234961621,1.0
6.0,0.26835614251835654,399.0,0.006666715108899046,0.001830115288695549,1.0
6.0,0.33544517814794567,0.0,0.008171050741868607,0.130335238308722,1.0
6.0,0.33544517814794567,1.0,0.0022367323628198943,0.050747383709149774,1.0
6.0,0.33544517814794567,2.0,0.003562028886284194,0.002834853151735452,1.0
6.0,0.33544517814794567,3.0,0.007817934053715399,0.0009460845063292288,1.0
6.0,0.33544517814794567,4.0,0.001094042902779509,0.002226311923900201,1.0
6.0,0.33544517814794567,5.0,0.05295988746791075,0.0005165724950138283,0.0
6.0,0.33544517814794567,6.0,0.014849780855581165,0.0,0.0
6.0,0.33544517814794567,7.0,0.040990046582676395,0.0,0.0
6.0,0.33544517814794567,8.0,0.007474008916603159,0.006967656614170907,1.0
6.0,0.33544517814794567,9.0,0.006250548117101444,0.001263622442657727,1.0
6.0,0.33544517814794567,10.0,0.09299798608779594,0.019489437611713328,0.0
6.0,0.33544517814794567,11.0,0.0047559775031781075,0.135137185908315,1.0
6.0,0.33544517814794567,12.0,0.029855727241398268,0.0,0.0
6.0,0.33544517814794567,13.0,0.05180696897784276,0.0,0.0
6.0,0.33544517814794567,14.0,0.009198475457455437,0.007915035294701134,1.0
6.0,0.33544517814794567,15.0,0.05558573720561041,0.0,0.0
6.0,0.33544517814794567,16.0,0.05869127874187693,3.2545303144484443e-08,0.0
6.0,0.33544517814794567,17.0,0.006431867621886255,0.0018238407117562815,1.0
6.0,0.33544517814794567,18.0,0.0531283272514715,3.5858433490750045e-05,0.0
6.0,0.33544517814794567,19.0,0.06781861243279849,0.00012721028312434834,0.0
6.0,0.33544517814794567,20.0,0.006906414193928596,0.25958502186925464,1.0
6.0,0.33544517814794567,21.0,0.05294869386806062,3.2784078334567856e-06,0.0
6.0,0.33544517814794567,22.0,0.02909185581125729,0.0,0.0
6.0,0.33544517814794567,23.0,0.050975471945774654,0.00010846948288462883,0.0
6.0,0.33544517814794567,24.0,0.022678134335955513,0.0002806553658737814,0.0
6.0,0.33544517814794567,25.0,0.022278391894104375,0.023173479830523674,0.0
6.0,0.33544517814794567,26.0,0.020918705024792462,0.000143135636348853,0.0
6.0,0.33544517814794567,27.0,0.008411463810303393,3.0726131552275606,1.0
6.0,0.33544517814794567,28.0,0.07001378528467497,0.02479603063883946,0.0
6.0,0.33544517814794567,29.0,0.0020219505461467075,0.011344730156730482,1.0
6.0,0.33544517814794567,30.0,0.009596401238387862,5.673661731569348e-05,1.0
6.0,0.33544517814794567,31.0,0.006796796232281762,0.3120467985450163,1.0
6.0,0.33544517814794567,32.0,0.006134186601627791,0.0033449052038194197,1.0
6.0,0.33544517814794567,33.0,0.003954225895329797,0.006945249232416775,1.0
6.0,0.33544517814794567,34.0,0.005279390559126241,0.9572045372423311,1.0
6.0,0.33544517814794567,35.0,0.07021800710671439,0.0007703370646338163,0.0
6.0,0.33544517814794567,36.0,0.04093940559905163,0.002372238098402724,0.0
6.0,0.33544517814794567,37.0,0.027277767190061752,0.0006369171660680058,0.0
6.0,0.33544517814794567,38.0,0.04381811571892785,0.12136877089117948,1.0
6.0,0.33544517814794567,39.0,0.003619299810163299,0.14822778887138485,1.0
6.0,0.33544517814794567,40.0,0.040595513352300217,0.0036261501523516017,0.0
6.0,0.33544517814794567,41.0,0.02904974361179457,0.0,0.0
6.0,0.33544517814794567,42.0,0.043464291652691195,0.0024170013061699976,0.0
6.0,0.33544517814794567,43.0,0.03031694318052894,0.018749996805965206,0.0
6.0,0.33544517814794567,44.0,0.00527771292668214,2.2460656992236614,1.0
6.0,0.33544517814794567,45.0,0.04081344831611237,0.0,0.0
6.0,0.33544517814794567,46.0,0.018576945293655625,0.0,0.0
6.0,0.33544517814794567,47.0,0.011437490150958558,8.391242775347992,1.0
6.0,0.33544517814794567,48.0,0.007077816497107727,0.0003188842213535695,1.0
6.0,0.33544517814794567,49.0,0.05885869583362646,0.003338177642836018,0.0
6.0,0.33544517814794567,50.0,0.0044155648127176955,0.33028090282072675,1.0
6.0,0.33544517814794567,51.0,0.009516922130719339,5.579350506137017,1.0
6.0,0.33544517814794567,52.0,0.0694948373710419,0.0017626905737881072,0.0
6.0,0.33544517814794567,53.0,0.0066774232216350185,0.005447673111262937,1.0
6.0,0.33544517814794567,54.0,0.0052816501496048465,1.3107062015015332,1.0
6.0,0.33544517814794567,55.0,0.010933315404703488,0.1886261467545696,1.0
6.0,0.33544517814794567,56.0,0.0025931325090868844,0.00080675336946022,1.0
6.0,0.33544517814794567,57.0,0.00384815442566699,0.8309690540832866,1.0
6.0,0.33544517814794567,58.0,0.04194122356698665,2.803736108627872e-06,0.0
6.0,0.33544517814794567,59.0,0.04612974766670021,0.0,0.0
6.0,0.33544517814794567,60.0,0.049991862622192865,0.0,0.0
6.0,0.33544517814794567,61.0,0.017477504002009578,0.0,0.0
6.0,0.33544517814794567,62.0,0.004742053666906539,0.9631886767237465,1.0
6.0,0.33544517814794567,63.0,0.03436992822435631,0.0,0.0
6.0,0.33544517814794567,64.0,0.016349854571973896,0.002396290905882595,0.0
6.0,0.33544517814794567,65.0,0.030238983456037195,0.0003124844062259926,0.0
6.0,0.33544517814794567,66.0,0.008185792497430077,0.6546943447865942,1.0
6.0,0.33544517814794567,67.0,0.009387793665923266,0.03433659830192766,1.0
6.0,0.33544517814794567,68.0,0.018138218253343774,0.0,0.0
6.0,0.33544517814794567,69.0,0.08018073177864281,3.0403486227697648e-05,0.0
6.0,0.33544517814794567,70.0,0.010919125613333015,0.047991170269483435,1.0
6.0,0.33544517814794567,71.0,0.006979794756603041,0.016622925377256587,1.0
6.0,0.33544517814794567,72.0,0.014530424997362148,5.208322602642748,1.0
6.0,0.33544517814794567,73.0,0.02821440701141807,2.4791686854248295e-06,0.0
6.0,0.33544517814794567,74.0,0.022648260390689078,0.0,0.0
6.0,0.33544517814794567,75.0,0.01627965699642873,11.123381279772511,1.0
6.0,0.33544517814794567,76.0,0.0031106617623909666,2.420266419208106,1.0
6.0,0.33544517814794567,77.0,0.0014284020361236141,0.10679722741914857,1.0
6.0,0.33544517814794567,78.0,0.022046886760131397,0.0,0.0
6.0,0.33544517814794567,79.0,0.04099729053934199,0.0,0.0
6.0,0.33544517814794567,80.0,0.01813454790111034,0.0,0.0
6.0,0.33544517814794567,81.0,0.020075083644565842,0.0009499679754715837,0.0
6.0,0.33544517814794567,82.0,0.006553410212096063,0.022821811601085228,1.0
6.0,0.33544517814794567,83.0,0.0020226155807545327,0.043002076973716226,1.0
6.0,0.33544517814794567,84.0,0.01356806632693847,2.5520361258811795,1.0
6.0,0.33544517814794567,85.0,0.04929466048574177,0.00044593376916592125,0.0
6.0,0.33544517814794567,86.0,0.0030679797186780483,0.003665821686477701,1.0
6.0,0.33544517814794567,87.0,0.02295559655195016,0.0028246828469732344,0.0
6.0,0.33544517814794567,88.0,0.022700150225518155,0.0017463631376750377,0.0
6.0,0.33544517814794567,89.0,0.001861660254187316,2.895835457604348,1.0
6.0,0.33544517814794567,90.0,0.0024537321598930425,0.004228147282280729,1.0
6.0,0.33544517814794567,91.0,0.003147804177797401,0.013127288209297724,1.0
6.0,0.33544517814794567,92.0,0.0069745178170885725,0.4014285439228226,1.0
6.0,0.33544517814794567,93.0,0.029521415847171557,0.00140585288442889,0.0
6.0,0.33544517814794567,94.0,0.004853412834238929,0.001068268300060552,1.0
6.0,0.33544517814794567,95.0,0.018508540196983125,0.01977068287165709,0.0
6.0,0.33544517814794567,96.0,0.03803490303017106,0.023867703845445495,0.0
6.0,0.33544517814794567,97.0,0.06867216584530181,5.96465562122663e-05,0.0
6.0,0.33544517814794567,98.0,0.006419615039640163,0.265617885146657,1.0
6.0,0.33544517814794567,99.0,0.04199153344348569,0.020311415293527573,0.0
6.0,0.33544517814794567,100.0,0.0077148547113386375,0.01574253786925111,1.0
6.0,0.33544517814794567,101.0,0.006500546050974625,0.017820000793668387,1.0
6.0,0.33544517814794567,102.0,0.028314064956699754,0.0007267236715300615,0.0
6.0,0.33544517814794567,103.0,0.029386540827789055,0.0011049498171792401,0.0
6.0,0.33544517814794567,104.0,0.002278836383180662,0.0016305670046762274,1.0
6.0,0.33544517814794567,105.0,0.02327272775500859,0.0,0.0
6.0,0.33544517814794567,106.0,0.010850100776346752,0.5606652377166577,1.0
6.0,0.33544517814794567,107.0,0.05406929798083379,0.0,0.0
6.0,0.33544517814794567,108.0,0.008421437486803041,0.3616634427950466,1.0
6.0,0.33544517814794567,109.0,0.030263115123874678,0.0,0.0
6.0,0.33544517814794567,110.0,0.0018876534323978233,0.0008997551786308934,1.0
6.0,0.33544517814794567,111.0,0.010652930269166045,2.2272223869872314,1.0
6.0,0.33544517814794567,112.0,0.006757374687748535,0.0014198627941738398,1.0
6.0,0.33544517814794567,113.0,0.052588519134467875,0.009486973388815398,0.0
6.0,0.33544517814794567,114.0,0.004973010273181219,0.017717456040113932,1.0
6.0,0.33544517814794567,115.0,0.0011682790964572531,0.008485879554530883,1.0
6.0,0.33544517814794567,116.0,0.02000887163063641,0.0,0.0
6.0,0.33544517814794567,117.0,0.04247045159356801,0.0,0.0
6.0,0.33544517814794567,118.0,0.04067407471688878,0.023043225167596836,0.0
6.0,0.33544517814794567,119.0,0.0060521426793224255,0.002608760461891604,1.0
6.0,0.33544517814794567,120.0,0.00741393250994744,0.1351883135318976,1.0
6.0,0.33544517814794567,121.0,0.040995508347392406,0.03993250423851497,0.0
6.0,0.33544517814794567,122.0,0.007462175132977537,2.7413803888280297,1.0
6.0,0.33544517814794567,123.0,0.004563475533956541,0.01766570854702996,1.0
6.0,0.33544517814794567,124.0,0.0023862303670265017,0.00484480091966038,1.0
6.0,0.33544517814794567,125.0,0.007609628433770412,0.0001265860466124748,1.0
6.0,0.33544517814794567,126.0,0.007434035115774545,0.6561060604065985,1.0
6.0,0.33544517814794567,127.0,0.07012158023382521,0.019850228833990756,0.0
6.0,0.33544517814794567,128.0,0.007931900172470386,1.5225282715960022,1.0
6.0,0.33544517814794567,129.0,0.007159128215649934,0.015684784863276943,1.0
6.0,0.33544517814794567,130.0,0.0017999033346282759,0.010235335936419142,1.0
6.0,0.33544517814794567,131.0,0.013379861346912148,0.0505565444250704,1.0
6.0,0.33544517814794567,132.0,0.029563625490765535,0.0,0.0
6.0,0.33544517814794567,133.0,0.005320433991579644,1.8246069144393895,1.0
6.0,0.33544517814794567,134.0,0.028032117938279724,2.8061224017116104e-05,0.0
6.0,0.33544517814794567,135.0,0.00340377604403949,0.011649382804812897,1.0
6.0,0.33544517814794567,136.0,0.0029786611503142915,0.16748507232767065,1.0
6.0,0.33544517814794567,137.0,0.0019456042047143838,0.005817043188153035,1.0
6.0,0.33544517814794567,138.0,0.0712845642312363,0.019655709646715848,0.0
6.0,0.33544517814794567,139.0,0.027406773972420875,0.0,0.0
6.0,0.33544517814794567,140.0,0.007537906705742592,0.4832515746344296,1.0
6.0,0.33544517814794567,141.0,0.02929612512693982,0.002619127893346018,0.0
6.0,0.33544517814794567,142.0,0.02245482650676357,0.0009447293284127912,0.0
6.0,0.33544517814794567,143.0,0.006407617613197739,0.008821793913771067,1.0
6.0,0.33544517814794567,144.0,0.0032988172639135073,0.007408150688113273,1.0
6.0,0.33544517814794567,145.0,0.01903143240845196,0.000498413088153878,0.0
6.0,0.33544517814794567,146.0,0.028494131138417658,0.003438083437163617,0.0
6.0,0.33544517814794567,147.0,0.06923231738744506,0.00039554601338309594,0.0
6.0,0.33544517814794567,148.0,0.005897313902744327,1.3309800928324822,1.0
6.0,0.33544517814794567,149.0,0.004896351246617319,0.11740069160191119,1.0
6.0,0.33544517814794567,150.0,0.02197407961175541,0.0013195137507071599,0.0
6.0,0.33544517814794567,151.0,0.007547904544524467,0.011203176449685133,1.0
6.0,0.33544517814794567,152.0,0.02056588141287435,0.0005605921639851579,0.0
6.0,0.33544517814794567,153.0,0.016155115534275823,0.0,0.0
6.0,0.33544517814794567,154.0,0.04621331808860571,0.0008178544612372396,0.0
6.0,0.33544517814794567,155.0,0.03260880455341035,0.0038866550393085605,0.0
6.0,0.33544517814794567,156.0,0.0065230679283010875,0.010188843271971301,1.0
6.0,0.33544517814794567,157.0,0.02333220707727238,0.0,0.0
6.0,0.33544517814794567,158.0,0.013689438009296243,0.01713066770818885,1.0
6.0,0.33544517814794567,159.0,0.07920644733723343,0.15443359759779474,1.0
6.0,0.33544517814794567,160.0,0.007679463041128863,0.624955958865173,1.0
6.0,0.33544517814794567,161.0,0.0717107431210956,0.0,0.0
6.0,0.33544517814794567,162.0,0.0034623132804492748,0.029835250187665186,1.0
6.0,0.33544517814794567,163.0,0.006962956171550168,0.007750545097065112,1.0
6.0,0.33544517814794567,164.0,0.0551620679501999,0.019136320833078372,0.0
6.0,0.33544517814794567,165.0,0.03525221192921141,5.20459521459265e-05,0.0
6.0,0.33544517814794567,166.0,0.007086354908009729,0.0005289875696746412,1.0
6.0,0.33544517814794567,167.0,0.007325143429487571,0.002874490239963601,1.0
6.0,0.33544517814794567,168.0,0.023035788410076842,0.0,0.0
6.0,0.33544517814794567,169.0,0.021289922874453603,2.7411246500717925e-05,0.0
6.0,0.33544517814794567,170.0,0.02015417182226035,0.02184533165131206,0.0
6.0,0.33544517814794567,171.0,0.001990932086598711,0.10320375920842778,1.0
6.0,0.33544517814794567,172.0,0.0037523775706326612,0.1242975957843726,1.0
6.0,0.33544517814794567,173.0,0.002431005668940777,0.02260927914484137,1.0
6.0,0.33544517814794567,174.0,0.0225792262086167,0.024412001277179286,0.0
6.0,0.33544517814794567,175.0,0.0025493306934884306,0.001485442785292876,1.0
6.0,0.33544517814794567,176.0,0.0033030893650638823,0.4084915641709335,1.0
6.0,0.33544517814794567,177.0,0.02129916249494459,0.013639655860078466,0.0
6.0,0.33544517814794567,178.0,0.012803845844705349,0.44349246047661617,1.0
6.0,0.33544517814794567,179.0,0.027678465162688237,0.05177800790523369,0.0
6.0,0.33544517814794567,180.0,0.007835134012843185,2.281446733593883,1.0
6.0,0.33544517814794567,181.0,0.028784824309958396,0.00898217602835036,0.0
6.0,0.33544517814794567,182.0,0.00542310606097086,0.0760403343969383,1.0
6.0,0.33544517814794567,183.0,0.021796425563304994,0.010853521070537558,0.0
6.0,0.33544517814794567,184.0,0.007454585817641232,7.864492582139645e-06,1.0
6.0,0.33544517814794567,185.0,0.003488697632702432,0.9270859354695671,1.0
6.0,0.33544517814794567,186.0,0.019122287011109476,0.018984718575188006,0.0
6.0,0.33544517814794567,187.0,0.02224960168763261,1.7884558351216033e-06,0.0
6.0,0.33544517814794567,188.0,0.005512221290041474,0.9923785318189975,1.0
6.0,0.33544517814794567,189.0,0.023412508027688586,1.2946779538152383e-05,0.0
6.0,0.33544517814794567,190.0,0.0032160592783909087,0.003900517410681404,1.0
6.0,0.33544517814794567,191.0,0.005800066243471437,0.28756531446594297,1.0
6.0,0.33544517814794567,192.0,0.0073491428341929,0.03591490775476635,1.0
6.0,0.33544517814794567,193.0,0.021830525630794965,0.004348706359052001,0.0
6.0,0.33544517814794567,194.0,0.013706962478501217,8.891475343564137,1.0
6.0,0.33544517814794567,195.0,0.006213395030212334,0.015328349335154357,1.0
6.0,0.33544517814794567,196.0,0.0027482964455273974,0.0033643323725909796,1.0
6.0,0.33544517814794567,197.0,0.006496247837967136,0.0023985061902019244,1.0
6.0,0.33544517814794567,198.0,0.006505320439463436,0.02762129115252898,1.0
6.0,0.33544517814794567,199.0,0.0415982440568128,0.000162749881849066,0.0
6.0,0.33544517814794567,200.0,0.09470107888477851,0.0051095848540908305,0.0
6.0,0.33544517814794567,201.0,0.06623730171447298,0.0,0.0
6.0,0.33544517814794567,202.0,0.05168955299859915,0.0,0.0
6.0,0.33544517814794567,203.0,0.0016805980303834826,0.04828494198065671,1.0
6.0,0.33544517814794567,204.0,0.04952987483903332,6.978267280568777e-06,0.0
6.0,0.33544517814794567,205.0,0.0303738437451997,0.0,0.0
6.0,0.33544517814794567,206.0,0.006913390977257138,1.8470404038624282,1.0
6.0,0.33544517814794567,207.0,0.023276465358000164,0.0,0.0
6.0,0.33544517814794567,208.0,0.0017305498804383113,0.06041875183947234,1.0
6.0,0.33544517814794567,209.0,0.012176299232461808,0.0547947739207787,1.0
6.0,0.33544517814794567,210.0,0.01773189607096103,1.044928217802497e-05,1.0
6.0,0.33544517814794567,211.0,0.006664982364497193,0.20399537162054188,1.0
6.0,0.33544517814794567,212.0,0.006866529114646572,1.3934847296523156,1.0
6.0,0.33544517814794567,213.0,0.0705194197286862,0.0,0.0
6.0,0.33544517814794567,214.0,0.09057292801890326,0.0007383695098525546,0.0
6.0,0.33544517814794567,215.0,0.036054223498435456,0.0002618764456865577,0.0
6.0,0.33544517814794567,216.0,0.007372428908892537,0.00013325525347126097,1.0
6.0,0.33544517814794567,217.0,0.0025836052732180715,3.4909668247891177,1.0
6.0,0.33544517814794567,218.0,0.028866444606224315,0.009269665605515575,0.0
6.0,0.33544517814794567,219.0,0.04281584402303719,0.0,0.0
6.0,0.33544517814794567,220.0,0.02880167874707709,0.0021369074541096916,0.0
6.0,0.33544517814794567,221.0,0.0033013231679190048,0.19492057660324538,1.0
6.0,0.33544517814794567,222.0,0.03230864666230024,0.0003854013547345059,0.0
6.0,0.33544517814794567,223.0,0.006961058738993262,0.007808987196794544,1.0
6.0,0.33544517814794567,224.0,0.01783696237448523,1.7723501218194308e-05,1.0
6.0,0.33544517814794567,225.0,0.028198268233052645,0.0,0.0
6.0,0.33544517814794567,226.0,0.005522342077812421,0.6641748221733158,1.0
6.0,0.33544517814794567,227.0,0.027790582776103807,1.4566610252579717e-05,0.0
6.0,0.33544517814794567,228.0,0.01948192165174322,1.8725261451474875,1.0
6.0,0.33544517814794567,229.0,0.006068677197970732,0.0010256650767608195,1.0
6.0,0.33544517814794567,230.0,0.007384348138800966,0.0004074664584274005,1.0
6.0,0.33544517814794567,231.0,0.028522975648224584,4.2344555533444e-05,0.0
6.0,0.33544517814794567,232.0,0.02243320872904086,0.0,0.0
6.0,0.33544517814794567,233.0,0.07141519491122793,0.001239201910718487,0.0
6.0,0.33544517814794567,234.0,0.0029833039120745267,0.0006945720011371426,1.0
6.0,0.33544517814794567,235.0,0.028532131158205465,0.00537196885303878,0.0
6.0,0.33544517814794567,236.0,0.02283771364946549,1.7436240921780498e-05,0.0
6.0,0.33544517814794567,237.0,0.0036648750166313852,3.469355983428165,1.0
6.0,0.33544517814794567,238.0,0.0016385827830571857,8.577388669299315e-06,1.0
6.0,0.33544517814794567,239.0,0.049962787390814584,0.0,0.0
6.0,0.33544517814794567,240.0,0.00288359482930037,0.006342455268332628,1.0
6.0,0.33544517814794567,241.0,0.02195772318994897,0.0012576885033389865,0.0
6.0,0.33544517814794567,242.0,0.010375203808268955,0.2669512994160655,1.0
6.0,0.33544517814794567,243.0,0.06926281078861574,6.559660056142596e-05,0.0
6.0,0.33544517814794567,244.0,0.0710891422476145,0.0,0.0
6.0,0.33544517814794567,245.0,0.04249150972331338,0.0,0.0
6.0,0.33544517814794567,246.0,0.05086730350652361,8.575842412970663e-06,0.0
6.0,0.33544517814794567,247.0,0.042229058418105106,0.020111541404016057,0.0
6.0,0.33544517814794567,248.0,0.06860371399307473,0.004043941807620311,0.0
6.0,0.33544517814794567,249.0,0.06917066868866442,0.0005475220669704775,0.0
6.0,0.33544517814794567,250.0,0.05142117814285167,0.0,0.0
6.0,0.33544517814794567,251.0,0.020926810883223127,9.474972988442556,1.0
6.0,0.33544517814794567,252.0,0.0021356805109698576,0.005967294398815301,1.0
6.0,0.33544517814794567,253.0,0.04031388258192263,0.009408578165512911,0.0
6.0,0.33544517814794567,254.0,0.0024419512560478742,0.036547935956272454,1.0
6.0,0.33544517814794567,255.0,0.022727878238826688,0.0,0.0
6.0,0.33544517814794567,256.0,0.012147501505729994,0.0011845711215455453,1.0
6.0,0.33544517814794567,257.0,0.004785875620945625,0.11699509020728563,1.0
6.0,0.33544517814794567,258.0,0.02154112384530965,1.8265351934968766e-05,0.0
6.0,0.33544517814794567,259.0,0.02844127630265942,2.332658990487951e-06,0.0
6.0,0.33544517814794567,260.0,0.06735167683532166,0.0,0.0
6.0,0.33544517814794567,261.0,0.002145592490805196,0.0010512963886540909,1.0
6.0,0.33544517814794567,262.0,0.017585435684376993,8.841541737363625e-06,0.0
6.0,0.33544517814794567,263.0,0.006349670265354217,0.010710711984781206,1.0
6.0,0.33544517814794567,264.0,0.02117497507173175,0.0009005750004819344,0.0
6.0,0.33544517814794567,265.0,0.002692637358904704,0.17354603905761348,1.0
6.0,0.33544517814794567,266.0,0.011420551477222294,0.008654906125306686,1.0
6.0,0.33544517814794567,267.0,0.004692493773106728,0.0014453837565359064,1.0
6.0,0.33544517814794567,268.0,0.03907119087400293,7.644735107789346e-05,0.0
6.0,0.33544517814794567,269.0,0.00667218558624875,0.02783874232641467,1.0
6.0,0.33544517814794567,270.0,0.002617915997844417,0.0065305345272383295,1.0
6.0,0.33544517814794567,271.0,0.0022653453191443652,0.0010227020667645157,1.0
6.0,0.33544517814794567,272.0,0.007005008973520683,0.0001838865172406574,1.0
6.0,0.33544517814794567,273.0,0.006753795837775763,0.036007349944818946,1.0
6.0,0.33544517814794567,274.0,0.040542147834354184,0.024152407284773674,0.0
6.0,0.33544517814794567,275.0,0.004554907907410447,1.6467858249191634,1.0
6.0,0.33544517814794567,276.0,0.06960963338205794,0.00018924539275524236,0.0
6.0,0.33544517814794567,277.0,0.013102295085305577,0.00030337211121468736,1.0
6.0,0.33544517814794567,278.0,0.05027272958358338,0.0,0.0
6.0,0.33544517814794567,279.0,0.0016396160549839189,0.0017933368795429745,1.0
6.0,0.33544517814794567,280.0,0.0410689779911072,2.567650284005804e-05,0.0
6.0,0.33544517814794567,281.0,0.0219158652150333,0.0,0.0
6.0,0.33544517814794567,282.0,0.006510390263119552,0.04567141672360812,1.0
6.0,0.33544517814794567,283.0,0.007896873854091388,6.346412759768737,1.0
6.0,0.33544517814794567,284.0,0.03807865605908067,0.0,0.0
6.0,0.33544517814794567,285.0,0.025782758760255882,0.0,0.0
6.0,0.33544517814794567,286.0,0.006603778869625071,1.79284151629212,1.0
6.0,0.33544517814794567,287.0,0.007290223001738501,0.010558177533974427,1.0
6.0,0.33544517814794567,288.0,0.028624058313317546,0.002074866211578125,0.0
6.0,0.33544517814794567,289.0,0.028884138513160237,7.86343412533759e-06,0.0
6.0,0.33544517814794567,290.0,0.0064959050211367015,0.027717340052598433,1.0
6.0,0.33544517814794567,291.0,0.0037747754144719283,0.03860283868115744,1.0
6.0,0.33544517814794567,292.0,0.002322456485211892,0.07890605236625281,1.0
6.0,0.33544517814794567,293.0,0.022976045630869548,0.007423240259771186,0.0
6.0,0.33544517814794567,294.0,0.006722005242689169,0.05659436565790525,1.0
6.0,0.33544517814794567,295.0,0.08777477005142424,2.6954413191911323e-05,0.0
6.0,0.33544517814794567,296.0,0.04033652771501287,5.32017165098548e-06,0.0
6.0,0.33544517814794567,297.0,0.00768277051714015,0.0003353941895218087,1.0
6.0,0.33544517814794567,298.0,0.028964081836811463,1.0855969344287278e-06,0.0
6.0,0.33544517814794567,299.0,0.0019008283869974124,0.33903882000339786,1.0
6.0,0.33544517814794567,300.0,0.04264379511415378,0.0,0.0
6.0,0.33544517814794567,301.0,0.02353222848939411,0.0,0.0
6.0,0.33544517814794567,302.0,0.0030687506368327366,0.003690196825455962,1.0
6.0,0.33544517814794567,303.0,0.010825355775882336,0.10422368781396321,1.0
6.0,0.33544517814794567,304.0,0.029801993374003792,0.01909774411203903,0.0
6.0,0.33544517814794567,305.0,0.007594572739456453,0.017629049394794434,1.0
6.0,0.33544517814794567,306.0,0.033591805774634734,0.0003323572326520696,0.0
6.0,0.33544517814794567,307.0,0.02654856050205107,0.0,0.0
6.0,0.33544517814794567,308.0,0.004519504995392713,0.29316681974859576,1.0
6.0,0.33544517814794567,309.0,0.0021074591304788984,1.6642817743959166,1.0
6.0,0.33544517814794567,310.0,0.020819666861426632,7.236294556464356e-05,0.0
6.0,0.33544517814794567,311.0,0.0026015887140580203,0.0016972062523440514,1.0
6.0,0.33544517814794567,312.0,0.047139051993175786,0.0,0.0
6.0,0.33544517814794567,313.0,0.02880741058728193,0.0008314221766640606,0.0
6.0,0.33544517814794567,314.0,0.051930775205720314,0.0,0.0
6.0,0.33544517814794567,315.0,0.0076815467486083385,0.29939633283290734,1.0
6.0,0.33544517814794567,316.0,0.00710989116685852,0.011205803680687104,1.0
6.0,0.33544517814794567,317.0,0.0014199015220591903,0.00014964135676297748,1.0
6.0,0.33544517814794567,318.0,0.004026008804306399,1.4406915735350654,1.0
6.0,0.33544517814794567,319.0,0.02202500660924344,2.277080167128619e-05,0.0
6.0,0.33544517814794567,320.0,0.009736243352645875,0.1977760604728331,1.0
6.0,0.33544517814794567,321.0,0.006217657072157476,0.05138768982370414,1.0
6.0,0.33544517814794567,322.0,0.003068982940075557,0.041148317882389096,1.0
6.0,0.33544517814794567,323.0,0.018683732777643826,0.0,0.0
6.0,0.33544517814794567,324.0,0.026281644966645562,0.0,0.0
6.0,0.33544517814794567,325.0,0.027980314297797224,3.498061115898268e-06,0.0
6.0,0.33544517814794567,326.0,0.021750374725321472,0.00037095665686263143,0.0
6.0,0.33544517814794567,327.0,0.006271330180722298,0.09975252248810831,1.0
6.0,0.33544517814794567,328.0,0.017804427273148654,0.010736991725653846,0.0
6.0,0.33544517814794567,329.0,0.00514065813972852,0.0041061536332309845,1.0
6.0,0.33544517814794567,330.0,0.023020835469616314,0.00037898002522639704,0.0
6.0,0.33544517814794567,331.0,0.015352864045020106,0.0,0.0
6.0,0.33544517814794567,332.0,0.007099054425844844,1.346041613462568,1.0
6.0,0.33544517814794567,333.0,0.006328131020341101,0.0009559639631354994,1.0
6.0,0.33544517814794567,334.0,0.00677761530175211,0.06502687799690753,1.0
6.0,0.33544517814794567,335.0,0.006917556273982954,0.00680043937525904,1.0
6.0,0.33544517814794567,336.0,0.06985014233496528,2.6342679255755626e-06,0.0
6.0,0.33544517814794567,337.0,0.007278419066722267,0.007912510763406443,1.0
6.0,0.33544517814794567,338.0,0.041482116368057466,0.00021478901973017196,0.0
6.0,0.33544517814794567,339.0,0.006592589322724388,0.08326882316925156,1.0
6.0,0.33544517814794567,340.0,0.022917278757925513,0.0,0.0
6.0,0.33544517814794567,341.0,0.029614795053495114,0.0,0.0
6.0,0.33544517814794567,342.0,0.021568408421902933,4.318981823061385e-05,0.0
6.0,0.33544517814794567,343.0,0.041796896820423556,0.0008478485113256332,0.0
6.0,0.33544517814794567,344.0,0.006419988895970364,0.001796182378953683,1.0
6.0,0.33544517814794567,345.0,0.0021796371834155973,0.017741139066070118,1.0
6.0,0.33544517814794567,346.0,0.0031717012472680965,0.0012101342648388352,1.0
6.0,0.33544517814794567,347.0,0.029414024665268726,0.0,0.0
6.0,0.33544517814794567,348.0,0.022378513341666826,0.0,0.0
6.0,0.33544517814794567,349.0,0.04864196314927563,0.0002035339522528011,0.0
6.0,0.33544517814794567,350.0,0.02327167374738285,3.998361212392354e-05,0.0
6.0,0.33544517814794567,351.0,0.008504845419840545,0.8981092666073331,1.0
6.0,0.33544517814794567,352.0,0.017436411446558497,0.0,0.0
6.0,0.33544517814794567,353.0,0.02131504569444778,0.0010639701320084127,0.0
6.0,0.33544517814794567,354.0,0.002662625923226712,0.021708420160649878,1.0
6.0,0.33544517814794567,355.0,0.04183131760136978,0.0,0.0
6.0,0.33544517814794567,356.0,0.05369088558627866,0.0004148336575319818,0.0
6.0,0.33544517814794567,357.0,0.006522968319740534,0.0026309703703763956,1.0
6.0,0.33544517814794567,358.0,0.04144401844529082,0.0016546646001072262,0.0
6.0,0.33544517814794567,359.0,0.041358019968770365,0.00048814186617929646,0.0
6.0,0.33544517814794567,360.0,0.01370167664419409,0.007035638318845095,1.0
6.0,0.33544517814794567,361.0,0.006461427180012711,0.046617734232850185,1.0
6.0,0.33544517814794567,362.0,0.002351925039481743,0.37035111553891537,1.0
6.0,0.33544517814794567,363.0,0.022442147433452825,0.0,0.0
6.0,0.33544517814794567,364.0,0.006859735963591018,0.0016989539873604879,1.0
6.0,0.33544517814794567,365.0,0.00671462344317823,0.2825042498509527,1.0
6.0,0.33544517814794567,366.0,0.04368368413565424,4.203247129625823e-06,0.0
6.0,0.33544517814794567,367.0,0.020812856580446605,7.78886418963219e-07,0.0
6.0,0.33544517814794567,368.0,0.04125139876038507,0.0030451531144628985,0.0
6.0,0.33544517814794567,369.0,0.021074273388126657,0.00013503795956369436,0.0
6.0,0.33544517814794567,370.0,0.007645771839789309,0.011259944594634154,1.0
6.0,0.33544517814794567,371.0,0.017961177042044522,6.62862784461048e-05,0.0
6.0,0.33544517814794567,372.0,0.007998838492216338,0.05839121727907519,1.0
6.0,0.33544517814794567,373.0,0.011988197197246234,1.0627531009067037,1.0
6.0,0.33544517814794567,374.0,0.047199412105765,0.0,0.0
6.0,0.33544517814794567,375.0,0.0014616589467066937,0.00748288957844328,1.0
6.0,0.33544517814794567,376.0,0.00670777271028408,3.2596417698247118,1.0
6.0,0.33544517814794567,377.0,0.0036736295347452883,5.624275820589393,1.0
6.0,0.33544517814794567,378.0,0.023397050521416572,0.0,0.0
6.0,0.33544517814794567,379.0,0.022244748710334102,0.0,0.0
6.0,0.33544517814794567,380.0,0.012387133743743442,0.41528336869462273,1.0
6.0,0.33544517814794567,381.0,0.0017596439797418488,0.4129370636235058,1.0
6.0,0.33544517814794567,382.0,0.029290362987768624,0.0,0.0
6.0,0.33544517814794567,383.0,0.009137209477148175,0.32088160057472553,1.0
6.0,0.33544517814794567,384.0,0.007107369538437351,0.0008623227404391892,1.0
6.0,0.33544517814794567,385.0,0.04639114260028947,0.005966083720001643,0.0
6.0,0.33544517814794567,386.0,0.007237813272849837,0.18788145196303363,1.0
6.0,0.33544517814794567,387.0,0.007931672444801712,8.620235018285036e-06,1.0
6.0,0.33544517814794567,388.0,0.002259668171269965,0.00384089270446968,1.0
6.0,0.33544517814794567,389.0,0.006978993419464417,0.22024896170336622,1.0
6.0,0.33544517814794567,390.0,0.008076383693145709,0.005912597767920548,1.0
6.0,0.33544517814794567,391.0,0.02849241902180919,0.0,0.0
6.0,0.33544517814794567,392.0,0.02966861835124298,0.006300963264232918,0.0
6.0,0.33544517814794567,393.0,0.022884785968572123,0.0,0.0
6.0,0.33544517814794567,394.0,0.004496755973427302,3.7570640954866668,1.0
6.0,0.33544517814794567,395.0,0.021883654426047568,7.192915985539885e-07,0.0
6.0,0.33544517814794567,396.0,0.017265997834014245,0.00044901444691893043,0.0
6.0,0.33544517814794567,397.0,0.004194948483098133,0.2573527738232075,1.0
6.0,0.33544517814794567,398.0,0.0027905767416028645,0.1430372598457994,1.0
6.0,0.33544517814794567,399.0,0.007499565845800201,0.0007850246501768436,1.0
6.0,0.40253421377753484,0.0,0.007191314261136539,0.130839812972675,1.0
6.0,0.40253421377753484,1.0,0.009812761847044034,0.777441510733068,1.0
6.0,0.40253421377753484,2.0,0.006383998865141915,0.0033466236689993333,1.0
6.0,0.40253421377753484,3.0,0.007817934053715399,0.0009460845063292288,1.0
6.0,0.40253421377753484,4.0,0.001094042902779509,0.002226311923900201,1.0
6.0,0.40253421377753484,5.0,0.20023170242073723,0.0005165724950138283,0.0
6.0,0.40253421377753484,6.0,0.10493111372306901,0.0,0.0
6.0,0.40253421377753484,7.0,0.04973790243299277,0.0,0.0
6.0,0.40253421377753484,8.0,0.0074740089166031535,0.006911254797352065,1.0
6.0,0.40253421377753484,9.0,0.006868457118432524,0.0018326236027928673,1.0
6.0,0.40253421377753484,10.0,0.09299798608779594,0.019489437611713328,0.0
6.0,0.40253421377753484,11.0,0.0047559775031781075,0.135137185908315,1.0
6.0,0.40253421377753484,12.0,0.038371057263902546,0.0,0.0
6.0,0.40253421377753484,13.0,0.05778050868535939,0.0,0.0
6.0,0.40253421377753484,14.0,0.0074272602729162735,0.007663310905575485,1.0
6.0,0.40253421377753484,15.0,0.06819577792451173,0.0,0.0
6.0,0.40253421377753484,16.0,0.05869127874187693,3.2545303144484443e-08,0.0
6.0,0.40253421377753484,17.0,0.007077760720217211,0.0013410657769271346,1.0
6.0,0.40253421377753484,18.0,0.0629782638119584,3.5858433490750045e-05,0.0
6.0,0.40253421377753484,19.0,0.09472155640386584,0.00011590128459078663,0.0
6.0,0.40253421377753484,20.0,0.007363690083230398,0.13245060230634279,1.0
6.0,0.40253421377753484,21.0,0.06405296186360895,3.2784078334567856e-06,0.0
6.0,0.40253421377753484,22.0,0.02909185581125729,0.0,0.0
6.0,0.40253421377753484,23.0,0.05876781302468802,0.00010846948288462883,0.0
6.0,0.40253421377753484,24.0,0.022678134335955513,0.0002806553658737814,0.0
6.0,0.40253421377753484,25.0,0.022278391894104375,0.023173479830523674,0.0
6.0,0.40253421377753484,26.0,0.020918705024792462,0.000143135636348853,0.0
6.0,0.40253421377753484,27.0,0.09518305042558929,0.02280530900220355,0.0
6.0,0.40253421377753484,28.0,0.09798755487432335,0.02107627575062866,0.0
6.0,0.40253421377753484,29.0,0.006061051799561446,0.01234414801006158,1.0
6.0,0.40253421377753484,30.0,0.009596401238387862,5.673661731569348e-05,1.0
6.0,0.40253421377753484,31.0,0.008538395225252718,1.3461142034990246,1.0
6.0,0.40253421377753484,32.0,0.006361227734494668,0.003853615337045861,1.0
6.0,0.40253421377753484,33.0,0.003954225895329797,0.006945249232416775,1.0
6.0,0.40253421377753484,34.0,0.008156381895169127,0.46646226461352785,1.0
6.0,0.40253421377753484,35.0,0.09597031057552914,0.000757197602708681,0.0
6.0,0.40253421377753484,36.0,0.04606161050104836,0.002373031920129136,0.0
6.0,0.40253421377753484,37.0,0.027277767190061752,0.0006369171660680058,0.0
6.0,0.40253421377753484,38.0,0.04381811571892785,0.12136877089117948,1.0
6.0,0.40253421377753484,39.0,0.10370098617683729,0.024104141512800856,0.0
6.0,0.40253421377753484,40.0,0.04933171005388162,0.003590071809680832,0.0
6.0,0.40253421377753484,41.0,0.03705506178581114,0.0,0.0
6.0,0.40253421377753484,42.0,0.0869109420113357,0.0013961190714383554,0.0
6.0,0.40253421377753484,43.0,0.03872001920158736,0.018672745233633343,0.0
6.0,0.40253421377753484,44.0,0.006016749782919606,1.1079802471433262,1.0
6.0,0.40253421377753484,45.0,0.05030697049675704,0.0,0.0
6.0,0.40253421377753484,46.0,0.029765239353385074,0.0,0.0
6.0,0.40253421377753484,47.0,0.015549647262134356,9.844510392787141,1.0
6.0,0.40253421377753484,48.0,0.007077816497107727,0.00027969919717569483,1.0
6.0,0.40253421377753484,49.0,0.05885869583362646,0.003338177642836018,0.0
6.0,0.40253421377753484,50.0,0.013523233018529483,0.3147120548187816,1.0
6.0,0.40253421377753484,51.0,0.02173848836858556,7.2597162225751,1.0
6.0,0.40253421377753484,52.0,0.09477977000084391,0.0017607637426719574,0.0
6.0,0.40253421377753484,53.0,0.0066774232216350185,0.005447673111262937,1.0
6.0,0.40253421377753484,54.0,0.006931587427665457,0.17140090103782563,1.0
6.0,0.40253421377753484,55.0,0.01382321958108865,0.17896687593546423,1.0
6.0,0.40253421377753484,56.0,0.01598581366583645,0.0017303946869646324,1.0
6.0,0.40253421377753484,57.0,0.00384815442566699,0.8309690540832866,1.0
6.0,0.40253421377753484,58.0,0.05082081279189921,2.6917201530635712e-06,0.0
6.0,0.40253421377753484,59.0,0.08906156888748067,0.0,0.0
6.0,0.40253421377753484,60.0,0.05567076450163722,0.0,0.0
6.0,0.40253421377753484,61.0,0.030948900723051335,0.0,0.0
6.0,0.40253421377753484,62.0,0.006423675957243121,0.6889922349169451,1.0
6.0,0.40253421377753484,63.0,0.05310489005088248,0.0,0.0
6.0,0.40253421377753484,64.0,0.060444731728800695,0.0021970221925745356,0.0
6.0,0.40253421377753484,65.0,0.030238983456037195,0.0003124844062259926,0.0
6.0,0.40253421377753484,66.0,0.103705182745189,0.021644006210853963,0.0
6.0,0.40253421377753484,67.0,0.00952429135990269,0.04380018328706641,1.0
6.0,0.40253421377753484,68.0,0.031843995670874356,0.0,0.0
6.0,0.40253421377753484,69.0,0.08018073177864281,3.0403486227697648e-05,0.0
6.0,0.40253421377753484,70.0,0.01285431209033667,0.029011183734336258,1.0
6.0,0.40253421377753484,71.0,0.013624134548270706,0.021848155758665066,1.0
6.0,0.40253421377753484,72.0,0.014393225552783571,5.20832276328291,1.0
6.0,0.40253421377753484,73.0,0.036240765102696464,2.4099215689148526e-06,0.0
6.0,0.40253421377753484,74.0,0.022648260390689078,0.0,0.0
6.0,0.40253421377753484,75.0,0.01627965699642873,11.123381279772511,1.0
6.0,0.40253421377753484,76.0,0.0031106617623909666,2.420266419208106,1.0
6.0,0.40253421377753484,77.0,0.032674301180923224,0.01137512185521275,0.0
6.0,0.40253421377753484,78.0,0.08432777423881918,0.0,0.0
6.0,0.40253421377753484,79.0,0.049631779554752786,0.0,0.0
6.0,0.40253421377753484,80.0,0.031816535015734324,0.0,0.0
6.0,0.40253421377753484,81.0,0.020075083644565842,0.0009499679754715837,0.0
6.0,0.40253421377753484,82.0,0.006623723572224326,0.026018062819121234,1.0
6.0,0.40253421377753484,83.0,0.008735300598188651,0.15714361339880425,1.0
6.0,0.40253421377753484,84.0,0.01356806632693847,2.5520361258811795,1.0
6.0,0.40253421377753484,85.0,0.0556405479021031,0.00044593376916592125,0.0
6.0,0.40253421377753484,86.0,0.0030679797186780483,0.003665821686477701,1.0
6.0,0.40253421377753484,87.0,0.02295559655195016,0.0028246828469732344,0.0
6.0,0.40253421377753484,88.0,0.057686791962947286,0.001746366859906991,0.0
6.0,0.40253421377753484,89.0,0.001861660254187316,2.895835457604348,1.0
6.0,0.40253421377753484,90.0,0.0024537321598930425,0.004228147282280729,1.0
6.0,0.40253421377753484,91.0,0.0066943419330612545,0.016952850432881195,1.0
6.0,0.40253421377753484,92.0,0.09103721262885082,0.15086514149836114,0.0
6.0,0.40253421377753484,93.0,0.029521415847171557,0.00140585288442889,0.0
6.0,0.40253421377753484,94.0,0.016688852716645008,0.001277905700455232,1.0
6.0,0.40253421377753484,95.0,0.03242760185903733,0.019593997972641993,0.0
6.0,0.40253421377753484,96.0,0.04677958488915941,0.023867703845445495,0.0
6.0,0.40253421377753484,97.0,0.0939973406817332,5.701509587310284e-05,0.0
6.0,0.40253421377753484,98.0,0.006419615039640163,0.265617885146657,1.0
6.0,0.40253421377753484,99.0,0.05092152219989968,0.020308564372918995,0.0
6.0,0.40253421377753484,100.0,0.008088171894184494,0.017179305168577196,1.0
6.0,0.40253421377753484,101.0,0.006500546050974625,0.017820000793668387,1.0
6.0,0.40253421377753484,102.0,0.028308396799307835,0.0007576309149785217,0.0
6.0,0.40253421377753484,103.0,0.03793268298319763,0.0011022963171032493,0.0
6.0,0.40253421377753484,104.0,0.00650368761645087,0.0006614478201686229,1.0
6.0,0.40253421377753484,105.0,0.02327272775500859,0.0,0.0
6.0,0.40253421377753484,106.0,0.01428700652624417,0.4620530614008819,1.0
6.0,0.40253421377753484,107.0,0.05406929798083379,0.0,0.0
6.0,0.40253421377753484,108.0,0.012249895099248197,0.41432081162222634,1.0
6.0,0.40253421377753484,109.0,0.03840542230653206,0.0,0.0
6.0,0.40253421377753484,110.0,0.0018876534323978233,0.0008997551786308934,1.0
6.0,0.40253421377753484,111.0,0.09469785772333267,0.09042234776078183,0.0
6.0,0.40253421377753484,112.0,0.007040859704796823,0.0012357257303426278,1.0
6.0,0.40253421377753484,113.0,0.06317902178636506,0.009486973388815398,0.0
6.0,0.40253421377753484,114.0,0.002947011862626761,0.1374286365646451,1.0
6.0,0.40253421377753484,115.0,0.00335934265479751,0.009365932874050908,1.0
6.0,0.40253421377753484,116.0,0.02000887163063641,0.0,0.0
6.0,0.40253421377753484,117.0,0.051272972052501024,0.0,0.0
6.0,0.40253421377753484,118.0,0.049436060330115904,0.022409546419343396,0.0
6.0,0.40253421377753484,119.0,0.007329255578266979,0.0010489469284906286,1.0
6.0,0.40253421377753484,120.0,0.007560502870167806,0.10502605353894692,1.0
6.0,0.40253421377753484,121.0,0.04962017017561737,0.03976656100140235,0.0
6.0,0.40253421377753484,122.0,0.009077842789999744,3.700817474941165,1.0
6.0,0.40253421377753484,123.0,0.006912628712455441,0.07918074540119711,1.0
6.0,0.40253421377753484,124.0,0.0026462088378956103,0.00537244137423929,1.0
6.0,0.40253421377753484,125.0,0.25892460164321257,1.734019110564967e-06,0.0
6.0,0.40253421377753484,126.0,0.007434035115774545,0.6561060604065985,1.0
6.0,0.40253421377753484,127.0,0.09543911192134255,0.019846567026813405,0.0
6.0,0.40253421377753484,128.0,0.010014746167004582,1.874710150860199,1.0
6.0,0.40253421377753484,129.0,0.007159128215649934,0.015684784863276943,1.0
6.0,0.40253421377753484,130.0,0.0017999033346282759,0.010235335936419142,1.0
6.0,0.40253421377753484,131.0,0.013379861346912148,0.0505565444250704,1.0
6.0,0.40253421377753484,132.0,0.037882495752445684,0.0,0.0
6.0,0.40253421377753484,133.0,0.005320433991579644,1.8246069144393895,1.0
6.0,0.40253421377753484,134.0,0.035991522601280926,2.7144971458494573e-05,0.0
6.0,0.40253421377753484,135.0,0.006674769839193191,0.013624707709383272,1.0
6.0,0.40253421377753484,136.0,0.017552544679451117,5.880722010346379,1.0
6.0,0.40253421377753484,137.0,0.00728137093898627,0.10485533392990357,1.0
6.0,0.40253421377753484,138.0,0.09861229383052945,0.019648334814070408,0.0
6.0,0.40253421377753484,139.0,0.030573117529841643,0.0,0.0
6.0,0.40253421377753484,140.0,0.006415918228058533,0.2562426554424063,1.0
6.0,0.40253421377753484,141.0,0.03742225769414811,0.00261890794349394,0.0
6.0,0.40253421377753484,142.0,0.056624166454523985,0.0009449858455641751,0.0
6.0,0.40253421377753484,143.0,0.006431904843543679,0.005398186924234915,1.0
6.0,0.40253421377753484,144.0,0.003199583296520035,0.007284899434679765,1.0
6.0,0.40253421377753484,145.0,0.01903143240845196,0.000498413088153878,0.0
6.0,0.40253421377753484,146.0,0.03656110713464304,0.0034232262349434867,0.0
6.0,0.40253421377753484,147.0,0.09473521203782946,0.0003812637394794649,0.0
6.0,0.40253421377753484,148.0,0.005897313902744327,1.3309800928324822,1.0
6.0,0.40253421377753484,149.0,0.007289075030788085,0.06903931691931783,1.0
6.0,0.40253421377753484,150.0,0.10327431184958583,0.0012017795362910767,0.0
6.0,0.40253421377753484,151.0,0.006259131938250829,0.010926506366715513,1.0
6.0,0.40253421377753484,152.0,0.0580531706358601,0.0005612743892083213,0.0
6.0,0.40253421377753484,153.0,0.02986653582697177,0.0,0.0
6.0,0.40253421377753484,154.0,0.05628996407686248,0.0008178544612372396,0.0
6.0,0.40253421377753484,155.0,0.03667777261547117,0.0038979032709169662,0.0
6.0,0.40253421377753484,156.0,0.006208684487434571,0.04435307038752607,1.0
6.0,0.40253421377753484,157.0,0.02333220707727238,0.0,0.0
6.0,0.40253421377753484,158.0,0.0028101492158814586,0.19367984029676177,1.0
6.0,0.40253421377753484,159.0,0.07920644733723343,0.15443359759779474,1.0
6.0,0.40253421377753484,160.0,0.007679463041128863,0.624955958865173,1.0
6.0,0.40253421377753484,161.0,0.09749959660001949,0.0,0.0
6.0,0.40253421377753484,162.0,0.0034623132804492748,0.029835250187665186,1.0
6.0,0.40253421377753484,163.0,0.014288184047598356,0.008992903759221545,1.0
6.0,0.40253421377753484,164.0,0.0715552548246185,0.019136320833078372,0.0
6.0,0.40253421377753484,165.0,0.09375230562991424,5.20459521459265e-05,0.0
6.0,0.40253421377753484,166.0,0.08367024198880903,2.0457837559460827e-05,0.0
6.0,0.40253421377753484,167.0,0.25491234431813814,3.343482469091812e-05,0.0
6.0,0.40253421377753484,168.0,0.023035788410076842,0.0,0.0
6.0,0.40253421377753484,169.0,0.021289922874453603,2.7411246500717925e-05,0.0
6.0,0.40253421377753484,170.0,0.0937805981220821,0.021034638468280752,0.0
6.0,0.40253421377753484,171.0,0.002509080113926125,0.10214231665694891,1.0
6.0,0.40253421377753484,172.0,0.0037523775706326612,0.1242975957843726,1.0
6.0,0.40253421377753484,173.0,0.002431005668940777,0.02260927914484137,1.0
6.0,0.40253421377753484,174.0,0.0225792262086167,0.024412001277179286,0.0
6.0,0.40253421377753484,175.0,0.012886668744160858,0.00013485999728924403,1.0
6.0,0.40253421377753484,176.0,0.0033030893650638823,0.4084915641709335,1.0
6.0,0.40253421377753484,177.0,0.02129916249494459,0.013639655860078466,0.0
6.0,0.40253421377753484,178.0,0.10433349078339223,0.005848568769974795,0.0
6.0,0.40253421377753484,179.0,0.027678465162688237,0.05177800790523369,0.0
6.0,0.40253421377753484,180.0,0.007835134012843185,2.281446733593883,1.0
6.0,0.40253421377753484,181.0,0.03687989367926106,0.008173840815860263,0.0
6.0,0.40253421377753484,182.0,0.006076296976867216,0.026297542982964276,1.0
6.0,0.40253421377753484,183.0,0.058020353838092065,0.010827307241159526,0.0
6.0,0.40253421377753484,184.0,0.011124101411365791,6.476880978818588e-06,1.0
6.0,0.40253421377753484,185.0,0.010182795883429963,0.3208797327232731,1.0
6.0,0.40253421377753484,186.0,0.07527605489022188,0.018914219767930545,0.0
6.0,0.40253421377753484,187.0,0.09681712025744181,1.465943579297283e-06,0.0
6.0,0.40253421377753484,188.0,0.005512221290041474,0.9923785318189975,1.0
6.0,0.40253421377753484,189.0,0.023412508027688586,1.2946779538152383e-05,0.0
6.0,0.40253421377753484,190.0,0.006757573219704145,0.0020195934488004635,1.0
6.0,0.40253421377753484,191.0,0.006574586853812496,0.18627403023437375,1.0
6.0,0.40253421377753484,192.0,0.0073491428341929,0.03591490775476635,1.0
6.0,0.40253421377753484,193.0,0.09166897082740585,0.0013588093355946368,0.0
6.0,0.40253421377753484,194.0,0.015276368764286065,11.349875792223907,1.0
6.0,0.40253421377753484,195.0,0.006213395030212334,0.015328349335154357,1.0
6.0,0.40253421377753484,196.0,0.006438888744127352,0.005413278210553991,1.0
6.0,0.40253421377753484,197.0,0.01412878502109641,0.002860583408959167,1.0
6.0,0.40253421377753484,198.0,0.006757961220590966,0.025212314581036826,1.0
6.0,0.40253421377753484,199.0,0.05036107423443154,0.0001611600991776902,0.0
6.0,0.40253421377753484,200.0,0.09470107888477851,0.0051095848540908305,0.0
6.0,0.40253421377753484,201.0,0.09489168037554385,0.0,0.0
6.0,0.40253421377753484,202.0,0.09756092148265293,0.0,0.0
6.0,0.40253421377753484,203.0,0.09329305456740568,0.001896207612540644,0.0
6.0,0.40253421377753484,204.0,0.05778896544399527,6.978267280568777e-06,0.0
6.0,0.40253421377753484,205.0,0.0303738437451997,0.0,0.0
6.0,0.40253421377753484,206.0,0.007310677139237527,1.846547010695776,1.0
6.0,0.40253421377753484,207.0,0.023276465358000164,0.0,0.0
6.0,0.40253421377753484,208.0,0.0017305498804383113,0.06041875183947234,1.0
6.0,0.40253421377753484,209.0,0.006777526017646963,0.05649973656469921,1.0
6.0,0.40253421377753484,210.0,0.022970363281336153,8.849005114490552e-06,1.0
6.0,0.40253421377753484,211.0,0.012070255038367023,0.20444740278068851,1.0
6.0,0.40253421377753484,212.0,0.006983160028228063,1.2883772101341362,1.0
6.0,0.40253421377753484,213.0,0.0882180593124331,0.0,0.0
6.0,0.40253421377753484,214.0,0.09397626866455987,0.0007078133312236111,0.0
6.0,0.40253421377753484,215.0,0.04901488829173578,0.00025114694570070064,0.0
6.0,0.40253421377753484,216.0,0.006860050374011034,0.00013084177050971444,1.0
6.0,0.40253421377753484,217.0,0.0073291390375507534,1.7234331240405376,1.0
6.0,0.40253421377753484,218.0,0.03706182940287425,0.007937850188739777,0.0
6.0,0.40253421377753484,219.0,0.05173606634378079,0.0,0.0
6.0,0.40253421377753484,220.0,0.036791793090133446,0.0021169952733628055,0.0
6.0,0.40253421377753484,221.0,0.0042467503999564955,0.11334791716862441,1.0
6.0,0.40253421377753484,222.0,0.03230864666230024,0.0003854013547345059,0.0
6.0,0.40253421377753484,223.0,0.01390083753065791,0.009280036335905153,1.0
6.0,0.40253421377753484,224.0,0.023182020945121763,1.4385208252193294e-05,1.0
6.0,0.40253421377753484,225.0,0.036142666657401804,0.0,0.0
6.0,0.40253421377753484,226.0,0.005522342077812421,0.6641748221733158,1.0
6.0,0.40253421377753484,227.0,0.027790582776103807,1.4566610252579717e-05,0.0
6.0,0.40253421377753484,228.0,0.01948192165174322,1.8725261451474875,1.0
6.0,0.40253421377753484,229.0,0.004909918889524418,0.0028051052343241014,1.0
6.0,0.40253421377753484,230.0,0.007062879148757327,0.00025546975797631586,1.0
6.0,0.40253421377753484,231.0,0.03646075957191876,4.2310992945044126e-05,0.0
6.0,0.40253421377753484,232.0,0.02243320872904086,0.0,0.0
6.0,0.40253421377753484,233.0,0.09764132343241064,0.0012356556073509913,0.0
6.0,0.40253421377753484,234.0,0.0029833039120745267,0.0006945720011371426,1.0
6.0,0.40253421377753484,235.0,0.028532131158205465,0.00537196885303878,0.0
6.0,0.40253421377753484,236.0,0.02283771364946549,1.7436240921780498e-05,0.0
6.0,0.40253421377753484,237.0,0.008174855324720183,4.503536056604685,1.0
6.0,0.40253421377753484,238.0,0.0016385827830571857,8.577388669299315e-06,1.0
6.0,0.40253421377753484,239.0,0.05732127585480058,0.0,0.0
6.0,0.40253421377753484,240.0,0.0172190686844168,0.019361159239309506,1.0
6.0,0.40253421377753484,241.0,0.05964347036305778,0.0012505341372354198,0.0
6.0,0.40253421377753484,242.0,0.0091741558305857,1.207481154189171,1.0
6.0,0.40253421377753484,243.0,0.08708584919606642,6.506997773899235e-05,0.0
6.0,0.40253421377753484,244.0,0.08999249425800296,0.0,0.0
6.0,0.40253421377753484,245.0,0.05137223309510312,0.0,0.0
6.0,0.40253421377753484,246.0,0.06036182552242944,8.575842412970663e-06,0.0
6.0,0.40253421377753484,247.0,0.08845006451831526,0.019638629922283216,0.0
6.0,0.40253421377753484,248.0,0.09553537436939094,0.003982136798847589,0.0
6.0,0.40253421377753484,249.0,0.09520201362550941,0.0004949858298785998,0.0
6.0,0.40253421377753484,250.0,0.05628588977374068,0.0,0.0
6.0,0.40253421377753484,251.0,0.045125439412744946,0.02832129887066259,0.0
6.0,0.40253421377753484,252.0,0.0021356805109698576,0.005967294398815301,1.0
6.0,0.40253421377753484,253.0,0.04031388258192263,0.009408578165512911,0.0
6.0,0.40253421377753484,254.0,0.0024419512560478742,0.036547935956272454,1.0
6.0,0.40253421377753484,255.0,0.09734625632349235,0.0,0.0
6.0,0.40253421377753484,256.0,0.015228451482860974,0.00127879660422757,1.0
6.0,0.40253421377753484,257.0,0.006844987860685409,0.04536949721788466,1.0
6.0,0.40253421377753484,258.0,0.10547350569686093,1.717074623105463e-05,0.0
6.0,0.40253421377753484,259.0,0.03640465442838951,2.319754245303299e-06,0.0
6.0,0.40253421377753484,260.0,0.09385868142609424,0.0,0.0
6.0,0.40253421377753484,261.0,0.017906989627199863,0.002018819037610966,1.0
6.0,0.40253421377753484,262.0,0.03113487370937081,8.823661990667705e-06,0.0
6.0,0.40253421377753484,263.0,0.2561581309765565,0.00011733735180925509,0.0
6.0,0.40253421377753484,264.0,0.02117497507173175,0.0009005750004819344,0.0
6.0,0.40253421377753484,265.0,0.002692637358904704,0.17354603905761348,1.0
6.0,0.40253421377753484,266.0,0.011365404520859435,0.008708351527674707,1.0
6.0,0.40253421377753484,267.0,0.006925589316636208,0.0006785292752027222,1.0
6.0,0.40253421377753484,268.0,0.04761164969294294,7.644735107789346e-05,0.0
6.0,0.40253421377753484,269.0,0.011372186261822272,0.032620626918907845,1.0
6.0,0.40253421377753484,270.0,0.006281375662503515,0.0034073641204392896,1.0
6.0,0.40253421377753484,271.0,0.0022653453191443652,0.0010227020667645157,1.0
6.0,0.40253421377753484,272.0,0.009666637502311571,0.0001889018580981043,1.0
6.0,0.40253421377753484,273.0,0.006753795837775763,0.036007349944818946,1.0
6.0,0.40253421377753484,274.0,0.08712480371600229,0.0239677297585481,0.0
6.0,0.40253421377753484,275.0,0.10248149787301945,0.04641784590865717,0.0
6.0,0.40253421377753484,276.0,0.09538574705002172,0.00018896656814770683,0.0
6.0,0.40253421377753484,277.0,0.013102295085305577,0.00030337211121468736,1.0
6.0,0.40253421377753484,278.0,0.05744009529940115,0.0,0.0
6.0,0.40253421377753484,279.0,0.0847834972725064,7.139202104211827e-05,0.0
6.0,0.40253421377753484,280.0,0.0497887385378129,2.3438115899774e-05,0.0
6.0,0.40253421377753484,281.0,0.0964156518774176,0.0,0.0
6.0,0.40253421377753484,282.0,0.006510390263119552,0.04567141672360812,1.0
6.0,0.40253421377753484,283.0,0.007208450886350914,6.960516407932577,1.0
6.0,0.40253421377753484,284.0,0.046949774243373155,0.0,0.0
6.0,0.40253421377753484,285.0,0.033386614018030975,0.0,0.0
6.0,0.40253421377753484,286.0,0.006603778869625071,1.79284151629212,1.0
6.0,0.40253421377753484,287.0,0.012827464517359851,0.013800346682022624,1.0
6.0,0.40253421377753484,288.0,0.03186145630303128,0.0020671611371643173,0.0
6.0,0.40253421377753484,289.0,0.036829837410024734,7.853805429039067e-06,0.0
6.0,0.40253421377753484,290.0,0.006809471403412288,0.022344335752823987,1.0
6.0,0.40253421377753484,291.0,0.012420126721519105,0.05394259695802754,1.0
6.0,0.40253421377753484,292.0,0.006434194643676519,0.06343707780655097,1.0
6.0,0.40253421377753484,293.0,0.022976045630869548,0.007423240259771186,0.0
6.0,0.40253421377753484,294.0,0.006663976124370221,0.031215913339189133,1.0
6.0,0.40253421377753484,295.0,0.08777477005142424,2.6954413191911323e-05,0.0
6.0,0.40253421377753484,296.0,0.04908132281332555,5.164169733986587e-06,0.0
6.0,0.40253421377753484,297.0,0.007140096411986516,0.0002358745919149128,1.0
6.0,0.40253421377753484,298.0,0.03704480575460565,1.0823280330901266e-06,0.0
6.0,0.40253421377753484,299.0,0.0019008283869974124,0.33903882000339786,1.0
6.0,0.40253421377753484,300.0,0.09732858518584797,0.0,0.0
6.0,0.40253421377753484,301.0,0.02682197944750344,0.0,0.0
6.0,0.40253421377753484,302.0,0.0030687506368327366,0.003690196825455962,1.0
6.0,0.40253421377753484,303.0,0.01084571005232169,0.10315214039837392,1.0
6.0,0.40253421377753484,304.0,0.029801993374003792,0.01909774411203903,0.0
6.0,0.40253421377753484,305.0,0.007594572739456453,0.017629049394794434,1.0
6.0,0.40253421377753484,306.0,0.033591805774634734,0.0003323572326520696,0.0
6.0,0.40253421377753484,307.0,0.02969055828317543,0.0,0.0
6.0,0.40253421377753484,308.0,0.004406595450955989,0.31917684709955874,1.0
6.0,0.40253421377753484,309.0,0.0021074591304788984,1.6642817743959166,1.0
6.0,0.40253421377753484,310.0,0.020819666861426632,7.236294556464356e-05,0.0
6.0,0.40253421377753484,311.0,0.006504882106169415,0.005506615337695864,1.0
6.0,0.40253421377753484,312.0,0.0546945481786459,0.0,0.0
6.0,0.40253421377753484,313.0,0.03723092900888107,0.0008220149083527001,0.0
6.0,0.40253421377753484,314.0,0.06174265208817868,0.0,0.0
6.0,0.40253421377753484,315.0,0.012419664353018214,0.9560866875115321,1.0
6.0,0.40253421377753484,316.0,0.014958994092716739,0.013569603167537908,1.0
6.0,0.40253421377753484,317.0,0.020005316800649646,2.223114827144098e-06,1.0
6.0,0.40253421377753484,318.0,0.004880662739988682,1.1623883323476085,1.0
6.0,0.40253421377753484,319.0,0.02202500660924344,2.277080167128619e-05,0.0
6.0,0.40253421377753484,320.0,0.009736243352645875,0.1977760604728331,1.0
6.0,0.40253421377753484,321.0,0.030338078635261563,0.010520070027793689,0.0
6.0,0.40253421377753484,322.0,0.003068982940075557,0.041148317882389096,1.0
6.0,0.40253421377753484,323.0,0.03288731540704162,0.0,0.0
6.0,0.40253421377753484,324.0,0.029036401778545575,0.0,0.0
6.0,0.40253421377753484,325.0,0.03596378019404082,3.2121198414253384e-06,0.0
6.0,0.40253421377753484,326.0,0.09614838631102046,0.0003704879248635463,0.0
6.0,0.40253421377753484,327.0,0.0065756329595064444,0.09144484038356761,1.0
6.0,0.40253421377753484,328.0,0.03144309902732961,0.010501837060217819,0.0
6.0,0.40253421377753484,329.0,0.006374051686479267,0.0033240814780955857,1.0
6.0,0.40253421377753484,330.0,0.023020835469616314,0.00037898002522639704,0.0
6.0,0.40253421377753484,331.0,0.02323872858855372,0.0,0.0
6.0,0.40253421377753484,332.0,0.009792165904074154,1.6983680393212082,1.0
6.0,0.40253421377753484,333.0,0.031133725798169344,3.418570010898823e-05,0.0
6.0,0.40253421377753484,334.0,0.006255517882495108,0.06281454009712725,1.0
6.0,0.40253421377753484,335.0,0.006917556273982954,0.00680043937525904,1.0
6.0,0.40253421377753484,336.0,0.09538255187872081,2.6342478071511043e-06,0.0
6.0,0.40253421377753484,337.0,0.007278419066722267,0.007912510763406443,1.0
6.0,0.40253421377753484,338.0,0.08824999514245294,0.0002139644790607883,0.0
6.0,0.40253421377753484,339.0,0.25692869713078004,0.001501847266430799,0.0
6.0,0.40253421377753484,340.0,0.022917278757925513,0.0,0.0
6.0,0.40253421377753484,341.0,0.029614795053495114,0.0,0.0
6.0,0.40253421377753484,342.0,0.05503178655257625,4.31901794144378e-05,0.0
6.0,0.40253421377753484,343.0,0.05063938490810934,0.0008291701357954896,0.0
6.0,0.40253421377753484,344.0,0.006599318582872921,0.0011593539067354384,1.0
6.0,0.40253421377753484,345.0,0.006407046532441078,0.02022936807106068,1.0
6.0,0.40253421377753484,346.0,0.0031717012472680965,0.0012101342648388352,1.0
6.0,0.40253421377753484,347.0,0.03745348234675863,0.0,0.0
6.0,0.40253421377753484,348.0,0.0970908480398407,0.0,0.0
6.0,0.40253421377753484,349.0,0.05709897912794081,0.0002035339522528011,0.0
6.0,0.40253421377753484,350.0,0.05809833465215004,3.999042831182089e-05,0.0
6.0,0.40253421377753484,351.0,0.009837349306172777,7.774902848529813,1.0
6.0,0.40253421377753484,352.0,0.03083396422006067,0.0,0.0
6.0,0.40253421377753484,353.0,0.059337418694621294,0.0010697447514229842,0.0
6.0,0.40253421377753484,354.0,0.002662625923226712,0.021708420160649878,1.0
6.0,0.40253421377753484,355.0,0.05081236928682356,0.0,0.0
6.0,0.40253421377753484,356.0,0.0672339462030942,0.0004148336575319818,0.0
6.0,0.40253421377753484,357.0,0.006539147123272944,0.0024258906660458816,1.0
6.0,0.40253421377753484,358.0,0.050280272359894865,0.0015697548116698006,0.0
6.0,0.40253421377753484,359.0,0.0882275248776951,0.0003531813019809049,0.0
6.0,0.40253421377753484,360.0,0.2574520613651166,0.0004654705754692835,0.0
6.0,0.40253421377753484,361.0,0.006461427180012711,0.046617734232850185,1.0
6.0,0.40253421377753484,362.0,0.002351925039481743,0.37035111553891537,1.0
6.0,0.40253421377753484,363.0,0.022442147433452825,0.0,0.0
6.0,0.40253421377753484,364.0,0.007266984681810073,0.0013791764156423547,1.0
6.0,0.40253421377753484,365.0,0.013151098958903791,0.46945399585288333,1.0
6.0,0.40253421377753484,366.0,0.05326584398639787,4.2015532870099495e-06,0.0
6.0,0.40253421377753484,367.0,0.09526143671633593,7.762138123817024e-07,0.0
6.0,0.40253421377753484,368.0,0.050048968120239984,0.0030450079271927607,0.0
6.0,0.40253421377753484,369.0,0.021074273388126657,0.00013503795956369436,0.0
6.0,0.40253421377753484,370.0,0.007645771839789309,0.011259944594634154,1.0
6.0,0.40253421377753484,371.0,0.031841612519578864,6.347827971071025e-05,0.0
6.0,0.40253421377753484,372.0,0.007330141547546043,0.3572506004471856,1.0
6.0,0.40253421377753484,373.0,0.01205445852571875,1.0420810657301314,1.0
6.0,0.40253421377753484,374.0,0.056792002696241434,0.0,0.0
6.0,0.40253421377753484,375.0,0.005949068303798608,0.004794847287677462,1.0
6.0,0.40253421377753484,376.0,0.006882418275661004,3.251454058754321,1.0
6.0,0.40253421377753484,377.0,0.008298676275091692,2.270709069977218,1.0
6.0,0.40253421377753484,378.0,0.09579696884238473,0.0,0.0
6.0,0.40253421377753484,379.0,0.022244748710334102,0.0,0.0
6.0,0.40253421377753484,380.0,0.012387133743743442,0.41528336869462273,1.0
6.0,0.40253421377753484,381.0,0.0017596439797418488,0.4129370636235058,1.0
6.0,0.40253421377753484,382.0,0.03740752737052418,0.0,0.0
6.0,0.40253421377753484,383.0,0.09185829720524587,0.02184192587503924,0.0
6.0,0.40253421377753484,384.0,0.09444089187349396,4.9993193701950246e-05,0.0
6.0,0.40253421377753484,385.0,0.10311016825122296,0.005823473802219345,0.0
6.0,0.40253421377753484,386.0,0.007304332157116221,0.16915326459498695,1.0
6.0,0.40253421377753484,387.0,0.010380272462458427,6.782204735465285e-06,1.0
6.0,0.40253421377753484,388.0,0.0026420930433484133,0.005979793718359597,1.0
6.0,0.40253421377753484,389.0,0.008887823742818731,2.710154781584522,1.0
6.0,0.40253421377753484,390.0,0.006730210147563355,0.0071371877195575755,1.0
6.0,0.40253421377753484,391.0,0.03653250265680352,0.0,0.0
6.0,0.40253421377753484,392.0,0.037797779356846785,0.006239916592394514,0.0
6.0,0.40253421377753484,393.0,0.10537889379064859,0.0,0.0
6.0,0.40253421377753484,394.0,0.01822571379104213,2.2699687811887683,1.0
6.0,0.40253421377753484,395.0,0.09684402957010751,5.554474975448772e-07,0.0
6.0,0.40253421377753484,396.0,0.03086551967037729,0.0004481946252573759,0.0
6.0,0.40253421377753484,397.0,0.006716725364051606,0.25521547654179166,1.0
6.0,0.40253421377753484,398.0,0.0027905767416028645,0.1430372598457994,1.0
6.0,0.40253421377753484,399.0,0.007499565845800201,0.0007850246501768436,1.0
6.0,0.46962324940712397,0.0,0.014715620451469603,0.19209434079693602,1.0
6.0,0.46962324940712397,1.0,0.009812761847044034,0.777441510733068,1.0
6.0,0.46962324940712397,2.0,0.006383998865141915,0.0033466236689993333,1.0
6.0,0.46962324940712397,3.0,0.007545087244827985,0.0008811829475356105,1.0
6.0,0.46962324940712397,4.0,0.001094042902779509,0.002226311923900201,1.0
6.0,0.46962324940712397,5.0,0.24993165630341194,0.00046003496299586286,0.0
6.0,0.46962324940712397,6.0,0.2600283496994616,0.0,0.0
6.0,0.46962324940712397,7.0,0.04986058974010568,0.0,0.0
6.0,0.46962324940712397,8.0,0.006318739096164408,0.007023525782290642,1.0
6.0,0.46962324940712397,9.0,0.015255166648214927,0.0034472100724122568,1.0
6.0,0.46962324940712397,10.0,0.1018946403121746,0.019488576192441407,0.0
6.0,0.46962324940712397,11.0,0.0047559775031781075,0.135137185908315,1.0
6.0,0.46962324940712397,12.0,0.038371057263902546,0.0,0.0
6.0,0.46962324940712397,13.0,0.05778050868535939,0.0,0.0
6.0,0.46962324940712397,14.0,0.006835319782835797,0.009057468455053914,1.0
6.0,0.46962324940712397,15.0,0.10083826751609995,0.0,0.0
6.0,0.46962324940712397,16.0,0.0923158695306748,3.239421849632924e-08,0.0
6.0,0.46962324940712397,17.0,0.006488821904064878,0.0013424453269042177,1.0
6.0,0.46962324940712397,18.0,0.09999430361353678,3.5418786323152545e-05,0.0
6.0,0.46962324940712397,19.0,0.09472155640386584,0.00011590128459078663,0.0
6.0,0.46962324940712397,20.0,0.007363690083230398,0.13245060230634279,1.0
6.0,0.46962324940712397,21.0,0.06405296186360895,3.2784078334567856e-06,0.0
6.0,0.46962324940712397,22.0,0.0993900222972675,0.0,0.0
6.0,0.46962324940712397,23.0,0.05876781302468802,0.00010846948288462883,0.0
6.0,0.46962324940712397,24.0,0.022678134335955513,0.0002806553658737814,0.0
6.0,0.46962324940712397,25.0,0.022278391894104375,0.023173479830523674,0.0
6.0,0.46962324940712397,26.0,0.020918705024792462,0.000143135636348853,0.0
6.0,0.46962324940712397,27.0,0.09518305042558929,0.02280530900220355,0.0
6.0,0.46962324940712397,28.0,0.09798755487432335,0.02107627575062866,0.0
6.0,0.46962324940712397,29.0,0.006061051799561446,0.01234414801006158,1.0
6.0,0.46962324940712397,30.0,0.012026451997912043,5.673661731569348e-05,1.0
6.0,0.46962324940712397,31.0,0.10359276141516659,0.010241887342227569,0.0
6.0,0.46962324940712397,32.0,0.01576663664902967,0.005648040587890014,1.0
6.0,0.46962324940712397,33.0,0.006539877054286238,0.003809179362901938,1.0
6.0,0.46962324940712397,34.0,0.008156381895169127,0.46646226461352785,1.0
6.0,0.46962324940712397,35.0,0.09597031057552914,0.000757197602708681,0.0
6.0,0.46962324940712397,36.0,0.07034977932039554,0.00237177807324274,0.0
6.0,0.46962324940712397,37.0,0.09438163276930794,0.000617726582144756,0.0
6.0,0.46962324940712397,38.0,0.03787284582045266,0.48293166621274264,1.0
6.0,0.46962324940712397,39.0,0.25880392398358354,0.023088296833513468,0.0
6.0,0.46962324940712397,40.0,0.05509313191051697,0.003589648456229832,0.0
6.0,0.46962324940712397,41.0,0.03705506178581114,0.0,0.0
6.0,0.46962324940712397,42.0,0.09208866995493722,0.0014100596625023908,0.0
6.0,0.46962324940712397,43.0,0.03872001920158736,0.018672745233633343,0.0
6.0,0.46962324940712397,44.0,0.006016749782919606,1.1079802471433262,1.0
6.0,0.46962324940712397,45.0,0.07372710792179737,0.0,0.0
6.0,0.46962324940712397,46.0,0.10216225420544092,0.0,0.0
6.0,0.46962324940712397,47.0,0.03043713641398941,12.7510557914527,1.0
6.0,0.46962324940712397,48.0,0.007077816497107727,0.00020132914881994553,1.0
6.0,0.46962324940712397,49.0,0.08594936697645975,0.0030504592414803125,0.0
6.0,0.46962324940712397,50.0,0.013523233018529483,0.3147120548187816,1.0
6.0,0.46962324940712397,51.0,0.02173848836858556,7.2597162225751,1.0
6.0,0.46962324940712397,52.0,0.09477977000084391,0.0017607637426719574,0.0
6.0,0.46962324940712397,53.0,0.006596486526265779,0.004783847352368339,1.0
6.0,0.46962324940712397,54.0,0.006931587427665457,0.17140090103782563,1.0
6.0,0.46962324940712397,55.0,0.00824284612979527,0.8045078308498795,1.0
6.0,0.46962324940712397,56.0,0.01598581366583645,0.0017303946869646324,1.0
6.0,0.46962324940712397,57.0,0.006389711403267285,1.0590778713520932,1.0
6.0,0.46962324940712397,58.0,0.055194528543299336,2.6912237470527384e-06,0.0
6.0,0.46962324940712397,59.0,0.09421604001655245,0.0,0.0
6.0,0.46962324940712397,60.0,0.09184558184071931,0.0,0.0
6.0,0.46962324940712397,61.0,0.10355592289964415,0.0,0.0
6.0,0.46962324940712397,62.0,0.10421787365659385,0.03363804542243119,0.0
6.0,0.46962324940712397,63.0,0.05294975394591477,0.0,0.0
6.0,0.46962324940712397,64.0,0.10603408454934564,0.0021075371040564766,0.0
6.0,0.46962324940712397,65.0,0.09024736108164087,0.0003125586055256597,0.0
6.0,0.46962324940712397,66.0,0.103705182745189,0.021644006210853963,0.0
6.0,0.46962324940712397,67.0,0.00952429135990269,0.04380018328706641,1.0
6.0,0.46962324940712397,68.0,0.10372272293438335,0.0,0.0
6.0,0.46962324940712397,69.0,0.11431807509012944,3.038384093339637e-05,0.0
6.0,0.46962324940712397,70.0,0.008688515533484134,0.11648391073928403,1.0
6.0,0.46962324940712397,71.0,0.013624134548270706,0.021848155758665066,1.0
6.0,0.46962324940712397,72.0,0.01894909278217792,6.201381193809561,1.0
6.0,0.46962324940712397,73.0,0.036240765102696464,2.4099215689148526e-06,0.0
6.0,0.46962324940712397,74.0,0.022648260390689078,0.0,0.0
6.0,0.46962324940712397,75.0,0.020281530348061242,11.617132602199403,1.0
6.0,0.46962324940712397,76.0,0.0081412320304955,3.924943889545407,1.0
6.0,0.46962324940712397,77.0,0.032674301180923224,0.01137512185521275,0.0
6.0,0.46962324940712397,78.0,0.08432777423881918,0.0,0.0
6.0,0.46962324940712397,79.0,0.05571342137742427,0.0,0.0
6.0,0.46962324940712397,80.0,0.10381641255301245,0.0,0.0
6.0,0.46962324940712397,81.0,0.020075083644565842,0.0009499679754715837,0.0
6.0,0.46962324940712397,82.0,0.006623723572224326,0.026018062819121234,1.0
6.0,0.46962324940712397,83.0,0.017264812272771372,0.6652945514654706,1.0
6.0,0.46962324940712397,84.0,0.023575505512877078,3.275463668672762,1.0
6.0,0.46962324940712397,85.0,0.09589392861798343,0.00044526116124222093,0.0
6.0,0.46962324940712397,86.0,0.0030679797186780483,0.003665821686477701,1.0
6.0,0.46962324940712397,87.0,0.02295559655195016,0.0028246828469732344,0.0
6.0,0.46962324940712397,88.0,0.10019228184108322,0.0017474149589004212,0.0
6.0,0.46962324940712397,89.0,0.006293839851985656,1.665318534861222,1.0
6.0,0.46962324940712397,90.0,0.007332181814629388,0.004694428548362091,1.0
6.0,0.46962324940712397,91.0,0.2569724245994329,7.950870223573375e-05,0.0
6.0,0.46962324940712397,92.0,0.09606756780456685,0.15085975942882499,0.0
6.0,0.46962324940712397,93.0,0.09870887073163193,0.0013987259472945694,0.0
6.0,0.46962324940712397,94.0,0.016688852716645008,0.001277905700455232,1.0
6.0,0.46962324940712397,95.0,0.10518097503109108,0.019409872157699307,0.0
6.0,0.46962324940712397,96.0,0.0973050224691806,0.02386045887701593,0.0
6.0,0.46962324940712397,97.0,0.0939973406817332,5.701509587310284e-05,0.0
6.0,0.46962324940712397,98.0,0.006419615039640163,0.265617885146657,1.0
6.0,0.46962324940712397,99.0,0.05766619075949825,0.020308526295772917,0.0
6.0,0.46962324940712397,100.0,0.006798518839442933,0.020406541956397756,1.0
6.0,0.46962324940712397,101.0,0.0069407358428688155,0.01795406075978211,1.0
6.0,0.46962324940712397,102.0,0.036344633609345894,0.000682296155852494,0.0
6.0,0.46962324940712397,103.0,0.03793268298319763,0.0011022963171032493,0.0
6.0,0.46962324940712397,104.0,0.00650368761645087,0.0006614478201686229,1.0
6.0,0.46962324940712397,105.0,0.09563490581988722,0.0,0.0
6.0,0.46962324940712397,106.0,0.014489921453039204,0.4627249409861043,1.0
6.0,0.46962324940712397,107.0,0.056556868175104504,0.0,0.0
6.0,0.46962324940712397,108.0,0.07133551460311013,0.007752010363025197,0.0
6.0,0.46962324940712397,109.0,0.03840542230653206,0.0,0.0
6.0,0.46962324940712397,110.0,0.0018876534323978233,0.0008997551786308934,1.0
6.0,0.46962324940712397,111.0,0.09469785772333267,0.09042234776078183,0.0
6.0,0.46962324940712397,112.0,0.007040859704796823,0.0012357257303426278,1.0
6.0,0.46962324940712397,113.0,0.09952724598401336,0.008637206717994303,0.0
6.0,0.46962324940712397,114.0,0.002947011862626761,0.1374286365646451,1.0
6.0,0.46962324940712397,115.0,0.00335934265479751,0.009365932874050908,1.0
6.0,0.46962324940712397,116.0,0.02000887163063641,0.0,0.0
6.0,0.46962324940712397,117.0,0.05807045649254728,0.0,0.0
6.0,0.46962324940712397,118.0,0.07030079648310908,0.021709066451634864,0.0
6.0,0.46962324940712397,119.0,0.007329255578266979,0.0010489469284906286,1.0
6.0,0.46962324940712397,120.0,0.007560502870167806,0.10502605353894692,1.0
6.0,0.46962324940712397,121.0,0.0536963820590912,0.039765142147098975,0.0
6.0,0.46962324940712397,122.0,0.009077842789999744,3.700817474941165,1.0
6.0,0.46962324940712397,123.0,0.01926226911511025,0.37691011173105676,1.0
6.0,0.46962324940712397,124.0,0.0026462088378956103,0.00537244137423929,1.0
6.0,0.46962324940712397,125.0,0.25892460164321257,1.734019110564967e-06,0.0
6.0,0.46962324940712397,126.0,0.012074862782528319,0.6566282238339182,1.0
6.0,0.46962324940712397,127.0,0.09543911192134255,0.019846567026813405,0.0
6.0,0.46962324940712397,128.0,0.01256819986701058,3.3165163796170423,1.0
6.0,0.46962324940712397,129.0,0.08637839770622896,0.000662665013113875,0.0
6.0,0.46962324940712397,130.0,0.0017999033346282759,0.010235335936419142,1.0
6.0,0.46962324940712397,131.0,0.1015823003122334,0.0017242645918626712,0.0
6.0,0.46962324940712397,132.0,0.037882495752445684,0.0,0.0
6.0,0.46962324940712397,133.0,0.01232551938341598,1.7734548361729858,1.0
6.0,0.46962324940712397,134.0,0.035991522601280926,2.7144971458494573e-05,0.0
6.0,0.46962324940712397,135.0,0.006674769839193191,0.013624707709383272,1.0
6.0,0.46962324940712397,136.0,0.017552544679451117,5.880722010346379,1.0
6.0,0.46962324940712397,137.0,0.09506132980531547,0.0015737395281369857,0.0
6.0,0.46962324940712397,138.0,0.09861229383052945,0.019648334814070408,0.0
6.0,0.46962324940712397,139.0,0.08772331737625311,0.0,0.0
6.0,0.46962324940712397,140.0,0.2576482789595462,0.003159774330505298,0.0
6.0,0.46962324940712397,141.0,0.03742225769414811,0.00261890794349394,0.0
6.0,0.46962324940712397,142.0,0.09792004398403673,0.0009296656927350816,0.0
6.0,0.46962324940712397,143.0,0.006431904843543679,0.005398186924234915,1.0
6.0,0.46962324940712397,144.0,0.003199583296520035,0.007284899434679765,1.0
6.0,0.46962324940712397,145.0,0.01903143240845196,0.000498413088153878,0.0
6.0,0.46962324940712397,146.0,0.03656110713464304,0.0034232262349434867,0.0
6.0,0.46962324940712397,147.0,0.09473521203782946,0.0003812637394794649,0.0
6.0,0.46962324940712397,148.0,0.02624319484204678,15.422878862256889,1.0
6.0,0.46962324940712397,149.0,0.007289075030788085,0.06903931691931783,1.0
6.0,0.46962324940712397,150.0,0.10327431184958583,0.0012017795362910767,0.0
6.0,0.46962324940712397,151.0,0.006259131938250829,0.010926506366715513,1.0
6.0,0.46962324940712397,152.0,0.10302936644021406,0.0005612743892083213,0.0
6.0,0.46962324940712397,153.0,0.10272294758813194,0.0,0.0
6.0,0.46962324940712397,154.0,0.09670314890869239,0.0008146193330208898,0.0
6.0,0.46962324940712397,155.0,0.06609682208840809,0.0038686243276456612,0.0
6.0,0.46962324940712397,156.0,0.00609730867502905,0.04802925490762991,1.0
6.0,0.46962324940712397,157.0,0.02333220707727238,0.0,0.0
6.0,0.46962324940712397,158.0,0.0028101492158814586,0.19367984029676177,1.0
6.0,0.46962324940712397,159.0,0.090861258746649,0.01897494046226046,0.0
6.0,0.46962324940712397,160.0,0.09411466420886722,0.030333109771290903,0.0
6.0,0.46962324940712397,161.0,0.09749959660001949,0.0,0.0
6.0,0.46962324940712397,162.0,0.014837000907810857,0.49482291626702984,1.0
6.0,0.46962324940712397,163.0,0.014288184047598356,0.008992903759221545,1.0
6.0,0.46962324940712397,164.0,0.0715552548246185,0.019136320833078372,0.0
6.0,0.46962324940712397,165.0,0.09375230562991424,5.20459521459265e-05,0.0
6.0,0.46962324940712397,166.0,0.08702549476600946,1.8992036368859517e-05,0.0
6.0,0.46962324940712397,167.0,0.25491234431813814,3.343482469091812e-05,0.0
6.0,0.46962324940712397,168.0,0.023035788410076842,0.0,0.0
6.0,0.46962324940712397,169.0,0.021289922874453603,2.7411246500717925e-05,0.0
6.0,0.46962324940712397,170.0,0.0937805981220821,0.021034638468280752,0.0
6.0,0.46962324940712397,171.0,0.002509080113926125,0.10214231665694891,1.0
6.0,0.46962324940712397,172.0,0.01751856678649438,1.52463947682992,1.0
6.0,0.46962324940712397,173.0,0.005963776652846707,0.02215460206237983,1.0
6.0,0.46962324940712397,174.0,0.0225792262086167,0.024412001277179286,0.0
6.0,0.46962324940712397,175.0,0.012886668744160858,0.00013485999728924403,1.0
6.0,0.46962324940712397,176.0,0.01304289408059453,0.11925545667363217,1.0
6.0,0.46962324940712397,177.0,0.02129916249494459,0.013639655860078466,0.0
6.0,0.46962324940712397,178.0,0.10433349078339223,0.005848568769974795,0.0
6.0,0.46962324940712397,179.0,0.09471691406168946,0.0224853069504286,0.0
6.0,0.46962324940712397,180.0,0.009195051205404493,1.9790051571523593,1.0
6.0,0.46962324940712397,181.0,0.03687989367926106,0.008173840815860263,0.0
6.0,0.46962324940712397,182.0,0.25649782628944157,0.00031073105174699446,0.0
6.0,0.46962324940712397,183.0,0.09742816828715753,0.010501217830510423,0.0
6.0,0.46962324940712397,184.0,0.022655756259515464,4.592990725549678e-06,1.0
6.0,0.46962324940712397,185.0,0.25684253203759744,0.0043694908843544995,0.0
6.0,0.46962324940712397,186.0,0.07527605489022188,0.018914219767930545,0.0
6.0,0.46962324940712397,187.0,0.09681712025744181,1.465943579297283e-06,0.0
6.0,0.46962324940712397,188.0,0.005512221290041474,0.9923785318189975,1.0
6.0,0.46962324940712397,189.0,0.023412508027688586,1.2946779538152383e-05,0.0
6.0,0.46962324940712397,190.0,0.006757573219704145,0.0020195934488004635,1.0
6.0,0.46962324940712397,191.0,0.006574586853812496,0.18627403023437375,1.0
6.0,0.46962324940712397,192.0,0.0073491428341929,0.03591490775476635,1.0
6.0,0.46962324940712397,193.0,0.2385172547215971,0.0013402255587140117,0.0
6.0,0.46962324940712397,194.0,0.015276368764286065,11.349875792223907,1.0
6.0,0.46962324940712397,195.0,0.006800516819857013,0.007374949235523584,1.0
6.0,0.46962324940712397,196.0,0.25262340557724594,0.0013083870033607822,0.0
6.0,0.46962324940712397,197.0,0.01412878502109641,0.002860583408959167,1.0
6.0,0.46962324940712397,198.0,0.006757961220590966,0.025212314581036826,1.0
6.0,0.46962324940712397,199.0,0.05679531553985645,0.0001611495717509598,0.0
6.0,0.46962324940712397,200.0,0.1033878405010924,0.005111087107303503,0.0
6.0,0.46962324940712397,201.0,0.09489168037554385,0.0,0.0
6.0,0.46962324940712397,202.0,0.09756092148265293,0.0,0.0
6.0,0.46962324940712397,203.0,0.09329305456740568,0.001896207612540644,0.0
6.0,0.46962324940712397,204.0,0.05778896544399527,6.978267280568777e-06,0.0
6.0,0.46962324940712397,205.0,0.0586874102843927,0.0,0.0
6.0,0.46962324940712397,206.0,0.007310677139237527,1.846547010695776,1.0
6.0,0.46962324940712397,207.0,0.023276465358000164,0.0,0.0
6.0,0.46962324940712397,208.0,0.0017305498804383113,0.06041875183947234,1.0
6.0,0.46962324940712397,209.0,0.006777526017646963,0.05649973656469921,1.0
6.0,0.46962324940712397,210.0,0.03962077398103232,6.786859579881127e-06,1.0
6.0,0.46962324940712397,211.0,0.1007583795347474,0.06995256448297456,0.0
6.0,0.46962324940712397,212.0,0.006983160028228063,1.2883772101341362,1.0
6.0,0.46962324940712397,213.0,0.0882180593124331,0.0,0.0
6.0,0.46962324940712397,214.0,0.1030692183246175,0.0007078300523887126,0.0
6.0,0.46962324940712397,215.0,0.06977592805013566,0.0002472705649892647,0.0
6.0,0.46962324940712397,216.0,0.006860050374011034,0.00013084177050971444,1.0
6.0,0.46962324940712397,217.0,0.0073291390375507534,1.7234331240405376,1.0
6.0,0.46962324940712397,218.0,0.03706182940287425,0.007937850188739777,0.0
6.0,0.46962324940712397,219.0,0.05428232504596411,0.0,0.0
6.0,0.46962324940712397,220.0,0.036791793090133446,0.0021169952733628055,0.0
6.0,0.46962324940712397,221.0,0.0042467503999564955,0.11334791716862441,1.0
6.0,0.46962324940712397,222.0,0.061104597835284394,0.0002434580513954039,0.0
6.0,0.46962324940712397,223.0,0.01390083753065791,0.009280036335905153,1.0
6.0,0.46962324940712397,224.0,0.02346675578057736,1.536259153921261e-05,1.0
6.0,0.46962324940712397,225.0,0.036142666657401804,0.0,0.0
6.0,0.46962324940712397,226.0,0.012430219080821574,0.8823378863946084,1.0
6.0,0.46962324940712397,227.0,0.09534416671209164,1.2583120621908406e-05,0.0
6.0,0.46962324940712397,228.0,0.020880403089197246,2.2047249775604216,1.0
6.0,0.46962324940712397,229.0,0.1033358441938225,6.895423961211844e-05,0.0
6.0,0.46962324940712397,230.0,0.007062879148757327,0.00025546975797631586,1.0
6.0,0.46962324940712397,231.0,0.03646075957191876,4.2310992945044126e-05,0.0
6.0,0.46962324940712397,232.0,0.02243320872904086,0.0,0.0
6.0,0.46962324940712397,233.0,0.09764132343241064,0.0012356556073509913,0.0
6.0,0.46962324940712397,234.0,0.0029833039120745267,0.0006945720011371426,1.0
6.0,0.46962324940712397,235.0,0.09868874906520764,0.004862788512726022,0.0
6.0,0.46962324940712397,236.0,0.09640267763141708,1.066596364653033e-05,0.0
6.0,0.46962324940712397,237.0,0.008174855324720183,4.503536056604685,1.0
6.0,0.46962324940712397,238.0,0.0016385827830571857,8.577388669299315e-06,1.0
6.0,0.46962324940712397,239.0,0.05732127585480058,0.0,0.0
6.0,0.46962324940712397,240.0,0.2538084024882019,0.0005880447088657588,0.0
6.0,0.46962324940712397,241.0,0.05964347036305778,0.0012505341372354198,0.0
6.0,0.46962324940712397,242.0,0.0070274266097939365,1.6456497497899023,1.0
6.0,0.46962324940712397,243.0,0.08708584919606642,6.506997773899235e-05,0.0
6.0,0.46962324940712397,244.0,0.08999249425800296,0.0,0.0
6.0,0.46962324940712397,245.0,0.05315711141534096,0.0,0.0
6.0,0.46962324940712397,246.0,0.0933345887611936,8.604102477809447e-06,0.0
6.0,0.46962324940712397,247.0,0.09341303752920706,0.019649872926545978,0.0
6.0,0.46962324940712397,248.0,0.09553537436939094,0.003982136798847589,0.0
6.0,0.46962324940712397,249.0,0.09520201362550941,0.0004949858298785998,0.0
6.0,0.46962324940712397,250.0,0.05628588977374068,0.0,0.0
6.0,0.46962324940712397,251.0,0.06965448462099907,0.02440233727355649,0.0
6.0,0.46962324940712397,252.0,0.014539950711845766,0.014107820679109045,1.0
6.0,0.46962324940712397,253.0,0.07178701760395198,0.00939408883950155,0.0
6.0,0.46962324940712397,254.0,0.0024419512560478742,0.036547935956272454,1.0
6.0,0.46962324940712397,255.0,0.09734625632349235,0.0,0.0
6.0,0.46962324940712397,256.0,0.015228451482860974,0.00127879660422757,1.0
6.0,0.46962324940712397,257.0,0.006844987860685409,0.04536949721788466,1.0
6.0,0.46962324940712397,258.0,0.10547350569686093,1.717074623105463e-05,0.0
6.0,0.46962324940712397,259.0,0.03640465442838951,2.319754245303299e-06,0.0
6.0,0.46962324940712397,260.0,0.09729763859077621,0.0,0.0
6.0,0.46962324940712397,261.0,0.017906989627199863,0.002018819037610966,1.0
6.0,0.46962324940712397,262.0,0.10515158898745176,8.820403762807028e-06,0.0
6.0,0.46962324940712397,263.0,0.2561581309765565,0.00011733735180925509,0.0
6.0,0.46962324940712397,264.0,0.02117497507173175,0.0009005750004819344,0.0
6.0,0.46962324940712397,265.0,0.011338336080059104,1.078424906850473,1.0
6.0,0.46962324940712397,266.0,0.008031109982178177,0.02754240523276476,1.0
6.0,0.46962324940712397,267.0,0.006925589316636208,0.0006785292752027222,1.0
6.0,0.46962324940712397,268.0,0.05371383564906261,7.644735107789346e-05,0.0
6.0,0.46962324940712397,269.0,0.07170152951630004,0.0006084661819175867,0.0
6.0,0.46962324940712397,270.0,0.006281375662503515,0.0034073641204392896,1.0
6.0,0.46962324940712397,271.0,0.0022653453191443652,0.0010227020667645157,1.0
6.0,0.46962324940712397,272.0,0.011418370344487639,0.00021877102252418977,1.0
6.0,0.46962324940712397,273.0,0.006572233255139376,0.03151948069769756,1.0
6.0,0.46962324940712397,274.0,0.08712480371600229,0.0239677297585481,0.0
6.0,0.46962324940712397,275.0,0.2569483355228761,0.027973294335846843,0.0
6.0,0.46962324940712397,276.0,0.09538574705002172,0.00018896656814770683,0.0
6.0,0.46962324940712397,277.0,0.01587847258651598,0.0003275351770476252,1.0
6.0,0.46962324940712397,278.0,0.09746813604519727,0.0,0.0
6.0,0.46962324940712397,279.0,0.0847834972725064,7.139202104211827e-05,0.0
6.0,0.46962324940712397,280.0,0.06609874650045897,2.668337274030319e-05,0.0
6.0,0.46962324940712397,281.0,0.0964156518774176,0.0,0.0
6.0,0.46962324940712397,282.0,0.00601261994374972,0.039030735069336436,1.0
6.0,0.46962324940712397,283.0,0.007208450886350914,6.960516407932577,1.0
6.0,0.46962324940712397,284.0,0.048570939425012095,0.0,0.0
6.0,0.46962324940712397,285.0,0.033386614018030975,0.0,0.0
6.0,0.46962324940712397,286.0,0.006724399341032565,1.3274570482619465,1.0
6.0,0.46962324940712397,287.0,0.012827464517359851,0.013800346682022624,1.0
6.0,0.46962324940712397,288.0,0.08293541455801788,0.002066983914551006,0.0
6.0,0.46962324940712397,289.0,0.036829837410024734,7.853805429039067e-06,0.0
6.0,0.46962324940712397,290.0,0.006809471403412288,0.022344335752823987,1.0
6.0,0.46962324940712397,291.0,0.012420126721519105,0.05394259695802754,1.0
6.0,0.46962324940712397,292.0,0.006434194643676519,0.06343707780655097,1.0
6.0,0.46962324940712397,293.0,0.022976045630869548,0.007423240259771186,0.0
6.0,0.46962324940712397,294.0,0.006663976124370221,0.031215913339189133,1.0
6.0,0.46962324940712397,295.0,0.09243838359493936,2.696047524763556e-05,0.0
6.0,0.46962324940712397,296.0,0.05080177370145373,5.162013479420997e-06,0.0
6.0,0.46962324940712397,297.0,0.007140096411986516,0.0002358745919149128,1.0
6.0,0.46962324940712397,298.0,0.03704480575460565,1.0823280330901266e-06,0.0
6.0,0.46962324940712397,299.0,0.0019008283869974124,0.33903882000339786,1.0
6.0,0.46962324940712397,300.0,0.09732858518584797,0.0,0.0
6.0,0.46962324940712397,301.0,0.03666305590409677,0.0,0.0
6.0,0.46962324940712397,302.0,0.0030687506368327366,0.003690196825455962,1.0
6.0,0.46962324940712397,303.0,0.01084571005232169,0.10258834561139187,1.0
6.0,0.46962324940712397,304.0,0.09809542379060379,0.01902683106684788,0.0
6.0,0.46962324940712397,305.0,0.00904472758190917,0.020474582350936125,1.0
6.0,0.46962324940712397,306.0,0.06041544130175521,0.0003319859641290977,0.0
6.0,0.46962324940712397,307.0,0.03733441924459556,0.0,0.0
6.0,0.46962324940712397,308.0,0.004406595450955989,0.31917684709955874,1.0
6.0,0.46962324940712397,309.0,0.018298207101385005,0.24241331471874186,1.0
6.0,0.46962324940712397,310.0,0.020819666861426632,7.236294556464356e-05,0.0
6.0,0.46962324940712397,311.0,0.006504882106169415,0.005506615337695864,1.0
6.0,0.46962324940712397,312.0,0.09013984679731017,0.0,0.0
6.0,0.46962324940712397,313.0,0.03723092900888107,0.0008220149083527001,0.0
6.0,0.46962324940712397,314.0,0.06174265208817868,0.0,0.0
6.0,0.46962324940712397,315.0,0.012419664353018214,0.9560866875115321,1.0
6.0,0.46962324940712397,316.0,0.014958994092716739,0.013569603167537908,1.0
6.0,0.46962324940712397,317.0,0.020005316800649646,2.223114827144098e-06,1.0
6.0,0.46962324940712397,318.0,0.004880662739988682,1.1623883323476085,1.0
6.0,0.46962324940712397,319.0,0.02202500660924344,2.277080167128619e-05,0.0
6.0,0.46962324940712397,320.0,0.010873070732484402,0.1648284245076611,1.0
6.0,0.46962324940712397,321.0,0.10585993292857446,0.00935333459043256,0.0
6.0,0.46962324940712397,322.0,0.003068982940075557,0.041148317882389096,1.0
6.0,0.46962324940712397,323.0,0.10626810093856381,0.0,0.0
6.0,0.46962324940712397,324.0,0.03706658229732916,0.0,0.0
6.0,0.46962324940712397,325.0,0.03596378019404082,3.2121198414253384e-06,0.0
6.0,0.46962324940712397,326.0,0.09614838631102046,0.0003704879248635463,0.0
6.0,0.46962324940712397,327.0,0.0065756329595064444,0.09144484038356761,1.0
6.0,0.46962324940712397,328.0,0.10368578038239468,0.010337684922275532,0.0
6.0,0.46962324940712397,329.0,0.01634733117066474,0.0004374477919252703,1.0
6.0,0.46962324940712397,330.0,0.023020835469616314,0.00037898002522639704,0.0
6.0,0.46962324940712397,331.0,0.02323872858855372,0.0,0.0
6.0,0.46962324940712397,332.0,0.009792165904074154,1.6983680393212082,1.0
6.0,0.46962324940712397,333.0,0.10537784112646105,1.8181070275992498e-05,0.0
6.0,0.46962324940712397,334.0,0.006255517882495108,0.06281454009712725,1.0
6.0,0.46962324940712397,335.0,0.008419912865755119,0.003675411136222167,1.0
6.0,0.46962324940712397,336.0,0.09538255187872081,2.6342478071511043e-06,0.0
6.0,0.46962324940712397,337.0,0.01123729011902571,0.009317292439619186,1.0
6.0,0.46962324940712397,338.0,0.08824999514245294,0.0002139644790607883,0.0
6.0,0.46962324940712397,339.0,0.25692869713078004,0.001501847266430799,0.0
6.0,0.46962324940712397,340.0,0.022917278757925513,0.0,0.0
6.0,0.46962324940712397,341.0,0.09915722957194978,0.0,0.0
6.0,0.46962324940712397,342.0,0.0958751199593661,4.317509061845689e-05,0.0
6.0,0.46962324940712397,343.0,0.05779917721179373,0.0008288452008569962,0.0
6.0,0.46962324940712397,344.0,0.006360812731398447,0.0012072299917398025,1.0
6.0,0.46962324940712397,345.0,0.006407046532441078,0.02022936807106068,1.0
6.0,0.46962324940712397,346.0,0.0031717012472680965,0.0012101342648388352,1.0
6.0,0.46962324940712397,347.0,0.03745348234675863,0.0,0.0
6.0,0.46962324940712397,348.0,0.0970908480398407,0.0,0.0
6.0,0.46962324940712397,349.0,0.09725020468023607,0.00016146220130731348,0.0
6.0,0.46962324940712397,350.0,0.10046060470643214,4.000375907705476e-05,0.0
6.0,0.46962324940712397,351.0,0.026261772253014053,12.230472995445387,1.0
6.0,0.46962324940712397,352.0,0.10440492930614767,0.0,0.0
6.0,0.46962324940712397,353.0,0.1052155513862717,0.001031005076016308,0.0
6.0,0.46962324940712397,354.0,0.002346896292266385,0.032074666671719654,1.0
6.0,0.46962324940712397,355.0,0.05076908121041292,0.0,0.0
6.0,0.46962324940712397,356.0,0.10105473032898432,0.00041211570476913753,0.0
6.0,0.46962324940712397,357.0,0.006539147123272944,0.0020557258966313837,1.0
6.0,0.46962324940712397,358.0,0.05602468295016034,0.0015688401423830738,0.0
6.0,0.46962324940712397,359.0,0.0882275248776951,0.0003531813019809049,0.0
6.0,0.46962324940712397,360.0,0.2574520613651166,0.0004654705754692835,0.0
6.0,0.46962324940712397,361.0,0.006032219122008671,0.05103936687782366,1.0
6.0,0.46962324940712397,362.0,0.002351925039481743,0.37035111553891537,1.0
6.0,0.46962324940712397,363.0,0.022442147433452825,0.0,0.0
6.0,0.46962324940712397,364.0,0.007266984681810073,0.0013791764156423547,1.0
6.0,0.46962324940712397,365.0,0.013151098958903791,0.46945399585288333,1.0
6.0,0.46962324940712397,366.0,0.07654319943252719,4.199245138914549e-06,0.0
6.0,0.46962324940712397,367.0,0.09526143671633593,7.762138123817024e-07,0.0
6.0,0.46962324940712397,368.0,0.054604208164262494,0.003045007314614432,0.0
6.0,0.46962324940712397,369.0,0.021074273388126657,0.00013503795956369436,0.0
6.0,0.46962324940712397,370.0,0.006743773838605561,0.011890596064957718,1.0
6.0,0.46962324940712397,371.0,0.10013845679922781,6.273570523396189e-05,0.0
6.0,0.46962324940712397,372.0,0.008746785569676906,0.37954438914063504,1.0
6.0,0.46962324940712397,373.0,0.013627792568376438,1.0420810657301314,1.0
6.0,0.46962324940712397,374.0,0.09856465273895734,0.0,0.0
6.0,0.46962324940712397,375.0,0.005949068303798608,0.004794847287677462,1.0
6.0,0.46962324940712397,376.0,0.006757770303655067,2.0958981504066325,1.0
6.0,0.46962324940712397,377.0,0.25646373307060866,0.03588488402362687,0.0
6.0,0.46962324940712397,378.0,0.09579696884238473,0.0,0.0
6.0,0.46962324940712397,379.0,0.022244748710334102,0.0,0.0
6.0,0.46962324940712397,380.0,0.015808733354262722,0.41500056332923596,1.0
6.0,0.46962324940712397,381.0,0.012721661868057463,0.03489020737563557,1.0
6.0,0.46962324940712397,382.0,0.03740752737052418,0.0,0.0
6.0,0.46962324940712397,383.0,0.09185829720524587,0.02184192587503924,0.0
6.0,0.46962324940712397,384.0,0.09444089187349396,4.9993193701950246e-05,0.0
6.0,0.46962324940712397,385.0,0.10311016825122296,0.005823473802219345,0.0
6.0,0.46962324940712397,386.0,0.007459353280113495,0.12377045602078054,1.0
6.0,0.46962324940712397,387.0,0.010445072804830773,7.324083197651645e-06,1.0
6.0,0.46962324940712397,388.0,0.0026420930433484133,0.005979793718359597,1.0
6.0,0.46962324940712397,389.0,0.1051311099746787,0.02824253819256425,0.0
6.0,0.46962324940712397,390.0,0.006730210147563355,0.0071371877195575755,1.0
6.0,0.46962324940712397,391.0,0.03653250265680352,0.0,0.0
6.0,0.46962324940712397,392.0,0.037797779356846785,0.006239916592394514,0.0
6.0,0.46962324940712397,393.0,0.2598934418253703,0.0,0.0
6.0,0.46962324940712397,394.0,0.01822571379104213,2.2699687811887683,1.0
6.0,0.46962324940712397,395.0,0.09684402957010751,5.554474975448772e-07,0.0
6.0,0.46962324940712397,396.0,0.10458379798998906,0.00044737636709216275,0.0
6.0,0.46962324940712397,397.0,0.017952517179314613,1.2104037746410135,1.0
6.0,0.46962324940712397,398.0,0.012769323774985294,1.6742772693551498,1.0
6.0,0.46962324940712397,399.0,0.007060647343637835,0.0006878217793263051,1.0
6.0,0.5367122850367131,0.0,0.014715620451469603,0.19209434079693602,1.0
6.0,0.5367122850367131,1.0,0.2571465513967739,0.007297179017091735,0.0
6.0,0.5367122850367131,2.0,0.0074538270989978495,0.003153540186706772,1.0
6.0,0.5367122850367131,3.0,0.21963228881416672,0.000705504557253759,0.0
6.0,0.5367122850367131,4.0,0.001094042902779509,0.002226311923900201,1.0
6.0,0.5367122850367131,5.0,0.24993165630341194,0.00046003496299586286,0.0
6.0,0.5367122850367131,6.0,0.2600283496994616,0.0,0.0
6.0,0.5367122850367131,7.0,0.05978006850865013,0.0,0.0
6.0,0.5367122850367131,8.0,0.006318739096164408,0.007023525782290642,1.0
6.0,0.5367122850367131,9.0,0.015255166648214927,0.0034472100724122568,1.0
6.0,0.5367122850367131,10.0,0.2523125759695156,0.019485387722999,0.0
6.0,0.5367122850367131,11.0,0.011111177138790439,3.5189046864011844,1.0
6.0,0.5367122850367131,12.0,0.038371057263902546,0.0,0.0
6.0,0.5367122850367131,13.0,0.05778050868535939,0.0,0.0
6.0,0.5367122850367131,14.0,0.006835319782835797,0.009057468455053914,1.0
6.0,0.5367122850367131,15.0,0.10083826751609995,0.0,0.0
6.0,0.5367122850367131,16.0,0.09934377335713854,3.239421849632924e-08,0.0
6.0,0.5367122850367131,17.0,0.006488821904064878,0.0013424453269042177,1.0
6.0,0.5367122850367131,18.0,0.09999430361353678,3.5418786323152545e-05,0.0
6.0,0.5367122850367131,19.0,0.09472155640386584,0.00011590128459078663,0.0
6.0,0.5367122850367131,20.0,0.007363690083230398,0.13245060230634279,1.0
6.0,0.5367122850367131,21.0,0.06405296186360895,3.2784078334567856e-06,0.0
6.0,0.5367122850367131,22.0,0.11500120287178657,0.0,0.0
6.0,0.5367122850367131,23.0,0.05876781302468802,0.00010846948288462883,0.0
6.0,0.5367122850367131,24.0,0.11153535246763596,0.0002737186713153475,0.0
6.0,0.5367122850367131,25.0,0.10043936090161165,0.013002503838814319,0.0
6.0,0.5367122850367131,26.0,0.020918705024792462,0.000143135636348853,0.0
6.0,0.5367122850367131,27.0,0.09518305042558929,0.02280530900220355,0.0
6.0,0.5367122850367131,28.0,0.09798755487432335,0.02107627575062866,0.0
6.0,0.5367122850367131,29.0,0.2570577950221673,0.0031304929365089155,0.0
6.0,0.5367122850367131,30.0,0.012201302153217644,5.4412115616501236e-05,1.0
6.0,0.5367122850367131,31.0,0.10359276141516659,0.010241887342227569,0.0
6.0,0.5367122850367131,32.0,0.01576663664902967,0.005648040587890014,1.0
6.0,0.5367122850367131,33.0,0.007688928066886767,0.0032009883026621303,1.0
6.0,0.5367122850367131,34.0,0.008156381895169127,0.46646226461352785,1.0
6.0,0.5367122850367131,35.0,0.09597031057552914,0.000757197602708681,0.0
6.0,0.5367122850367131,36.0,0.07034977932039554,0.00237177807324274,0.0
6.0,0.5367122850367131,37.0,0.10908410188504106,0.0006173978449544741,0.0
6.0,0.5367122850367131,38.0,0.03787284582045266,0.48293166621274264,1.0
6.0,0.5367122850367131,39.0,0.25880392398358354,0.023088296833513468,0.0
6.0,0.5367122850367131,40.0,0.05509313191051697,0.003589648456229832,0.0
6.0,0.5367122850367131,41.0,0.03705506178581114,0.0,0.0
6.0,0.5367122850367131,42.0,0.23618793302033061,0.0013961190714383554,0.0
6.0,0.5367122850367131,43.0,0.03872001920158736,0.018672745233633343,0.0
6.0,0.5367122850367131,44.0,0.006016749782919606,1.1079802471433262,1.0
6.0,0.5367122850367131,45.0,0.07372710792179737,0.0,0.0
6.0,0.5367122850367131,46.0,0.10216225420544092,0.0,0.0
6.0,0.5367122850367131,47.0,0.03043713641398941,12.7510557914527,1.0
6.0,0.5367122850367131,48.0,0.007077816497107727,0.00020132914881994553,1.0
6.0,0.5367122850367131,49.0,0.08764178893863031,0.0028287484525267464,0.0
6.0,0.5367122850367131,50.0,0.013523233018529483,0.3147120548187816,1.0
6.0,0.5367122850367131,51.0,0.02173848836858556,7.2597162225751,1.0
6.0,0.5367122850367131,52.0,0.09477977000084391,0.0017607637426719574,0.0
6.0,0.5367122850367131,53.0,0.25548060939200606,6.790659195128914e-05,0.0
6.0,0.5367122850367131,54.0,0.006931587427665457,0.17140090103782563,1.0
6.0,0.5367122850367131,55.0,0.00824284612979527,0.8045078308498795,1.0
6.0,0.5367122850367131,56.0,0.01598581366583645,0.0017303946869646324,1.0
6.0,0.5367122850367131,57.0,0.0063125312892702195,0.8414637967014332,1.0
6.0,0.5367122850367131,58.0,0.055194528543299336,2.6912237470527384e-06,0.0
6.0,0.5367122850367131,59.0,0.2379742567645765,0.0,0.0
6.0,0.5367122850367131,60.0,0.09184558184071931,0.0,0.0
6.0,0.5367122850367131,61.0,0.10355592289964415,0.0,0.0
6.0,0.5367122850367131,62.0,0.10421787365659385,0.03363804542243119,0.0
6.0,0.5367122850367131,63.0,0.06299566904100828,0.0,0.0
6.0,0.5367122850367131,64.0,0.10603408454934564,0.0021075371040564766,0.0
6.0,0.5367122850367131,65.0,0.104938518243267,0.0003125586055256597,0.0
6.0,0.5367122850367131,66.0,0.103705182745189,0.021644006210853963,0.0
6.0,0.5367122850367131,67.0,0.00952429135990269,0.04380018328706641,1.0
6.0,0.5367122850367131,68.0,0.10372272293438335,0.0,0.0
6.0,0.5367122850367131,69.0,0.12656211673730486,3.0382801961423286e-05,0.0
6.0,0.5367122850367131,70.0,0.008688515533484134,0.11648391073928403,1.0
6.0,0.5367122850367131,71.0,0.013624134548270706,0.021848155758665066,1.0
6.0,0.5367122850367131,72.0,0.01894909278217792,6.201381193809561,1.0
6.0,0.5367122850367131,73.0,0.036240765102696464,2.4099215689148526e-06,0.0
6.0,0.5367122850367131,74.0,0.022648260390689078,0.0,0.0
6.0,0.5367122850367131,75.0,0.25339926237349986,0.011577935813986374,0.0
6.0,0.5367122850367131,76.0,0.008074337018185815,4.017016356521545,1.0
6.0,0.5367122850367131,77.0,0.032674301180923224,0.01137512185521275,0.0
6.0,0.5367122850367131,78.0,0.23454108705987006,0.0,0.0
6.0,0.5367122850367131,79.0,0.05571342137742427,0.0,0.0
6.0,0.5367122850367131,80.0,0.10381641255301245,0.0,0.0
6.0,0.5367122850367131,81.0,0.11028261345542004,0.0009475415220387503,0.0
6.0,0.5367122850367131,82.0,0.006623723572224326,0.026018062819121234,1.0
6.0,0.5367122850367131,83.0,0.02457032416297569,0.7366000860690632,1.0
6.0,0.5367122850367131,84.0,0.026729554744866088,3.517800691059342,1.0
6.0,0.5367122850367131,85.0,0.09589392861798343,0.00044526116124222093,0.0
6.0,0.5367122850367131,86.0,0.021346573026331535,0.029677738420253515,1.0
6.0,0.5367122850367131,87.0,0.11264320311433668,0.002126035598860276,0.0
6.0,0.5367122850367131,88.0,0.10019228184108322,0.0017474149589004212,0.0
6.0,0.5367122850367131,89.0,0.006420614807646761,1.4629921428978256,1.0
6.0,0.5367122850367131,90.0,0.006649752070045341,0.004369512023879525,1.0
6.0,0.5367122850367131,91.0,0.2569724245994329,7.950870223573375e-05,0.0
6.0,0.5367122850367131,92.0,0.09606756780456685,0.15085975942882499,0.0
6.0,0.5367122850367131,93.0,0.11389996364415934,0.0013982009331602932,0.0
6.0,0.5367122850367131,94.0,0.016688852716645008,0.001277905700455232,1.0
6.0,0.5367122850367131,95.0,0.10518097503109108,0.019409872157699307,0.0
6.0,0.5367122850367131,96.0,0.0973050224691806,0.02386045887701593,0.0
6.0,0.5367122850367131,97.0,0.0939973406817332,5.701509587310284e-05,0.0
6.0,0.5367122850367131,98.0,0.006419615039640163,0.265617885146657,1.0
6.0,0.5367122850367131,99.0,0.05766619075949825,0.020308526295772917,0.0
6.0,0.5367122850367131,100.0,0.006798518839442933,0.020406541956397756,1.0
6.0,0.5367122850367131,101.0,0.2554380917996254,0.00012785898308164586,0.0
6.0,0.5367122850367131,102.0,0.036344633609345894,0.000682296155852494,0.0
6.0,0.5367122850367131,103.0,0.03793268298319763,0.0011022963171032493,0.0
6.0,0.5367122850367131,104.0,0.006794628913072779,0.00045753719237442465,1.0
6.0,0.5367122850367131,105.0,0.11030874744303172,0.0,0.0
6.0,0.5367122850367131,106.0,0.07035476437447853,0.014393636023180228,0.0
6.0,0.5367122850367131,107.0,0.056556868175104504,0.0,0.0
6.0,0.5367122850367131,108.0,0.07133551460311013,0.007752010363025197,0.0
6.0,0.5367122850367131,109.0,0.03840542230653206,0.0,0.0
6.0,0.5367122850367131,110.0,0.0018876534323978233,0.0008997551786308934,1.0
6.0,0.5367122850367131,111.0,0.09469785772333267,0.09042234776078183,0.0
6.0,0.5367122850367131,112.0,0.007040859704796823,0.0012357257303426278,1.0
6.0,0.5367122850367131,113.0,0.09952724598401336,0.008637206717994303,0.0
6.0,0.5367122850367131,114.0,0.002947011862626761,0.1374286365646451,1.0
6.0,0.5367122850367131,115.0,0.00335934265479751,0.009365932874050908,1.0
6.0,0.5367122850367131,116.0,0.02000887163063641,0.0,0.0
6.0,0.5367122850367131,117.0,0.05807045649254728,0.0,0.0
6.0,0.5367122850367131,118.0,0.07030079648310908,0.021709066451634864,0.0
6.0,0.5367122850367131,119.0,0.007329255578266979,0.0010489469284906286,1.0
6.0,0.5367122850367131,120.0,0.007560502870167806,0.10502605353894692,1.0
6.0,0.5367122850367131,121.0,0.06608040484989022,0.03986279616685581,0.0
6.0,0.5367122850367131,122.0,0.009077842789999744,3.700817474941165,1.0
6.0,0.5367122850367131,123.0,0.01926226911511025,0.37691011173105676,1.0
6.0,0.5367122850367131,124.0,0.0026462088378956103,0.00537244137423929,1.0
6.0,0.5367122850367131,125.0,0.25892460164321257,1.734019110564967e-06,0.0
6.0,0.5367122850367131,126.0,0.013820181561018871,0.6566282238339182,1.0
6.0,0.5367122850367131,127.0,0.09543911192134255,0.019846567026813405,0.0
6.0,0.5367122850367131,128.0,0.01256819986701058,3.3165163796170423,1.0
6.0,0.5367122850367131,129.0,0.09587091168208675,0.000662665013113875,0.0
6.0,0.5367122850367131,130.0,0.0017999033346282759,0.010235335936419142,1.0
6.0,0.5367122850367131,131.0,0.255689140345314,0.0016808710183329359,0.0
6.0,0.5367122850367131,132.0,0.037882495752445684,0.0,0.0
6.0,0.5367122850367131,133.0,0.015237407682036304,4.2378829212869595,1.0
6.0,0.5367122850367131,134.0,0.035991522601280926,2.7144971458494573e-05,0.0
6.0,0.5367122850367131,135.0,0.006674769839193191,0.013624707709383272,1.0
6.0,0.5367122850367131,136.0,0.024552933353019925,6.390427764169368,1.0
6.0,0.5367122850367131,137.0,0.2577333160303163,0.0014855124376911214,0.0
6.0,0.5367122850367131,138.0,0.09861229383052945,0.019648334814070408,0.0
6.0,0.5367122850367131,139.0,0.09715273063645896,0.0,0.0
6.0,0.5367122850367131,140.0,0.2576482789595462,0.003159774330505298,0.0
6.0,0.5367122850367131,141.0,0.03742225769414811,0.00261890794349394,0.0
6.0,0.5367122850367131,142.0,0.1126045821804033,0.0009285610633847654,0.0
6.0,0.5367122850367131,143.0,0.006431904843543679,0.005398186924234915,1.0
6.0,0.5367122850367131,144.0,0.11004039098035846,0.0014098591677684255,0.0
6.0,0.5367122850367131,145.0,0.01903143240845196,0.000498413088153878,0.0
6.0,0.5367122850367131,146.0,0.03656110713464304,0.0034232262349434867,0.0
6.0,0.5367122850367131,147.0,0.09473521203782946,0.0003812637394794649,0.0
6.0,0.5367122850367131,148.0,0.10939274684304826,0.03488793020669075,0.0
6.0,0.5367122850367131,149.0,0.006526280217252865,0.07586402379053646,1.0
6.0,0.5367122850367131,150.0,0.10327431184958583,0.0012017795362910767,0.0
6.0,0.5367122850367131,151.0,0.006259131938250829,0.010926506366715513,1.0
6.0,0.5367122850367131,152.0,0.10302936644021406,0.0005612743892083213,0.0
6.0,0.5367122850367131,153.0,0.10272294758813194,0.0,0.0
6.0,0.5367122850367131,154.0,0.09670314890869239,0.0008146193330208898,0.0
6.0,0.5367122850367131,155.0,0.07813478886475574,0.0038686243276456612,0.0
6.0,0.5367122850367131,156.0,0.008592079185169375,0.05617181275113759,1.0
6.0,0.5367122850367131,157.0,0.11233827963664698,0.0,0.0
6.0,0.5367122850367131,158.0,0.0028101492158814586,0.19367984029676177,1.0
6.0,0.5367122850367131,159.0,0.090861258746649,0.01897494046226046,0.0
6.0,0.5367122850367131,160.0,0.10871130550351964,0.02242579424256722,0.0
6.0,0.5367122850367131,161.0,0.09749959660001949,0.0,0.0
6.0,0.5367122850367131,162.0,0.11063437519624164,0.0014588497676927368,0.0
6.0,0.5367122850367131,163.0,0.014288184047598356,0.008992903759221545,1.0
6.0,0.5367122850367131,164.0,0.0715552548246185,0.019136320833078372,0.0
6.0,0.5367122850367131,165.0,0.09375230562991424,5.20459521459265e-05,0.0
6.0,0.5367122850367131,166.0,0.09469474982076148,1.6466076087313382e-05,0.0
6.0,0.5367122850367131,167.0,0.25491234431813814,3.343482469091812e-05,0.0
6.0,0.5367122850367131,168.0,0.11216441858653142,0.0,0.0
6.0,0.5367122850367131,169.0,0.021289922874453603,2.7411246500717925e-05,0.0
6.0,0.5367122850367131,170.0,0.10861957728476111,0.020985869700704894,0.0
6.0,0.5367122850367131,171.0,0.002509080113926125,0.10214231665694891,1.0
6.0,0.5367122850367131,172.0,0.025263715020406266,1.6856787733296608,1.0
6.0,0.5367122850367131,173.0,0.007512966893029838,0.026349904618065374,1.0
6.0,0.5367122850367131,174.0,0.10626842589523987,0.024865192507447596,0.0
6.0,0.5367122850367131,175.0,0.2515597177510584,1.5454913161581224e-05,0.0
6.0,0.5367122850367131,176.0,0.010486505787314124,0.10835313582976061,1.0
6.0,0.5367122850367131,177.0,0.02129916249494459,0.013639655860078466,0.0
6.0,0.5367122850367131,178.0,0.10433349078339223,0.005848568769974795,0.0
6.0,0.5367122850367131,179.0,0.10947595866747926,0.02178581573476917,0.0
6.0,0.5367122850367131,180.0,0.2568014611570098,0.03713217925008933,0.0
6.0,0.5367122850367131,181.0,0.03687989367926106,0.008173840815860263,0.0
6.0,0.5367122850367131,182.0,0.25649782628944157,0.00031073105174699446,0.0
6.0,0.5367122850367131,183.0,0.11275922289559309,0.010480259784909497,0.0
6.0,0.5367122850367131,184.0,0.022655756259515464,4.592990725549678e-06,1.0
6.0,0.5367122850367131,185.0,0.25684253203759744,0.0043694908843544995,0.0
6.0,0.5367122850367131,186.0,0.2254284259952111,0.018914219767930545,0.0
6.0,0.5367122850367131,187.0,0.1113893432446125,1.453043028528751e-06,0.0
6.0,0.5367122850367131,188.0,0.014778977549991575,5.434369469824636,1.0
6.0,0.5367122850367131,189.0,0.1132017223671793,1.2437256074038632e-05,0.0
6.0,0.5367122850367131,190.0,0.25852016477250894,0.0010011669136641684,0.0
6.0,0.5367122850367131,191.0,0.006574586853812496,0.18627403023437375,1.0
6.0,0.5367122850367131,192.0,0.0073491428341929,0.03591490775476635,1.0
6.0,0.5367122850367131,193.0,0.2385172547215971,0.0013402255587140117,0.0
6.0,0.5367122850367131,194.0,0.015276368764286065,11.349875792223907,1.0
6.0,0.5367122850367131,195.0,0.007053141791945963,0.0061290500577382305,1.0
6.0,0.5367122850367131,196.0,0.25262340557724594,0.0013083870033607822,0.0
6.0,0.5367122850367131,197.0,0.01412878502109641,0.002860583408959167,1.0
6.0,0.5367122850367131,198.0,0.006757961220590966,0.025212314581036826,1.0
6.0,0.5367122850367131,199.0,0.05679531553985645,0.0001611495717509598,0.0
6.0,0.5367122850367131,200.0,0.2562331151165736,0.0051022953734239235,0.0
6.0,0.5367122850367131,201.0,0.09489168037554385,0.0,0.0
6.0,0.5367122850367131,202.0,0.09756092148265293,0.0,0.0
6.0,0.5367122850367131,203.0,0.10821391408639056,0.0016864383046704696,0.0
6.0,0.5367122850367131,204.0,0.05778896544399527,6.978267280568777e-06,0.0
6.0,0.5367122850367131,205.0,0.11347695271468511,0.0,0.0
6.0,0.5367122850367131,206.0,0.007310677139237527,1.846547010695776,1.0
6.0,0.5367122850367131,207.0,0.11205736326868931,0.0,0.0
6.0,0.5367122850367131,208.0,0.0017305498804383113,0.06041875183947234,1.0
6.0,0.5367122850367131,209.0,0.006777526017646963,0.05649973656469921,1.0
6.0,0.5367122850367131,210.0,0.03962077398103232,6.786859579881127e-06,1.0
6.0,0.5367122850367131,211.0,0.1007583795347474,0.06995256448297456,0.0
6.0,0.5367122850367131,212.0,0.006983160028228063,1.2883772101341362,1.0
6.0,0.5367122850367131,213.0,0.0882180593124331,0.0,0.0
6.0,0.5367122850367131,214.0,0.2555454685068139,0.0007077719890826762,0.0
6.0,0.5367122850367131,215.0,0.06977592805013566,0.0002472705649892647,0.0
6.0,0.5367122850367131,216.0,0.006860050374011034,0.00013084177050971444,1.0
6.0,0.5367122850367131,217.0,0.007329451647279073,1.72299722038476,1.0
6.0,0.5367122850367131,218.0,0.03706182940287425,0.007937850188739777,0.0
6.0,0.5367122850367131,219.0,0.07328581356190872,0.0,0.0
6.0,0.5367122850367131,220.0,0.036791793090133446,0.0021169952733628055,0.0
6.0,0.5367122850367131,221.0,0.0042467503999564955,0.11334791716862441,1.0
6.0,0.5367122850367131,222.0,0.06971778415168191,0.0002434580513954039,0.0
6.0,0.5367122850367131,223.0,0.01390083753065791,0.009280036335905153,1.0
6.0,0.5367122850367131,224.0,0.06174422260470599,1.173495818189868e-05,0.0
6.0,0.5367122850367131,225.0,0.036142666657401804,0.0,0.0
6.0,0.5367122850367131,226.0,0.017549852999689076,0.7696187275850607,1.0
6.0,0.5367122850367131,227.0,0.11009552885188956,1.2513280732955156e-05,0.0
6.0,0.5367122850367131,228.0,0.2539680091944978,0.006940523209864311,0.0
6.0,0.5367122850367131,229.0,0.1033358441938225,6.895423961211844e-05,0.0
6.0,0.5367122850367131,230.0,0.007062879148757327,0.00025546975797631586,1.0
6.0,0.5367122850367131,231.0,0.03646075957191876,4.2310992945044126e-05,0.0
6.0,0.5367122850367131,232.0,0.02243320872904086,0.0,0.0
6.0,0.5367122850367131,233.0,0.09764132343241064,0.0012356556073509913,0.0
6.0,0.5367122850367131,234.0,0.0029833039120745267,0.0006945720011371426,1.0
6.0,0.5367122850367131,235.0,0.11422955136478259,0.004817470133950579,0.0
6.0,0.5367122850367131,236.0,0.11130663683398709,1.051081009406476e-05,0.0
6.0,0.5367122850367131,237.0,0.008174855324720183,4.503536056604685,1.0
6.0,0.5367122850367131,238.0,0.0016385827830571857,8.577388669299315e-06,1.0
6.0,0.5367122850367131,239.0,0.05732127585480058,0.0,0.0
6.0,0.5367122850367131,240.0,0.2538084024882019,0.0005880447088657588,0.0
6.0,0.5367122850367131,241.0,0.2600568503110242,0.0011701360536629942,0.0
6.0,0.5367122850367131,242.0,0.0070274266097939365,1.6456497497899023,1.0
6.0,0.5367122850367131,243.0,0.08708584919606642,6.506997773899235e-05,0.0
6.0,0.5367122850367131,244.0,0.08999249425800296,0.0,0.0
6.0,0.5367122850367131,245.0,0.05315711141534096,0.0,0.0
6.0,0.5367122850367131,246.0,0.0933345887611936,8.604102477809447e-06,0.0
6.0,0.5367122850367131,247.0,0.2373191487109343,0.019638629922283216,0.0
6.0,0.5367122850367131,248.0,0.09553537436939094,0.003982136798847589,0.0
6.0,0.5367122850367131,249.0,0.09520201362550941,0.0004949858298785998,0.0
6.0,0.5367122850367131,250.0,0.05628588977374068,0.0,0.0
6.0,0.5367122850367131,251.0,0.06965448462099907,0.02440233727355649,0.0
6.0,0.5367122850367131,252.0,0.021439755048287486,0.01491530264677233,1.0
6.0,0.5367122850367131,253.0,0.08625470506846594,0.009391001524030555,0.0
6.0,0.5367122850367131,254.0,0.11142071098474425,0.02493236372747454,0.0
6.0,0.5367122850367131,255.0,0.1119217596290144,0.0,0.0
6.0,0.5367122850367131,256.0,0.015228451482860974,0.00127879660422757,1.0
6.0,0.5367122850367131,257.0,0.25755476454811244,0.000487400982058005,0.0
6.0,0.5367122850367131,258.0,0.10547350569686093,1.717074623105463e-05,0.0
6.0,0.5367122850367131,259.0,0.03640465442838951,2.319754245303299e-06,0.0
6.0,0.5367122850367131,260.0,0.09729763859077621,0.0,0.0
6.0,0.5367122850367131,261.0,0.10664288559091219,9.966119574906763e-06,0.0
6.0,0.5367122850367131,262.0,0.10515158898745176,8.820403762807028e-06,0.0
6.0,0.5367122850367131,263.0,0.2561581309765565,0.00011733735180925509,0.0
6.0,0.5367122850367131,264.0,0.1110517441081258,0.0008774326858008585,0.0
6.0,0.5367122850367131,265.0,0.016680861722098792,1.1131187991671587,1.0
6.0,0.5367122850367131,266.0,0.008031109982178177,0.02754240523276476,1.0
6.0,0.5367122850367131,267.0,0.25817007991491675,7.85068466126856e-06,0.0
6.0,0.5367122850367131,268.0,0.05371383564906261,7.644735107789346e-05,0.0
6.0,0.5367122850367131,269.0,0.07170152951630004,0.0006084661819175867,0.0
6.0,0.5367122850367131,270.0,0.006281375662503515,0.0034073641204392896,1.0
6.0,0.5367122850367131,271.0,0.0022653453191443652,0.0010227020667645157,1.0
6.0,0.5367122850367131,272.0,0.011418370344487639,0.00021877102252418977,1.0
6.0,0.5367122850367131,273.0,0.25232473319825655,0.0005625173802919893,0.0
6.0,0.5367122850367131,274.0,0.09496474965003032,0.02396124487994802,0.0
6.0,0.5367122850367131,275.0,0.2569483355228761,0.027973294335846843,0.0
6.0,0.5367122850367131,276.0,0.09538574705002172,0.00018896656814770683,0.0
6.0,0.5367122850367131,277.0,0.25048546697286905,4.5382820725213196e-06,0.0
6.0,0.5367122850367131,278.0,0.09746813604519727,0.0,0.0
6.0,0.5367122850367131,279.0,0.10922641599288972,6.27972981335884e-05,0.0
6.0,0.5367122850367131,280.0,0.06609874650045897,2.668337274030319e-05,0.0
6.0,0.5367122850367131,281.0,0.23977036269319757,0.0,0.0
6.0,0.5367122850367131,282.0,0.2532452791982469,0.0008297955833158181,0.0
6.0,0.5367122850367131,283.0,0.007208450886350914,6.960516407932577,1.0
6.0,0.5367122850367131,284.0,0.048570939425012095,0.0,0.0
6.0,0.5367122850367131,285.0,0.033386614018030975,0.0,0.0
6.0,0.5367122850367131,286.0,0.24792056200130186,0.05612059984120636,0.0
6.0,0.5367122850367131,287.0,0.012827464517359851,0.013800346682022624,1.0
6.0,0.5367122850367131,288.0,0.09239848399110835,0.002066983914551006,0.0
6.0,0.5367122850367131,289.0,0.036829837410024734,7.853805429039067e-06,0.0
6.0,0.5367122850367131,290.0,0.006809471403412288,0.022344335752823987,1.0
6.0,0.5367122850367131,291.0,0.008628619954558492,0.10036028019207903,1.0
6.0,0.5367122850367131,292.0,0.006434194643676519,0.06343707780655097,1.0
6.0,0.5367122850367131,293.0,0.11291398802951225,0.007392652234897726,0.0
6.0,0.5367122850367131,294.0,0.006663976124370221,0.031215913339189133,1.0
6.0,0.5367122850367131,295.0,0.23631078526571442,2.6954413191911323e-05,0.0
6.0,0.5367122850367131,296.0,0.05080177370145373,5.162013479420997e-06,0.0
6.0,0.5367122850367131,297.0,0.007140096411986516,0.0002358745919149128,1.0
6.0,0.5367122850367131,298.0,0.03704480575460565,1.0823280330901266e-06,0.0
6.0,0.5367122850367131,299.0,0.0019008283869974124,0.33903882000339786,1.0
6.0,0.5367122850367131,300.0,0.09732858518584797,0.0,0.0
6.0,0.5367122850367131,301.0,0.03666305590409677,0.0,0.0
6.0,0.5367122850367131,302.0,0.0030687506368327366,0.003690196825455962,1.0
6.0,0.5367122850367131,303.0,0.01084571005232169,0.10258834561139187,1.0
6.0,0.5367122850367131,304.0,0.11359768191811301,0.019023111890691075,0.0
6.0,0.5367122850367131,305.0,0.00904472758190917,0.020474582350936125,1.0
6.0,0.5367122850367131,306.0,0.07221284621081685,0.0003319859641290977,0.0
6.0,0.5367122850367131,307.0,0.03733441924459556,0.0,0.0
6.0,0.5367122850367131,308.0,0.004406595450955989,0.31917684709955874,1.0
6.0,0.5367122850367131,309.0,0.025579366711238952,0.2078579267677428,1.0
6.0,0.5367122850367131,310.0,0.020819666861426632,7.236294556464356e-05,0.0
6.0,0.5367122850367131,311.0,0.007098369200763241,0.005988286292583214,1.0
6.0,0.5367122850367131,312.0,0.09013984679731017,0.0,0.0
6.0,0.5367122850367131,313.0,0.03723092900888107,0.0008220149083527001,0.0
6.0,0.5367122850367131,314.0,0.06174265208817868,0.0,0.0
6.0,0.5367122850367131,315.0,0.012419664353018214,0.9560866875115321,1.0
6.0,0.5367122850367131,316.0,0.014958994092716739,0.013569603167537908,1.0
6.0,0.5367122850367131,317.0,0.02304071015861432,2.223114827144098e-06,1.0
6.0,0.5367122850367131,318.0,0.004880662739988682,1.1623883323476085,1.0
6.0,0.5367122850367131,319.0,0.02202500660924344,2.277080167128619e-05,0.0
6.0,0.5367122850367131,320.0,0.011242870280094713,0.1597859167229648,1.0
6.0,0.5367122850367131,321.0,0.10585993292857446,0.00935333459043256,0.0
6.0,0.5367122850367131,322.0,0.003068982940075557,0.041148317882389096,1.0
6.0,0.5367122850367131,323.0,0.10626810093856381,0.0,0.0
6.0,0.5367122850367131,324.0,0.03706658229732916,0.0,0.0
6.0,0.5367122850367131,325.0,0.03596378019404082,3.2121198414253384e-06,0.0
6.0,0.5367122850367131,326.0,0.11081769983742493,0.00037046920495068604,0.0
6.0,0.5367122850367131,327.0,0.0065756329595064444,0.09144484038356761,1.0
6.0,0.5367122850367131,328.0,0.10368578038239468,0.010337684922275532,0.0
6.0,0.5367122850367131,329.0,0.01634733117066474,0.0004374477919252703,1.0
6.0,0.5367122850367131,330.0,0.11191423371107244,0.00035505149056178504,0.0
6.0,0.5367122850367131,331.0,0.02323872858855372,0.0,0.0
6.0,0.5367122850367131,332.0,0.009792165904074154,1.6983680393212082,1.0
6.0,0.5367122850367131,333.0,0.10537784112646105,1.8181070275992498e-05,0.0
6.0,0.5367122850367131,334.0,0.006255517882495108,0.06281454009712725,1.0
6.0,0.5367122850367131,335.0,0.006656476932293795,0.005234834806699732,1.0
6.0,0.5367122850367131,336.0,0.09538255187872081,2.6342478071511043e-06,0.0
6.0,0.5367122850367131,337.0,0.015181432457831408,0.009317292439619186,1.0
6.0,0.5367122850367131,338.0,0.0961159025154305,0.00021392962087975315,0.0
6.0,0.5367122850367131,339.0,0.25692869713078004,0.001501847266430799,0.0
6.0,0.5367122850367131,340.0,0.10161061843121084,0.0,0.0
6.0,0.5367122850367131,341.0,0.11429355853998528,0.0,0.0
6.0,0.5367122850367131,342.0,0.1121859129831845,4.317434472726793e-05,0.0
6.0,0.5367122850367131,343.0,0.05779917721179373,0.0008288452008569962,0.0
6.0,0.5367122850367131,344.0,0.006360812731398447,0.0012072299917398025,1.0
6.0,0.5367122850367131,345.0,0.006407046532441078,0.02022936807106068,1.0
6.0,0.5367122850367131,346.0,0.007602767744510569,0.0020083464439127232,1.0
6.0,0.5367122850367131,347.0,0.03745348234675863,0.0,0.0
6.0,0.5367122850367131,348.0,0.11176902279253383,0.0,0.0
6.0,0.5367122850367131,349.0,0.09725020468023607,0.00016146220130731348,0.0
6.0,0.5367122850367131,350.0,0.10046060470643214,4.000375907705476e-05,0.0
6.0,0.5367122850367131,351.0,0.026261772253014053,12.230472995445387,1.0
6.0,0.5367122850367131,352.0,0.10440492930614767,0.0,0.0
6.0,0.5367122850367131,353.0,0.1052155513862717,0.001031005076016308,0.0
6.0,0.5367122850367131,354.0,0.002346896292266385,0.032074666671719654,1.0
6.0,0.5367122850367131,355.0,0.05076908121041292,0.0,0.0
6.0,0.5367122850367131,356.0,0.10105473032898432,0.00041211570476913753,0.0
6.0,0.5367122850367131,357.0,0.006539147123272944,0.0020557258966313837,1.0
6.0,0.5367122850367131,358.0,0.05602468295016034,0.0015688401423830738,0.0
6.0,0.5367122850367131,359.0,0.09576784347308515,0.00034688314747405514,0.0
6.0,0.5367122850367131,360.0,0.2574520613651166,0.0004654705754692835,0.0
6.0,0.5367122850367131,361.0,0.25570750315372553,0.0001861898829597253,0.0
6.0,0.5367122850367131,362.0,0.002351925039481743,0.37035111553891537,1.0
6.0,0.5367122850367131,363.0,0.11178980781980524,0.0,0.0
6.0,0.5367122850367131,364.0,0.007266984681810073,0.0013791764156423547,1.0
6.0,0.5367122850367131,365.0,0.013151098958903791,0.46945399585288333,1.0
6.0,0.5367122850367131,366.0,0.07654319943252719,4.199245138914549e-06,0.0
6.0,0.5367122850367131,367.0,0.11043939960213175,7.76036546837524e-07,0.0
6.0,0.5367122850367131,368.0,0.07110204848031465,0.003044941117880584,0.0
6.0,0.5367122850367131,369.0,0.021074273388126657,0.00013503795956369436,0.0
6.0,0.5367122850367131,370.0,0.052874511993455636,0.018635762754811425,1.0
6.0,0.5367122850367131,371.0,0.10013845679922781,6.273570523396189e-05,0.0
6.0,0.5367122850367131,372.0,0.009790811744360648,0.45895436065657175,1.0
6.0,0.5367122850367131,373.0,0.013627792568376438,1.0420810657301314,1.0
6.0,0.5367122850367131,374.0,0.09856465273895734,0.0,0.0
6.0,0.5367122850367131,375.0,0.006660959320722481,0.004792878963736862,1.0
6.0,0.5367122850367131,376.0,0.006757770303655067,2.0958981504066325,1.0
6.0,0.5367122850367131,377.0,0.25646373307060866,0.03588488402362687,0.0
6.0,0.5367122850367131,378.0,0.10571470395985119,0.0,0.0
6.0,0.5367122850367131,379.0,0.022244748710334102,0.0,0.0
6.0,0.5367122850367131,380.0,0.2518637302342342,0.005446872637775818,0.0
6.0,0.5367122850367131,381.0,0.01816856742742322,0.02955502499314356,1.0
6.0,0.5367122850367131,382.0,0.03740752737052418,0.0,0.0
6.0,0.5367122850367131,383.0,0.09185829720524587,0.02184192587503924,0.0
6.0,0.5367122850367131,384.0,0.09444089187349396,4.9993193701950246e-05,0.0
6.0,0.5367122850367131,385.0,0.10311016825122296,0.005823473802219345,0.0
6.0,0.5367122850367131,386.0,0.007459353280113495,0.12377045602078054,1.0
6.0,0.5367122850367131,387.0,0.014774445893295306,5.357610622054322e-06,1.0
6.0,0.5367122850367131,388.0,0.0026420930433484133,0.005979793718359597,1.0
6.0,0.5367122850367131,389.0,0.1051311099746787,0.02824253819256425,0.0
6.0,0.5367122850367131,390.0,0.006730210147563355,0.0071371877195575755,1.0
6.0,0.5367122850367131,391.0,0.03653250265680352,0.0,0.0
6.0,0.5367122850367131,392.0,0.037797779356846785,0.006239916592394514,0.0
6.0,0.5367122850367131,393.0,0.2598934418253703,0.0,0.0
6.0,0.5367122850367131,394.0,0.01822571379104213,2.2699687811887683,1.0
6.0,0.5367122850367131,395.0,0.1115142338706627,5.46834274183839e-07,0.0
6.0,0.5367122850367131,396.0,0.10458379798998906,0.00044737636709216275,0.0
6.0,0.5367122850367131,397.0,0.017952517179314613,1.2104037746410135,1.0
6.0,0.5367122850367131,398.0,0.019738557709093642,1.8778962708959028,1.0
6.0,0.5367122850367131,399.0,0.050545921900907814,1.966244222043388e-05,1.0
