control_period,penalty,parameters_idx,deficit_cost,total_leaching_gN_per_m2,violated
9.0,0.0,0.0,0.0044855160483534915,0.0070829532067096515,1.0
9.0,0.0,1.0,0.0010068414307950104,0.0818834380937134,1.0
9.0,0.0,2.0,0.0012681540792754166,0.0039810490408971975,1.0
9.0,0.0,3.0,0.0030651841204958202,0.0011959467041867814,1.0
9.0,0.0,4.0,0.0013203681315320337,0.009026441267106874,1.0
9.0,0.0,5.0,0.002630783421243144,0.0020524044011984996,1.0
9.0,0.0,6.0,0.0027156890270590575,0.0,0.0
9.0,0.0,7.0,0.006430730690491387,0.0,0.0
9.0,0.0,8.0,0.006443824143053899,0.007401117607391177,1.0
9.0,0.0,9.0,0.004876866922216534,0.0007753424029689682,1.0
9.0,0.0,10.0,0.0027285461634491614,0.02180417734880199,1.0
9.0,0.0,11.0,0.0021366679522540595,0.133883597213016,1.0
9.0,0.0,12.0,0.0011342058131857226,0.0,0.0
9.0,0.0,13.0,0.00602377379275228,0.0,0.0
9.0,0.0,14.0,0.007040038800699878,0.0167978574015085,1.0
9.0,0.0,15.0,0.005608776343178924,0.0,0.0
9.0,0.0,16.0,0.019740694421329287,1.2300206367804558e-07,1.0
9.0,0.0,17.0,0.007329514340830588,0.005251895794334033,1.0
9.0,0.0,18.0,0.0050980219617947605,6.136562750940683e-05,0.0
9.0,0.0,19.0,0.00469745391032427,0.00171044985875442,1.0
9.0,0.0,20.0,0.007240789169090707,0.8090321183730321,1.0
9.0,0.0,21.0,0.004543979808442004,1.2272133192212251e-05,1.0
9.0,0.0,22.0,0.001247341766712467,0.0,0.0
9.0,0.0,23.0,0.007187517202386103,0.003424462346780039,1.0
9.0,0.0,24.0,0.002549033217939734,0.001716741906675653,1.0
9.0,0.0,25.0,0.0018398902959335017,0.15800756660136944,1.0
9.0,0.0,26.0,0.0016456806203056684,0.002938646817679217,1.0
9.0,0.0,27.0,0.00488733896484243,0.041855486607439936,1.0
9.0,0.0,28.0,0.008953167082133739,2.169783022039134,1.0
9.0,0.0,29.0,0.0006516920250138202,0.008952166009130612,1.0
9.0,0.0,30.0,0.007370679396965737,3.221009597351962e-05,1.0
9.0,0.0,31.0,0.0024206019172674123,0.010547919444310902,1.0
9.0,0.0,32.0,0.0051326685295519725,0.0008545899845923342,1.0
9.0,0.0,33.0,0.0035630021830657293,0.011393892341343309,1.0
9.0,0.0,34.0,0.0030150827543972804,1.4129081888819428,1.0
9.0,0.0,35.0,0.006824314782571332,0.001809366076883097,1.0
9.0,0.0,36.0,0.006824828761858505,0.002395989179696411,1.0
9.0,0.0,37.0,0.0018246443323958585,0.0011097153691445164,1.0
9.0,0.0,38.0,0.02410800182001088,0.05913684020600377,1.0
9.0,0.0,39.0,0.002371518674853179,0.14335497619184462,1.0
9.0,0.0,40.0,0.00641041308539528,0.10418801155099393,1.0
9.0,0.0,41.0,0.0017292312508591728,0.0,0.0
9.0,0.0,42.0,0.002348126756730142,0.00838012833381922,1.0
9.0,0.0,43.0,0.0019527374902976965,0.05392388253022417,0.0
9.0,0.0,44.0,0.0050559257771230545,4.144514834948134,1.0
9.0,0.0,45.0,0.007011065490631508,0.0,0.0
9.0,0.0,46.0,0.003364459507840796,0.0,0.0
9.0,0.0,47.0,0.010607247412865364,3.186630318616775,1.0
9.0,0.0,48.0,0.006632859723214955,0.0005762598517663305,1.0
9.0,0.0,49.0,0.018161226747639612,0.006399098738956735,1.0
9.0,0.0,50.0,0.0024176621949200446,0.2503527215024125,1.0
9.0,0.0,51.0,0.0055541278888500845,0.8464080155613982,1.0
9.0,0.0,52.0,0.005242668266092685,0.0037942169124039063,1.0
9.0,0.0,53.0,0.0031938329706736523,0.019472897313663584,1.0
9.0,0.0,54.0,0.0028696527070200804,1.6765287233899335,1.0
9.0,0.0,55.0,0.009442012985692399,0.5101324184688745,1.0
9.0,0.0,56.0,0.003995746588542012,0.0011541862842517957,1.0
9.0,0.0,57.0,0.002295191241759883,1.702115571100722,1.0
9.0,0.0,58.0,0.0069322866534362905,2.707299525607386e-05,1.0
9.0,0.0,59.0,0.003048218543560139,0.0,0.0
9.0,0.0,60.0,0.007528692203417535,0.0,0.0
9.0,0.0,61.0,0.0029625239416078203,0.0,0.0
9.0,0.0,62.0,0.0022518160373441506,1.4060279584583526,1.0
9.0,0.0,63.0,0.007284301909130646,0.0,0.0
9.0,0.0,64.0,0.002720524492336293,0.0052062615064688315,1.0
9.0,0.0,65.0,0.0028502525539568016,0.0010361620765195958,1.0
9.0,0.0,66.0,0.002558740935230761,0.05039137986409149,1.0
9.0,0.0,67.0,0.004656129967637917,0.08381837059414986,1.0
9.0,0.0,68.0,0.0032273922378490477,0.0,0.0
9.0,0.0,69.0,0.02471357779189121,3.118731417107965e-05,0.0
9.0,0.0,70.0,0.00806680714170947,0.175186217124818,1.0
9.0,0.0,71.0,0.006320227256382668,0.0015141600325704358,1.0
9.0,0.0,72.0,0.007515833362881163,0.02312415551843971,1.0
9.0,0.0,73.0,0.0016517236714675598,4.636343528379204e-05,1.0
9.0,0.0,74.0,0.0027298048983646923,0.0,0.0
9.0,0.0,75.0,0.0036013026416231654,2.639367058769474,1.0
9.0,0.0,76.0,0.001655338315631048,1.353723348863726,1.0
9.0,0.0,77.0,0.0017483860319320948,0.12935949823115778,1.0
9.0,0.0,78.0,0.0018700025196671272,0.0,0.0
9.0,0.0,79.0,0.007706372634739863,0.0,0.0
9.0,0.0,80.0,0.0032262223888349442,0.0,0.0
9.0,0.0,81.0,0.0016389040096613365,0.0025403910196091298,0.0
9.0,0.0,82.0,0.007508972644689003,0.0723252879411803,1.0
9.0,0.0,83.0,0.0017230745878487816,0.016387314270001667,1.0
9.0,0.0,84.0,0.007177089393844271,0.8060602667789852,1.0
9.0,0.0,85.0,0.006697776647287834,0.0004967111018276082,1.0
9.0,0.0,86.0,0.0021724466778531453,0.0010080850472956658,1.0
9.0,0.0,87.0,0.0021238036752481166,0.02759977735207645,1.0
9.0,0.0,88.0,0.0024773525460345816,0.003873092238097736,1.0
9.0,0.0,89.0,0.002230294685495413,5.384737120550599,1.0
9.0,0.0,90.0,0.00172069389654531,0.004750933576967568,1.0
9.0,0.0,91.0,0.0020828455747119987,0.011071742735385243,1.0
9.0,0.0,92.0,0.005232940866999961,3.301294356822502,1.0
9.0,0.0,93.0,0.0012382947511798224,0.002317184501300824,1.0
9.0,0.0,94.0,0.0029704424204997255,0.0016180482352518273,1.0
9.0,0.0,95.0,0.0026616580954021756,0.023393895334967354,0.0
9.0,0.0,96.0,0.004737082062458973,0.02405253312405609,0.0
9.0,0.0,97.0,0.006728550801595557,0.0009682148848447868,1.0
9.0,0.0,98.0,0.0014164238140535375,0.002459126253871426,1.0
9.0,0.0,99.0,0.006972463770707748,0.04174785456564437,0.0
9.0,0.0,100.0,0.007080455796986352,0.013055312135706881,1.0
9.0,0.0,101.0,0.005433967659434261,0.030692178114652233,1.0
9.0,0.0,102.0,0.0012252721399181876,0.01681712294413444,1.0
9.0,0.0,103.0,0.0014711458229158675,0.0016036193281592586,1.0
9.0,0.0,104.0,0.0017020754398965935,0.0021631172743095677,1.0
9.0,0.0,105.0,0.0018409905790267467,0.0,0.0
9.0,0.0,106.0,0.006434413597768758,0.845354276694586,1.0
9.0,0.0,107.0,0.023517129642635432,0.0,0.0
9.0,0.0,108.0,0.0074154524956529235,0.51526861505671,1.0
9.0,0.0,109.0,0.0028588573298346997,0.0,0.0
9.0,0.0,110.0,0.0011607828055407768,0.00021360898595081763,1.0
9.0,0.0,111.0,0.0067270551005616285,3.3357995099409843,1.0
9.0,0.0,112.0,0.007529405872576415,0.004221507355483993,1.0
9.0,0.0,113.0,0.006912265401092926,0.37310869362961746,1.0
9.0,0.0,114.0,0.001093858694218117,0.011828220637202314,1.0
9.0,0.0,115.0,0.0011161916292869063,0.002564235228107473,1.0
9.0,0.0,116.0,0.0017490256947262114,0.0,0.0
9.0,0.0,117.0,0.006608913536438453,0.0,0.0
9.0,0.0,118.0,0.0064746630770188066,0.0490809665068151,0.0
9.0,0.0,119.0,0.004090328029894991,0.0031829624949664117,1.0
9.0,0.0,120.0,0.007471436320327459,0.05216081324174871,1.0
9.0,0.0,121.0,0.006991298920094117,0.09956222525500662,0.0
9.0,0.0,122.0,0.004362783198754421,1.0400483402804326,1.0
9.0,0.0,123.0,0.002353924047562236,0.010821647329028596,1.0
9.0,0.0,124.0,0.0019333185676307313,0.0053849083629179464,1.0
9.0,0.0,125.0,0.003320526398737026,0.0004957269253396757,1.0
9.0,0.0,126.0,0.005419737002879893,1.3820465501901091,1.0
9.0,0.0,127.0,0.005135680742038826,0.02574239033253223,0.0
9.0,0.0,128.0,0.00734216855310649,0.5084025372030179,1.0
9.0,0.0,129.0,0.0024587739300565344,0.020432993691500697,1.0
9.0,0.0,130.0,0.0011545260521307415,0.009025716250796192,1.0
9.0,0.0,131.0,0.0019169283342725103,0.007534151430296248,1.0
9.0,0.0,132.0,0.0014602442685913175,0.0,0.0
9.0,0.0,133.0,0.0030236653926805036,3.4571550209256072,1.0
9.0,0.0,134.0,0.001252914271572874,8.871472055851528e-05,1.0
9.0,0.0,135.0,0.0024722305241863746,0.012648661303262023,1.0
9.0,0.0,136.0,0.001482652544285131,0.03819043379517617,1.0
9.0,0.0,137.0,0.0009352393899794923,0.0059002647404262955,1.0
9.0,0.0,138.0,0.006334789009487831,0.06217848129183631,1.0
9.0,0.0,139.0,0.002195658530316808,0.0,0.0
9.0,0.0,140.0,0.004035473291708126,0.6933878315039601,1.0
9.0,0.0,141.0,0.0014550972317094522,0.005459913559494835,0.0
9.0,0.0,142.0,0.0015068534840726186,0.0018224651639709524,1.0
9.0,0.0,143.0,0.006905931410797797,0.019987362486613577,1.0
9.0,0.0,144.0,0.0015732275546959888,0.003177706657054225,1.0
9.0,0.0,145.0,0.0021156655425393746,0.0005354964623565328,0.0
9.0,0.0,146.0,0.0013324434434069884,0.10786926995133626,1.0
9.0,0.0,147.0,0.005063771516531772,0.0017923144000020193,1.0
9.0,0.0,148.0,0.0020869885857356064,2.509825897039963,1.0
9.0,0.0,149.0,0.0017325490421295471,0.1829986468959422,1.0
9.0,0.0,150.0,0.002106232778931367,0.018303721414676666,1.0
9.0,0.0,151.0,0.006764708961901453,0.019061198557988535,1.0
9.0,0.0,152.0,0.001952198577573899,0.0008372836539250428,0.0
9.0,0.0,153.0,0.003219302338834246,0.0,0.0
9.0,0.0,154.0,0.004617325974470439,0.0018943810951867373,1.0
9.0,0.0,155.0,0.004963951274062835,0.0055852310561019525,0.0
9.0,0.0,156.0,0.006398671558324156,0.05133393387020997,1.0
9.0,0.0,157.0,0.002996819038914927,0.0,0.0
9.0,0.0,158.0,0.001512027933134642,0.006465847954786185,1.0
9.0,0.0,159.0,0.03135725447633681,0.9059721883000359,1.0
9.0,0.0,160.0,0.0027162217069469363,1.2837760082251048,1.0
9.0,0.0,161.0,0.00592263308880848,0.0,0.0
9.0,0.0,162.0,0.0013084095934795814,0.019284751515971338,1.0
9.0,0.0,163.0,0.007962643611893349,0.006496924579678958,1.0
9.0,0.0,164.0,0.0067062286096298334,0.047896888051187074,1.0
9.0,0.0,165.0,0.004326359712214249,0.0002753128810483654,1.0
9.0,0.0,166.0,0.004651100907297958,0.00029921845890599466,1.0
9.0,0.0,167.0,0.003922213146618326,0.0056540868381733484,1.0
9.0,0.0,168.0,0.0027708280016098636,0.0,0.0
9.0,0.0,169.0,0.001750493840203619,0.00043932918363028613,1.0
9.0,0.0,170.0,0.0008958457504397838,0.03928017015039135,1.0
9.0,0.0,171.0,0.0019098062074153473,0.1965432364323832,1.0
9.0,0.0,172.0,0.001599184896671295,0.1606524438268231,1.0
9.0,0.0,173.0,0.001695293907484321,0.04008881560267951,1.0
9.0,0.0,174.0,0.0024100066242279273,0.3133232392162692,1.0
9.0,0.0,175.0,0.001903169687120523,0.0020781296594104943,1.0
9.0,0.0,176.0,0.0015482943154905156,0.6725024759540076,1.0
9.0,0.0,177.0,0.0013772343162742548,0.020066952327568905,1.0
9.0,0.0,178.0,0.009972297597054274,0.4475037815244426,1.0
9.0,0.0,179.0,0.0015813367338871611,0.5015557689539566,1.0
9.0,0.0,180.0,0.007620823120432382,12.05977831262205,1.0
9.0,0.0,181.0,0.001962697463002045,0.09542636231746475,1.0
9.0,0.0,182.0,0.0048917469293024585,0.09356660000895614,1.0
9.0,0.0,183.0,0.0017893763593562868,0.0169177771915636,0.0
9.0,0.0,184.0,0.006396261297762512,8.836905365498324e-05,1.0
9.0,0.0,185.0,0.0025793195545850377,1.124791093191318,1.0
9.0,0.0,186.0,0.0016931939247670686,0.019597102155715616,0.0
9.0,0.0,187.0,0.001454785345662676,1.135127943175377e-05,1.0
9.0,0.0,188.0,0.002733022217238469,1.5152719026597044,1.0
9.0,0.0,189.0,0.0020580349568741704,5.527016230101902e-05,1.0
9.0,0.0,190.0,0.0016061891305129143,0.004897557650362091,1.0
9.0,0.0,191.0,0.0052510474475094444,0.01918958086948003,1.0
9.0,0.0,192.0,0.0012934884579075111,0.02781654633168397,1.0
9.0,0.0,193.0,0.0017561974242151677,0.012933370115952412,1.0
9.0,0.0,194.0,0.005741186545532807,1.2127654161113992,1.0
9.0,0.0,195.0,0.0052009863297732785,0.020441874439742713,1.0
9.0,0.0,196.0,0.002153069422228384,0.004772359069000879,1.0
9.0,0.0,197.0,0.0060645946225528985,0.0024395307031350017,1.0
9.0,0.0,198.0,0.007602826857861963,0.05114905045037144,1.0
9.0,0.0,199.0,0.00743468763048992,0.00021767078362256638,1.0
9.0,0.0,200.0,0.0030540537802676744,0.0060246944438801095,1.0
9.0,0.0,201.0,0.007040034509822092,0.0,0.0
9.0,0.0,202.0,0.007121359403613647,0.0,0.0
9.0,0.0,203.0,0.0016848223034620817,0.04760057972649024,1.0
9.0,0.0,204.0,0.006420696887775744,0.0001080292809739746,1.0
9.0,0.0,205.0,0.0018430655033270368,0.0,0.0
9.0,0.0,206.0,0.007704223602293496,1.6954141999658576,1.0
9.0,0.0,207.0,0.0020233628110255864,0.0,0.0
9.0,0.0,208.0,0.0017997801915340759,0.10322761786849476,1.0
9.0,0.0,209.0,0.00590444327773451,0.17251367905131337,1.0
9.0,0.0,210.0,0.006528816436660294,0.00025468681956222343,1.0
9.0,0.0,211.0,0.008441540560060816,3.1531166055331745,1.0
9.0,0.0,212.0,0.005304074455625099,5.184251333015775,1.0
9.0,0.0,213.0,0.005789589813393976,0.0,0.0
9.0,0.0,214.0,0.002366799042047275,0.000722837744355449,0.0
9.0,0.0,215.0,0.007240008147950189,0.0008907951735526925,1.0
9.0,0.0,216.0,0.0051810000971696385,0.00024382568608735336,1.0
9.0,0.0,217.0,0.0016339784240572528,4.951437536417667,1.0
9.0,0.0,218.0,0.0023430657233018326,0.029367166711181777,1.0
9.0,0.0,219.0,0.007937739089776075,0.0,0.0
9.0,0.0,220.0,0.001810449341983021,0.01086609451120414,1.0
9.0,0.0,221.0,0.0011540981199297242,0.12230384127587902,1.0
9.0,0.0,222.0,0.00844373019594734,0.013728875047154124,1.0
9.0,0.0,223.0,0.00805074673575738,0.0380003088314228,1.0
9.0,0.0,224.0,0.00690522195302158,6.869901539447389e-05,1.0
9.0,0.0,225.0,0.0016723069073988238,0.0,0.0
9.0,0.0,226.0,0.0012322616196308366,1.7786447254581879,1.0
9.0,0.0,227.0,0.002045726967645739,3.141395188922848e-05,1.0
9.0,0.0,228.0,0.0029338100346090073,0.07842841914486522,1.0
9.0,0.0,229.0,0.002274745193639429,0.0004398369479814364,1.0
9.0,0.0,230.0,0.0059854214982780025,0.0010485824538804113,1.0
9.0,0.0,231.0,0.0016385815627682476,8.005158443089776e-05,0.0
9.0,0.0,232.0,0.002816783659157121,0.0,0.0
9.0,0.0,233.0,0.006944291204866885,0.0025215471320624698,1.0
9.0,0.0,234.0,0.0012905167584297637,0.0005060744392611493,1.0
9.0,0.0,235.0,0.001663256576552522,0.059465876727304225,1.0
9.0,0.0,236.0,0.0013959925541046523,0.00015621839828375278,1.0
9.0,0.0,237.0,0.003417358657806543,2.75466449090939,1.0
9.0,0.0,238.0,0.001876893288176452,2.3862359688316058e-05,1.0
9.0,0.0,239.0,0.007508400257743663,0.0,0.0
9.0,0.0,240.0,0.00214054822365352,0.0013681696879554095,1.0
9.0,0.0,241.0,0.0017503119982999428,0.0016576211760760665,0.0
9.0,0.0,242.0,0.0070292146677858785,0.43562798145540643,1.0
9.0,0.0,243.0,0.004946024491143571,0.00047281651314872504,1.0
9.0,0.0,244.0,0.008067248623032989,0.0,0.0
9.0,0.0,245.0,0.00671458873897442,0.0,0.0
9.0,0.0,246.0,0.0027142139274527475,2.0802140272593222e-05,1.0
9.0,0.0,247.0,0.00298891199309146,0.019841335937967917,0.0
9.0,0.0,248.0,0.004501493817030356,0.011030047750979191,1.0
9.0,0.0,249.0,0.0029884751655680285,0.010047876727628,1.0
9.0,0.0,250.0,0.006910785074721264,0.0,0.0
9.0,0.0,251.0,0.0017786293360608605,0.7130983073808527,1.0
9.0,0.0,252.0,0.001934731376962921,0.014218340551897869,1.0
9.0,0.0,253.0,0.0066319124051871705,0.011162194853784915,0.0
9.0,0.0,254.0,0.0019853198402465084,0.3414866618206997,1.0
9.0,0.0,255.0,0.002235477538509439,0.0,0.0
9.0,0.0,256.0,0.0020104436808449904,0.00016632756682642564,1.0
9.0,0.0,257.0,0.003445350855861367,0.15725844072307865,1.0
9.0,0.0,258.0,0.0020346130695569997,3.5551533513747767e-05,0.0
9.0,0.0,259.0,0.001016208195673484,2.7581985034839756e-05,1.0
9.0,0.0,260.0,0.003957048132947519,0.0,0.0
9.0,0.0,261.0,0.001672908004648578,0.00011887302840712027,1.0
9.0,0.0,262.0,0.002765991765696434,8.918055738889332e-06,0.0
9.0,0.0,263.0,0.004526907875289972,0.032598436345236945,1.0
9.0,0.0,264.0,0.0019090346939773055,0.0035737115396190094,1.0
9.0,0.0,265.0,0.00180447597716323,0.03558218278521293,1.0
9.0,0.0,266.0,0.006592828943852685,0.016239277405333957,1.0
9.0,0.0,267.0,0.0023831732782208974,0.0018556949286880197,1.0
9.0,0.0,268.0,0.006675350279306623,0.00011765358970835437,0.0
9.0,0.0,269.0,0.0018081731710275785,0.01982462202447938,1.0
9.0,0.0,270.0,0.0024767557809992997,0.007145963462126801,1.0
9.0,0.0,271.0,0.0023385514986449057,0.004459314622552308,1.0
9.0,0.0,272.0,0.007280439347168758,0.0008525025990750451,1.0
9.0,0.0,273.0,0.005319569846225185,0.11877051961456143,1.0
9.0,0.0,274.0,0.003247719523668257,0.05677773844802093,1.0
9.0,0.0,275.0,0.0017513958606634953,3.3038582501925946,1.0
9.0,0.0,276.0,0.00483606492354608,0.00029494214194335016,1.0
9.0,0.0,277.0,0.0019273946554190537,7.013029277445592e-05,1.0
9.0,0.0,278.0,0.004955535151832226,0.0,0.0
9.0,0.0,279.0,0.0013763094535622644,0.0007194041034988078,1.0
9.0,0.0,280.0,0.0031747142140513504,0.00012377337279295876,1.0
9.0,0.0,281.0,0.0014897375697237487,0.0,0.0
9.0,0.0,282.0,0.0030158549674598046,0.10937474679111833,1.0
9.0,0.0,283.0,0.005221727373638959,5.012996508427854,1.0
9.0,0.0,284.0,0.006516005360888706,0.0,0.0
9.0,0.0,285.0,0.0015638473267237068,0.0,0.0
9.0,0.0,286.0,0.0029429465627963166,9.795728265419696,1.0
9.0,0.0,287.0,0.0026675106861907757,0.003873511971408565,1.0
9.0,0.0,288.0,0.0038791074819089365,0.0028776878512294614,0.0
9.0,0.0,289.0,0.001343498765398197,1.4713347388272987e-05,0.0
9.0,0.0,290.0,0.00850005667885477,0.042786388033056774,1.0
9.0,0.0,291.0,0.001887423194405036,0.06592227341746885,1.0
9.0,0.0,292.0,0.001936114118022421,0.12129858217338178,1.0
9.0,0.0,293.0,0.0020644423898432364,0.012456942180615872,1.0
9.0,0.0,294.0,0.007084623868640196,0.14763591958062267,1.0
9.0,0.0,295.0,0.0029679843485252893,2.7496253493126557e-05,0.0
9.0,0.0,296.0,0.004311760192528733,0.00010879755523265684,1.0
9.0,0.0,297.0,0.0021127828794906657,0.0007362000278069385,1.0
9.0,0.0,298.0,0.0016404894545246846,3.977000267275588e-06,1.0
9.0,0.0,299.0,0.0014840145079250547,0.3579412226873015,1.0
9.0,0.0,300.0,0.005291633682274482,0.0,0.0
9.0,0.0,301.0,0.002028523004703242,0.0,0.0
9.0,0.0,302.0,0.0023469649996970127,0.004923740459730048,1.0
9.0,0.0,303.0,0.004768119221114396,0.40323195669914363,1.0
9.0,0.0,304.0,0.002144606183896917,0.10197749106069866,1.0
9.0,0.0,305.0,0.0062502911941067305,0.019639921998501716,1.0
9.0,0.0,306.0,0.007658606578939888,0.00036865197159652617,1.0
9.0,0.0,307.0,0.001879256464616968,0.0,0.0
9.0,0.0,308.0,0.0017285422816703672,0.18090419861711268,1.0
9.0,0.0,309.0,0.0022053822024529126,3.928987132449281,1.0
9.0,0.0,310.0,0.0010305212985640283,0.0011067181161018168,1.0
9.0,0.0,311.0,0.001130002819381781,0.0023761547594788237,1.0
9.0,0.0,312.0,0.002720185127332018,0.0,0.0
9.0,0.0,313.0,0.0016566113539607996,0.015467431475248709,1.0
9.0,0.0,314.0,0.003426232295636015,0.0,0.0
9.0,0.0,315.0,0.006548212653294818,0.042279636575610964,1.0
9.0,0.0,316.0,0.00876879306198264,0.008508718262923902,1.0
9.0,0.0,317.0,0.0019645152871103663,5.7131332579436876e-05,1.0
9.0,0.0,318.0,0.0025800467333009455,2.9247965875878297,1.0
9.0,0.0,319.0,0.0016736626013166933,0.00014711998186188075,1.0
9.0,0.0,320.0,0.006838051018863612,0.5410628225362438,1.0
9.0,0.0,321.0,0.0019772719741856398,0.01384275217183301,1.0
9.0,0.0,322.0,0.0012067061763259353,0.07226030871449257,1.0
9.0,0.0,323.0,0.002777397457443165,0.0,0.0
9.0,0.0,324.0,0.0015221010719358588,0.0,0.0
9.0,0.0,325.0,0.0019033544496377605,6.66668307242507e-05,1.0
9.0,0.0,326.0,0.0010767291677955273,0.00039128968369098806,0.0
9.0,0.0,327.0,0.005470859774675221,0.1250496905460944,1.0
9.0,0.0,328.0,0.0029045777399964315,0.01219843111629783,0.0
9.0,0.0,329.0,0.002352765189538578,0.005663289151462684,1.0
9.0,0.0,330.0,0.002371189246038784,0.0012994476811579486,1.0
9.0,0.0,331.0,0.0021752309225547177,0.0,0.0
9.0,0.0,332.0,0.0018367119143723716,0.15707832620654055,1.0
9.0,0.0,333.0,0.0028153985513242486,8.852957124050706e-05,1.0
9.0,0.0,334.0,0.006597530792385511,0.07156592240089973,1.0
9.0,0.0,335.0,0.00376042193187105,0.007843517066488554,1.0
9.0,0.0,336.0,0.007463256102679271,3.2270458075725714e-06,0.0
9.0,0.0,337.0,0.006848100547807369,0.0033558226154118635,1.0
9.0,0.0,338.0,0.006795707246594758,0.0004409297765312236,1.0
9.0,0.0,339.0,0.002786041958776837,0.2819100313324498,1.0
9.0,0.0,340.0,0.002141167768499168,0.0,0.0
9.0,0.0,341.0,0.0013304735666145547,0.0,0.0
9.0,0.0,342.0,0.001626247827713458,4.5316315143492687e-05,0.0
9.0,0.0,343.0,0.007011264782784949,0.007518097695614714,1.0
9.0,0.0,344.0,0.0068219915158161835,0.005924670938777915,1.0
9.0,0.0,345.0,0.0020913432127668318,0.022928141241648985,1.0
9.0,0.0,346.0,0.0023960420948662253,0.00043215154511366154,1.0
9.0,0.0,347.0,0.0021706815513986293,0.0,0.0
9.0,0.0,348.0,0.001966125492483547,0.0,0.0
9.0,0.0,349.0,0.004059177285115367,0.0025263422612950962,1.0
9.0,0.0,350.0,0.002528459461220796,6.052330755788129e-05,1.0
9.0,0.0,351.0,0.008711609737017494,3.696828181257689,1.0
9.0,0.0,352.0,0.0027601434678577513,0.0,0.0
9.0,0.0,353.0,0.0016187826701054204,0.001861142381722601,1.0
9.0,0.0,354.0,0.001068122218047403,0.022396744033626816,1.0
9.0,0.0,355.0,0.002002000668701693,0.0,0.0
9.0,0.0,356.0,0.005315053898291658,0.004558375654017234,1.0
9.0,0.0,357.0,0.006533937441457818,0.006362427615698452,1.0
9.0,0.0,358.0,0.007115897299365815,0.009861210102186903,1.0
9.0,0.0,359.0,0.00715575953230973,0.0027159733449547275,1.0
9.0,0.0,360.0,0.0019496736973077444,0.10488118324836745,1.0
9.0,0.0,361.0,0.0029744618380656155,0.03621215768627506,1.0
9.0,0.0,362.0,0.0025330888919115682,0.02748794793309302,1.0
9.0,0.0,363.0,0.002488558504425963,0.0,0.0
9.0,0.0,364.0,0.00625448216544844,0.0031166635741394773,1.0
9.0,0.0,365.0,0.007152683248147204,0.024434550531905245,1.0
9.0,0.0,366.0,0.006508958952833975,3.107122385904953e-05,1.0
9.0,0.0,367.0,0.0007994807254488625,8.672004133751197e-07,0.0
9.0,0.0,368.0,0.0031999072108320654,0.003061609766779095,0.0
9.0,0.0,369.0,0.001906961416864262,0.0006106741482857014,1.0
9.0,0.0,370.0,0.002379729676634043,0.014481286164792974,1.0
9.0,0.0,371.0,0.0030026066093200203,7.916858586022535e-05,0.0
9.0,0.0,372.0,0.0022407936264046083,0.1462813873629907,1.0
9.0,0.0,373.0,0.008669448656807988,4.2174230811445375,1.0
9.0,0.0,374.0,0.0076961319962764885,0.0,0.0
9.0,0.0,375.0,0.0015656584281424852,0.007174965886266294,1.0
9.0,0.0,376.0,0.003278557234233072,8.282872133311727,1.0
9.0,0.0,377.0,0.0016947867909920967,6.852151860304351,1.0
9.0,0.0,378.0,0.0025557656964926775,0.0,0.0
9.0,0.0,379.0,0.0020117601508960513,0.0,0.0
9.0,0.0,380.0,0.0033023609726474277,0.03848572679548009,1.0
9.0,0.0,381.0,0.001513595575704043,1.4686285834189066,1.0
9.0,0.0,382.0,0.0013543328088071337,0.0,0.0
9.0,0.0,383.0,0.0015680083963752179,0.15167810217445596,1.0
9.0,0.0,384.0,0.0015459038617772708,0.0017165922790153935,1.0
9.0,0.0,385.0,0.006601618807078473,0.1305809691811516,1.0
9.0,0.0,386.0,0.007318907307572748,0.4199519904251152,1.0
9.0,0.0,387.0,0.007557685154310326,8.405785745311816e-05,1.0
9.0,0.0,388.0,0.0016729736455455904,0.001985818325403871,1.0
9.0,0.0,389.0,0.002193464102371687,0.030933233629083175,1.0
9.0,0.0,390.0,0.00152844751466947,0.0033086294597559204,1.0
9.0,0.0,391.0,0.0016427618387300936,0.0,0.0
9.0,0.0,392.0,0.001872866118948267,0.01511414782021169,1.0
9.0,0.0,393.0,0.00278615798433873,0.0,0.0
9.0,0.0,394.0,0.0020477017564296627,4.5454467291129435,1.0
9.0,0.0,395.0,0.0010570603823473969,9.946965370938144e-06,1.0
9.0,0.0,396.0,0.0021753912278319847,0.0004685001178694155,0.0
9.0,0.0,397.0,0.003178751906625755,0.2692868318290763,1.0
9.0,0.0,398.0,0.0013746624527756872,0.034395262510235336,1.0
9.0,0.0,399.0,0.0032600480129536926,0.0023079115835387977,1.0
9.0,0.022363011876529712,0.0,0.004916011377369871,0.007626507836691894,1.0
9.0,0.022363011876529712,1.0,0.0010068414307950104,0.0818834380937134,1.0
9.0,0.022363011876529712,2.0,0.0012681540792754166,0.0039810490408971975,1.0
9.0,0.022363011876529712,3.0,0.0030651841204958202,0.0011959467041867814,1.0
9.0,0.022363011876529712,4.0,0.0015774029404890862,0.00612378736323813,1.0
9.0,0.022363011876529712,5.0,0.002630783421243144,0.0020524044011984996,1.0
9.0,0.022363011876529712,6.0,0.002345499031903249,0.0,0.0
9.0,0.022363011876529712,7.0,0.0074706852684842855,0.0,0.0
9.0,0.022363011876529712,8.0,0.006443824143053899,0.007401117607391177,1.0
9.0,0.022363011876529712,9.0,0.005005566516195435,0.0009034672926466248,1.0
9.0,0.022363011876529712,10.0,0.0027285461634491614,0.02180417734880199,1.0
9.0,0.022363011876529712,11.0,0.00192389292143736,0.08646418733868724,1.0
9.0,0.022363011876529712,12.0,0.0020065309319193406,0.0,0.0
9.0,0.022363011876529712,13.0,0.005730949592370977,0.0,0.0
9.0,0.022363011876529712,14.0,0.007040038800699878,0.0167978574015085,1.0
9.0,0.022363011876529712,15.0,0.0065117105943984415,0.0,0.0
9.0,0.022363011876529712,16.0,0.020782793863907932,3.6343521238818836e-08,0.0
9.0,0.022363011876529712,17.0,0.007329514340830588,0.005251895794334033,1.0
9.0,0.022363011876529712,18.0,0.00566358436322929,4.8279925109717296e-05,0.0
9.0,0.022363011876529712,19.0,0.004407321258833404,0.0008468428797799033,1.0
9.0,0.022363011876529712,20.0,0.0082439289633781,0.875141558895186,1.0
9.0,0.022363011876529712,21.0,0.00493731374292072,1.4276825360032017e-05,1.0
9.0,0.022363011876529712,22.0,0.0020039364143034756,0.0,0.0
9.0,0.022363011876529712,23.0,0.006743894260007139,0.003389148240748105,1.0
9.0,0.022363011876529712,24.0,0.004377771191473363,0.00029601684594233736,0.0
9.0,0.022363011876529712,25.0,0.0022764973421868307,0.07388273226522486,1.0
9.0,0.022363011876529712,26.0,0.003520640572963806,0.0001571142938692904,0.0
9.0,0.022363011876529712,27.0,0.005376906350285612,0.03259099568338639,1.0
9.0,0.022363011876529712,28.0,0.008128338707498914,2.4754312940630783,1.0
9.0,0.022363011876529712,29.0,0.0006516920250138202,0.008952166009130612,1.0
9.0,0.022363011876529712,30.0,0.00722925732002197,3.1974958138673025e-05,1.0
9.0,0.022363011876529712,31.0,0.0024206019172674123,0.010547919444310902,1.0
9.0,0.022363011876529712,32.0,0.004586673722066946,0.0007395162976674585,1.0
9.0,0.022363011876529712,33.0,0.001778230982252747,0.012827351325946116,1.0
9.0,0.022363011876529712,34.0,0.0019972097624903315,1.7204819737845578,1.0
9.0,0.022363011876529712,35.0,0.00605506950630157,0.0015305060590401047,0.0
9.0,0.022363011876529712,36.0,0.00736586789682446,0.0023867272392456462,1.0
9.0,0.022363011876529712,37.0,0.000958374494763499,0.0008675519125599069,1.0
9.0,0.022363011876529712,38.0,0.02629604903010073,0.0441890368156361,1.0
9.0,0.022363011876529712,39.0,0.0021800039168030977,0.08692210718106307,1.0
9.0,0.022363011876529712,40.0,0.007287622600531212,0.028196133199865858,1.0
9.0,0.022363011876529712,41.0,0.0013873487916143514,0.0,0.0
9.0,0.022363011876529712,42.0,0.002348126756730142,0.00838012833381922,1.0
9.0,0.022363011876529712,43.0,0.0021185385333018975,0.019515225487668753,0.0
9.0,0.022363011876529712,44.0,0.007125158085301536,5.166824588319742,1.0
9.0,0.022363011876529712,45.0,0.007626792917148152,0.0,0.0
9.0,0.022363011876529712,46.0,0.003364459507840796,0.0,0.0
9.0,0.022363011876529712,47.0,0.011868191227680841,2.6611104818704,1.0
9.0,0.022363011876529712,48.0,0.006632859723214955,0.0005762598517663305,1.0
9.0,0.022363011876529712,49.0,0.017181039256830725,0.0074646257072575484,1.0
9.0,0.022363011876529712,50.0,0.0020525220372896134,0.19066488054450262,1.0
9.0,0.022363011876529712,51.0,0.0055151136048887245,1.0245837791367323,1.0
9.0,0.022363011876529712,52.0,0.0055500052680218705,0.0018728357174791223,1.0
9.0,0.022363011876529712,53.0,0.0031938329706736523,0.019472897313663584,1.0
9.0,0.022363011876529712,54.0,0.001980628252722237,1.9056033674825055,1.0
9.0,0.022363011876529712,55.0,0.009442012985692399,0.5101324184688745,1.0
9.0,0.022363011876529712,56.0,0.0017133798239893183,0.0010345451085051664,1.0
9.0,0.022363011876529712,57.0,0.0008282452900139514,2.5188643943999356,1.0
9.0,0.022363011876529712,58.0,0.0069322866534362905,2.707299525607386e-05,1.0
9.0,0.022363011876529712,59.0,0.0036108995828945875,0.0,0.0
9.0,0.022363011876529712,60.0,0.0069209819582122314,0.0,0.0
9.0,0.022363011876529712,61.0,0.0029625239416078203,0.0,0.0
9.0,0.022363011876529712,62.0,0.0022518160373441506,1.4060279584583526,1.0
9.0,0.022363011876529712,63.0,0.007284301909130646,0.0,0.0
9.0,0.022363011876529712,64.0,0.00254913461150659,0.0023371761699025125,0.0
9.0,0.022363011876529712,65.0,0.001898152383725716,0.00031422341339746825,0.0
9.0,0.022363011876529712,66.0,0.0015579587149866813,0.04135726302967691,1.0
9.0,0.022363011876529712,67.0,0.004890133871773974,0.09241679353020871,1.0
9.0,0.022363011876529712,68.0,0.0032273922378490477,0.0,0.0
9.0,0.022363011876529712,69.0,0.02428769036907167,3.0794133238916696e-05,0.0
9.0,0.022363011876529712,70.0,0.00806680714170947,0.175186217124818,1.0
9.0,0.022363011876529712,71.0,0.006366064033925309,0.000921162995344583,1.0
9.0,0.022363011876529712,72.0,0.007515833362881163,0.02312415551843971,1.0
9.0,0.022363011876529712,73.0,0.0016664691503514705,8.159747156140882e-06,1.0
9.0,0.022363011876529712,74.0,0.004385823779265703,0.0,0.0
9.0,0.022363011876529712,75.0,0.0036013026416231654,2.639367058769474,1.0
9.0,0.022363011876529712,76.0,0.001685707136534642,2.10263087295763,1.0
9.0,0.022363011876529712,77.0,0.0017055787494265839,0.12278191062275405,1.0
9.0,0.022363011876529712,78.0,0.003986397734752278,0.0,0.0
9.0,0.022363011876529712,79.0,0.007706372634739863,0.0,0.0
9.0,0.022363011876529712,80.0,0.0032262223888349442,0.0,0.0
9.0,0.022363011876529712,81.0,0.0032948648610839704,0.0009701998525302395,0.0
9.0,0.022363011876529712,82.0,0.007376800189733319,0.07787794883094294,1.0
9.0,0.022363011876529712,83.0,0.0017230745878487816,0.016387314270001667,1.0
9.0,0.022363011876529712,84.0,0.007028025943743351,0.7577264778244863,1.0
9.0,0.022363011876529712,85.0,0.006972474872386535,0.0004588605698741564,1.0
9.0,0.022363011876529712,86.0,0.0020585565125488736,0.0009167144180977145,1.0
9.0,0.022363011876529712,87.0,0.0044748704771143365,0.00356115405268984,0.0
9.0,0.022363011876529712,88.0,0.0022574233927519618,0.0017653233645164876,0.0
9.0,0.022363011876529712,89.0,0.0014142937670916817,6.153369441499374,1.0
9.0,0.022363011876529712,90.0,0.0016864065412459238,0.003811495153201051,1.0
9.0,0.022363011876529712,91.0,0.0011088746501098509,0.012514433029785495,1.0
9.0,0.022363011876529712,92.0,0.004458065429337296,3.5680695511014657,1.0
9.0,0.022363011876529712,93.0,0.0019946454032765772,0.0014353910607253907,0.0
9.0,0.022363011876529712,94.0,0.002121878227946191,0.0020524230176234316,1.0
9.0,0.022363011876529712,95.0,0.003233769859823893,0.0203742732993181,0.0
9.0,0.022363011876529712,96.0,0.005289922813403006,0.02386454574844777,0.0
9.0,0.022363011876529712,97.0,0.007043567601324346,0.0006997564470281353,1.0
9.0,0.022363011876529712,98.0,0.002330853684139455,0.0020427007600311367,1.0
9.0,0.022363011876529712,99.0,0.007659784207837357,0.02219080913004744,0.0
9.0,0.022363011876529712,100.0,0.007140881728864948,0.012857654346177475,1.0
9.0,0.022363011876529712,101.0,0.005433967659434261,0.030692178114652233,1.0
9.0,0.022363011876529712,102.0,0.0011628945651302042,0.003210026083031239,1.0
9.0,0.022363011876529712,103.0,0.0018638557370543813,0.001156253754377063,1.0
9.0,0.022363011876529712,104.0,0.0017020754398965935,0.0021631172743095677,1.0
9.0,0.022363011876529712,105.0,0.002089983437512367,0.0,0.0
9.0,0.022363011876529712,106.0,0.006889168038583931,0.6929136429190573,1.0
9.0,0.022363011876529712,107.0,0.025897434531183254,0.0,0.0
9.0,0.022363011876529712,108.0,0.007322910624166277,0.42548454732172275,1.0
9.0,0.022363011876529712,109.0,0.0022386030474801353,0.0,0.0
9.0,0.022363011876529712,110.0,0.001023839145141862,0.00015468771806429098,1.0
9.0,0.022363011876529712,111.0,0.006250031047789596,3.6512800945330275,1.0
9.0,0.022363011876529712,112.0,0.007148161106865513,0.0014771700813588182,1.0
9.0,0.022363011876529712,113.0,0.006722886717670842,0.33394695715688455,1.0
9.0,0.022363011876529712,114.0,0.0015617975111359866,0.004847705461794845,1.0
9.0,0.022363011876529712,115.0,0.0011640159187558327,0.000718325822205261,1.0
9.0,0.022363011876529712,116.0,0.004174809858872982,0.0,0.0
9.0,0.022363011876529712,117.0,0.007846043282909127,0.0,0.0
9.0,0.022363011876529712,118.0,0.0064746630770188066,0.0490809665068151,0.0
9.0,0.022363011876529712,119.0,0.0029055820197983594,0.003548633409108402,1.0
9.0,0.022363011876529712,120.0,0.006461723010597513,0.05224970012862598,1.0
9.0,0.022363011876529712,121.0,0.007520188961579346,0.059999846275451234,0.0
9.0,0.022363011876529712,122.0,0.002179029640420347,1.649056274925226,1.0
9.0,0.022363011876529712,123.0,0.002353924047562236,0.010821647329028596,1.0
9.0,0.022363011876529712,124.0,0.0018530920474129028,0.005876661928541089,1.0
9.0,0.022363011876529712,125.0,0.003320526398737026,0.0004957269253396757,1.0
9.0,0.022363011876529712,126.0,0.005043506659977554,1.2653996811807888,1.0
9.0,0.022363011876529712,127.0,0.005648434383319904,0.020474142648542953,0.0
9.0,0.022363011876529712,128.0,0.00734216855310649,0.5084025372030179,1.0
9.0,0.022363011876529712,129.0,0.0019145202968339787,0.023574587085337547,1.0
9.0,0.022363011876529712,130.0,0.0014406471644426667,0.0019345382336131971,1.0
9.0,0.022363011876529712,131.0,0.0019169283342725103,0.007534151430296248,1.0
9.0,0.022363011876529712,132.0,0.0020634644814057444,0.0,0.0
9.0,0.022363011876529712,133.0,0.0019560026197002816,3.829767324210012,1.0
9.0,0.022363011876529712,134.0,0.0016646715080962287,7.337335492379709e-05,1.0
9.0,0.022363011876529712,135.0,0.0018439214266193298,0.011157864556973424,1.0
9.0,0.022363011876529712,136.0,0.001482652544285131,0.03819043379517617,1.0
9.0,0.022363011876529712,137.0,0.0009352393899794923,0.0059002647404262955,1.0
9.0,0.022363011876529712,138.0,0.007526270511557074,0.021234155803375288,0.0
9.0,0.022363011876529712,139.0,0.001888774627267136,0.0,0.0
9.0,0.022363011876529712,140.0,0.002224664488035511,0.8453072221880985,1.0
9.0,0.022363011876529712,141.0,0.0019769113598840037,0.002621175361689922,0.0
9.0,0.022363011876529712,142.0,0.004123812563013062,0.0009571123099215909,0.0
9.0,0.022363011876529712,143.0,0.007217160718244945,0.02121898377431242,1.0
9.0,0.022363011876529712,144.0,0.00141395521435104,0.003015036541456217,1.0
9.0,0.022363011876529712,145.0,0.0038526322119016966,0.0004981058306946164,0.0
9.0,0.022363011876529712,146.0,0.0017570161163585499,0.007183290386421799,1.0
9.0,0.022363011876529712,147.0,0.005259162472750613,0.0010867126158387304,1.0
9.0,0.022363011876529712,148.0,0.0015064204073319907,2.1815994014546902,1.0
9.0,0.022363011876529712,149.0,0.0017325490421295471,0.1829986468959422,1.0
9.0,0.022363011876529712,150.0,0.0020235176290596983,0.0015594437183899209,0.0
9.0,0.022363011876529712,151.0,0.00492630773072075,0.02072889540798283,1.0
9.0,0.022363011876529712,152.0,0.0024128070910079177,0.0005590143786203625,0.0
9.0,0.022363011876529712,153.0,0.003219302338834246,0.0,0.0
9.0,0.022363011876529712,154.0,0.005082612555486147,0.0008628551655371632,0.0
9.0,0.022363011876529712,155.0,0.005544393451455316,0.004898373692234265,0.0
9.0,0.022363011876529712,156.0,0.007315812237711275,0.04646959309480148,1.0
9.0,0.022363011876529712,157.0,0.003747840593354464,0.0,0.0
9.0,0.022363011876529712,158.0,0.001511272419729794,0.0037631181941387487,1.0
9.0,0.022363011876529712,159.0,0.032331905130252754,0.9525472574694122,1.0
9.0,0.022363011876529712,160.0,0.0026195944264338087,1.4787532716466902,1.0
9.0,0.022363011876529712,161.0,0.006947227078807296,0.0,0.0
9.0,0.022363011876529712,162.0,0.0014837147054447817,0.0032427726741359295,1.0
9.0,0.022363011876529712,163.0,0.006915853813937979,0.007307460623900413,1.0
9.0,0.022363011876529712,164.0,0.007623205412642563,0.02099963806616045,0.0
9.0,0.022363011876529712,165.0,0.005299391926848595,4.5971966069356365e-05,0.0
9.0,0.022363011876529712,166.0,0.005065272152031495,0.0003476794063238928,1.0
9.0,0.022363011876529712,167.0,0.003922213146618326,0.0056540868381733484,1.0
9.0,0.022363011876529712,168.0,0.003557072221231118,0.0,0.0
9.0,0.022363011876529712,169.0,0.0012331797130240509,0.0002419988619639416,1.0
9.0,0.022363011876529712,170.0,0.0017106776107362603,0.145535499787506,1.0
9.0,0.022363011876529712,171.0,0.002042884352477281,0.22849255473642507,1.0
9.0,0.022363011876529712,172.0,0.001238594511320611,0.22783156571965868,1.0
9.0,0.022363011876529712,173.0,0.0016502512237648555,0.045123762697387174,1.0
9.0,0.022363011876529712,174.0,0.004469460077496589,0.027050838535735644,0.0
9.0,0.022363011876529712,175.0,0.001903169687120523,0.0020781296594104943,1.0
9.0,0.022363011876529712,176.0,0.0008650157667341561,0.7598171504189467,1.0
9.0,0.022363011876529712,177.0,0.0036714120252862134,0.013641921158207277,0.0
9.0,0.022363011876529712,178.0,0.010720103579932689,0.34234621161228684,1.0
9.0,0.022363011876529712,179.0,0.00115902349486169,0.22335356562823555,1.0
9.0,0.022363011876529712,180.0,0.007620823120432382,12.05977831262205,1.0
9.0,0.022363011876529712,181.0,0.0012981010397253572,0.07757753465287603,1.0
9.0,0.022363011876529712,182.0,0.003698577186145565,0.10742272698125194,1.0
9.0,0.022363011876529712,183.0,0.003939074771020997,0.012020871270049282,0.0
9.0,0.022363011876529712,184.0,0.007133055863210345,7.522369397176034e-05,1.0
9.0,0.022363011876529712,185.0,0.0021264834727563733,1.2499258961524864,1.0
9.0,0.022363011876529712,186.0,0.003793343438440492,0.018954190450022796,0.0
9.0,0.022363011876529712,187.0,0.004010410692497262,2.010293399821108e-06,0.0
9.0,0.022363011876529712,188.0,0.001947511718868335,1.7172118392197704,1.0
9.0,0.022363011876529712,189.0,0.0025888521945638928,1.3683469843297666e-05,0.0
9.0,0.022363011876529712,190.0,0.0016061891305129143,0.004897557650362091,1.0
9.0,0.022363011876529712,191.0,0.004914943685379897,0.01575072469951281,1.0
9.0,0.022363011876529712,192.0,0.0015100892404016047,0.005642136981475838,1.0
9.0,0.022363011876529712,193.0,0.0015480219353392107,0.017183528763348426,1.0
9.0,0.022363011876529712,194.0,0.005902609149565944,0.877297640357782,1.0
9.0,0.022363011876529712,195.0,0.004264624597054186,0.022351343309369255,1.0
9.0,0.022363011876529712,196.0,0.0015495402289890518,0.003679525345658511,1.0
9.0,0.022363011876529712,197.0,0.006306396694376366,0.0027580796038811552,1.0
9.0,0.022363011876529712,198.0,0.007114896193675883,0.042780004732461054,1.0
9.0,0.022363011876529712,199.0,0.00743468763048992,0.00021767078362256638,1.0
9.0,0.022363011876529712,200.0,0.0030540537802676744,0.0060246944438801095,1.0
9.0,0.022363011876529712,201.0,0.006839911149323857,0.0,0.0
9.0,0.022363011876529712,202.0,0.007634621382535662,0.0,0.0
9.0,0.022363011876529712,203.0,0.0016848223034620817,0.04760057972649024,1.0
9.0,0.022363011876529712,204.0,0.006675119913748149,0.00011779488016104308,1.0
9.0,0.022363011876529712,205.0,0.0022586136885803364,0.0,0.0
9.0,0.022363011876529712,206.0,0.006759089194072957,1.7308458411334129,1.0
9.0,0.022363011876529712,207.0,0.004786544828823181,0.0,0.0
9.0,0.022363011876529712,208.0,0.0018515224941095686,0.09217054687722759,1.0
9.0,0.022363011876529712,209.0,0.006222615705554855,0.1900041706261627,1.0
9.0,0.022363011876529712,210.0,0.007492919007476773,0.00021274739108498723,1.0
9.0,0.022363011876529712,211.0,0.00790716639958465,3.2632268353777794,1.0
9.0,0.022363011876529712,212.0,0.007039972115008139,5.598794791609252,1.0
9.0,0.022363011876529712,213.0,0.00554623236295245,0.0,0.0
9.0,0.022363011876529712,214.0,0.002366799042047275,0.000722837744355449,0.0
9.0,0.022363011876529712,215.0,0.007240008147950189,0.0008907951735526925,1.0
9.0,0.022363011876529712,216.0,0.005343050391702943,0.00022747295730990452,1.0
9.0,0.022363011876529712,217.0,0.0016339784240572528,4.951437536417667,1.0
9.0,0.022363011876529712,218.0,0.00121461949213362,0.021718808284062443,1.0
9.0,0.022363011876529712,219.0,0.007937739089776075,0.0,0.0
9.0,0.022363011876529712,220.0,0.0017778513742192526,0.0025506636440835524,0.0
9.0,0.022363011876529712,221.0,0.0017969405940797252,0.23338495293208103,1.0
9.0,0.022363011876529712,222.0,0.008287555339196916,0.01333337049040154,1.0
9.0,0.022363011876529712,223.0,0.0070918759369825255,0.04118883031420105,1.0
9.0,0.022363011876529712,224.0,0.00690522195302158,6.869901539447389e-05,1.0
9.0,0.022363011876529712,225.0,0.0017848995137061555,0.0,0.0
9.0,0.022363011876529712,226.0,0.0016249213825749835,1.9053546507053571,1.0
9.0,0.022363011876529712,227.0,0.0015677472270126673,1.8682816770082034e-05,0.0
9.0,0.022363011876529712,228.0,0.0029338100346090073,0.07842841914486522,1.0
9.0,0.022363011876529712,229.0,0.002274745193639429,0.0004398369479814364,1.0
9.0,0.022363011876529712,230.0,0.00684036086352499,0.0011130673355061085,1.0
9.0,0.022363011876529712,231.0,0.0018014438563478143,4.7468282078503764e-05,0.0
9.0,0.022363011876529712,232.0,0.004336275634554525,0.0,0.0
9.0,0.022363011876529712,233.0,0.007394899031389119,0.0013943591504421674,0.0
9.0,0.022363011876529712,234.0,0.0008004241116951717,0.00039588841278700033,1.0
9.0,0.022363011876529712,235.0,0.0017052308230481982,0.0155052667888106,0.0
9.0,0.022363011876529712,236.0,0.001765578977079469,2.4959697581665598e-05,0.0
9.0,0.022363011876529712,237.0,0.0023324498726654593,3.0227577153897145,1.0
9.0,0.022363011876529712,238.0,0.0013340426797254922,1.4533249922491064e-05,1.0
9.0,0.022363011876529712,239.0,0.007099009641448644,0.0,0.0
9.0,0.022363011876529712,240.0,0.0019871224121804127,0.0007156064157250939,1.0
9.0,0.022363011876529712,241.0,0.003853623583826866,0.0013236753202582052,0.0
9.0,0.022363011876529712,242.0,0.0070292146677858785,0.43562798145540643,1.0
9.0,0.022363011876529712,243.0,0.004639263839842245,0.0002355199933305979,1.0
9.0,0.022363011876529712,244.0,0.00760983532195727,0.0,0.0
9.0,0.022363011876529712,245.0,0.00771378824765548,0.0,0.0
9.0,0.022363011876529712,246.0,0.002533134715096205,9.688524697060571e-06,1.0
9.0,0.022363011876529712,247.0,0.00298891199309146,0.019841335937967917,0.0
9.0,0.022363011876529712,248.0,0.004391908394955264,0.006711706601828911,1.0
9.0,0.022363011876529712,249.0,0.0029067065087381144,0.00883861935115505,1.0
9.0,0.022363011876529712,250.0,0.007615879291966561,0.0,0.0
9.0,0.022363011876529712,251.0,0.0017786293360608605,0.7130983073808527,1.0
9.0,0.022363011876529712,252.0,0.0014848305980710303,0.013723039774594539,1.0
9.0,0.022363011876529712,253.0,0.006696654125004081,0.010642421669562674,0.0
9.0,0.022363011876529712,254.0,0.001762420327844759,0.07551727765962142,1.0
9.0,0.022363011876529712,255.0,0.003305806241559518,0.0,0.0
9.0,0.022363011876529712,256.0,0.0025878307451595852,3.135993862817403e-05,1.0
9.0,0.022363011876529712,257.0,0.003445350855861367,0.15725844072307865,1.0
9.0,0.022363011876529712,258.0,0.0018307832782968395,2.489263802684949e-05,0.0
9.0,0.022363011876529712,259.0,0.0016916669096959987,2.5596511138323185e-06,0.0
9.0,0.022363011876529712,260.0,0.004281824531457696,0.0,0.0
9.0,0.022363011876529712,261.0,0.002088869574343249,3.391745152998794e-05,1.0
9.0,0.022363011876529712,262.0,0.002765991765696434,8.918055738889332e-06,0.0
9.0,0.022363011876529712,263.0,0.004526907875289972,0.032598436345236945,1.0
9.0,0.022363011876529712,264.0,0.0017615820386110191,0.0027674020598653717,1.0
9.0,0.022363011876529712,265.0,0.0015744345286277817,0.02877268183943195,1.0
9.0,0.022363011876529712,266.0,0.007108845266330098,0.014371790935709493,1.0
9.0,0.022363011876529712,267.0,0.0023831732782208974,0.0018556949286880197,1.0
9.0,0.022363011876529712,268.0,0.0076019474133840826,8.989435607509873e-05,0.0
9.0,0.022363011876529712,269.0,0.0018081731710275785,0.01982462202447938,1.0
9.0,0.022363011876529712,270.0,0.0009878271530435858,0.007556884319519376,1.0
9.0,0.022363011876529712,271.0,0.0012039556066203538,0.0023754735978742353,1.0
9.0,0.022363011876529712,272.0,0.007280439347168758,0.0008525025990750451,1.0
9.0,0.022363011876529712,273.0,0.005319569846225185,0.11877051961456143,1.0
9.0,0.022363011876529712,274.0,0.002979824911757367,0.025081840678598817,0.0
9.0,0.022363011876529712,275.0,0.001782884660893689,3.3644361949458212,1.0
9.0,0.022363011876529712,276.0,0.005115676938035248,0.00020213269214176363,0.0
9.0,0.022363011876529712,277.0,0.0019273946554190537,7.013029277445592e-05,1.0
9.0,0.022363011876529712,278.0,0.005430408881844091,0.0,0.0
9.0,0.022363011876529712,279.0,0.00160809334356316,0.00044859722039966273,1.0
9.0,0.022363011876529712,280.0,0.0031747142140513504,0.00012377337279295876,1.0
9.0,0.022363011876529712,281.0,0.002956220081384171,0.0,0.0
9.0,0.022363011876529712,282.0,0.0030158549674598046,0.10937474679111833,1.0
9.0,0.022363011876529712,283.0,0.008751323115961399,5.977297890811256,1.0
9.0,0.022363011876529712,284.0,0.007497206721022597,0.0,0.0
9.0,0.022363011876529712,285.0,0.0018377529099334398,0.0,0.0
9.0,0.022363011876529712,286.0,0.0029429465627963166,9.795728265419696,1.0
9.0,0.022363011876529712,287.0,0.0021133478398501658,0.0029654143923280433,1.0
9.0,0.022363011876529712,288.0,0.0032739529354425855,0.0020698303578328896,0.0
9.0,0.022363011876529712,289.0,0.0018975758524962126,8.579863290929682e-06,0.0
9.0,0.022363011876529712,290.0,0.006064816315517838,0.04662412431925932,1.0
9.0,0.022363011876529712,291.0,0.001887423194405036,0.06592227341746885,1.0
9.0,0.022363011876529712,292.0,0.0019177087443835988,0.028867199420706327,1.0
9.0,0.022363011876529712,293.0,0.0024881626694290815,0.007488752316078587,0.0
9.0,0.022363011876529712,294.0,0.006427016015586556,0.16049152764087657,1.0
9.0,0.022363011876529712,295.0,0.0029679843485252893,2.7496253493126557e-05,0.0
9.0,0.022363011876529712,296.0,0.004311760192528733,0.00010879755523265684,1.0
9.0,0.022363011876529712,297.0,0.0022045541119538555,0.0007775196159801257,1.0
9.0,0.022363011876529712,298.0,0.0017533512927672293,1.187711565704547e-06,0.0
9.0,0.022363011876529712,299.0,0.0013470526003617049,0.17846339849859444,1.0
9.0,0.022363011876529712,300.0,0.005696571246800271,0.0,0.0
9.0,0.022363011876529712,301.0,0.0018975764969259524,0.0,0.0
9.0,0.022363011876529712,302.0,0.0013501388038566348,0.005700892495787526,1.0
9.0,0.022363011876529712,303.0,0.004768119221114396,0.40323195669914363,1.0
9.0,0.022363011876529712,304.0,0.0020807105297175636,0.019806482873469786,0.0
9.0,0.022363011876529712,305.0,0.007278644241606207,0.017311350690095605,1.0
9.0,0.022363011876529712,306.0,0.0077931157809644925,0.00035482794751940836,0.0
9.0,0.022363011876529712,307.0,0.0020430102356646077,0.0,0.0
9.0,0.022363011876529712,308.0,0.0011355000339032144,0.1566168957107352,1.0
9.0,0.022363011876529712,309.0,0.004411272672393049,4.665472193637229,1.0
9.0,0.022363011876529712,310.0,0.0034080580194415983,8.392751977466524e-05,0.0
9.0,0.022363011876529712,311.0,0.001130002819381781,0.0023761547594788237,1.0
9.0,0.022363011876529712,312.0,0.0027377556395086575,0.0,0.0
9.0,0.022363011876529712,313.0,0.0012279789985094043,0.00393580575038704,1.0
9.0,0.022363011876529712,314.0,0.0035734956139059724,0.0,0.0
9.0,0.022363011876529712,315.0,0.007261613016664739,0.025141747471394357,1.0
9.0,0.022363011876529712,316.0,0.007050315672342277,0.010117271423549838,1.0
9.0,0.022363011876529712,317.0,0.0019645152871103663,5.7131332579436876e-05,1.0
9.0,0.022363011876529712,318.0,0.0023136103930915318,3.7441474328717064,1.0
9.0,0.022363011876529712,319.0,0.0025162523875767125,2.592538642948803e-05,0.0
9.0,0.022363011876529712,320.0,0.006255950691561079,0.531189137612563,1.0
9.0,0.022363011876529712,321.0,0.001974443107471938,0.01323742953201806,1.0
9.0,0.022363011876529712,322.0,0.0010045461524119386,0.04298125417947916,1.0
9.0,0.022363011876529712,323.0,0.003336579273544202,0.0,0.0
9.0,0.022363011876529712,324.0,0.001991847723437633,0.0,0.0
9.0,0.022363011876529712,325.0,0.0016300992459242533,1.3847235874573506e-05,1.0
9.0,0.022363011876529712,326.0,0.0038737736387599855,0.0003713328277553297,0.0
9.0,0.022363011876529712,327.0,0.004614237758013806,0.13778265378865506,1.0
9.0,0.022363011876529712,328.0,0.0029045777399964315,0.01219843111629783,0.0
9.0,0.022363011876529712,329.0,0.002352765189538578,0.005663289151462684,1.0
9.0,0.022363011876529712,330.0,0.004509163584799533,0.0004330499359968262,0.0
9.0,0.022363011876529712,331.0,0.004514368122971798,0.0,0.0
9.0,0.022363011876529712,332.0,0.0018228777241477163,0.03119175941166707,1.0
9.0,0.022363011876529712,333.0,0.0028153985513242486,8.852957124050706e-05,1.0
9.0,0.022363011876529712,334.0,0.007188271971549776,0.07660491479201167,1.0
9.0,0.022363011876529712,335.0,0.0032183465685295836,0.008043052268514175,1.0
9.0,0.022363011876529712,336.0,0.007332001189107823,2.638432284530573e-06,0.0
9.0,0.022363011876529712,337.0,0.007449231391600922,0.0019088133680475196,1.0
9.0,0.022363011876529712,338.0,0.006842249747967811,0.00021931592377701269,0.0
9.0,0.022363011876529712,339.0,0.002786041958776837,0.2819100313324498,1.0
9.0,0.022363011876529712,340.0,0.004595021172080351,0.0,0.0
9.0,0.022363011876529712,341.0,0.002040752717744727,0.0,0.0
9.0,0.022363011876529712,342.0,0.0037935333928232518,4.321153105969635e-05,0.0
9.0,0.022363011876529712,343.0,0.007011264782784949,0.007518097695614714,1.0
9.0,0.022363011876529712,344.0,0.0068219915158161835,0.005924670938777915,1.0
9.0,0.022363011876529712,345.0,0.0015981303783946768,0.02786873164168514,1.0
9.0,0.022363011876529712,346.0,0.002346307093025389,0.00043274752074245944,1.0
9.0,0.022363011876529712,347.0,0.0019888452820964195,0.0,0.0
9.0,0.022363011876529712,348.0,0.004162788390744586,0.0,0.0
9.0,0.022363011876529712,349.0,0.0038329953254721246,0.0016284446573084385,1.0
9.0,0.022363011876529712,350.0,0.0021986556706640892,4.0124678058649156e-05,0.0
9.0,0.022363011876529712,351.0,0.007377926506542379,4.157182857853623,1.0
9.0,0.022363011876529712,352.0,0.0027601434678577513,0.0,0.0
9.0,0.022363011876529712,353.0,0.0010874174773284732,0.001707536123296263,1.0
9.0,0.022363011876529712,354.0,0.0009952233609024405,0.01961892124561256,1.0
9.0,0.022363011876529712,355.0,0.0032832899052307094,0.0,0.0
9.0,0.022363011876529712,356.0,0.005744638715735594,0.00268913776633533,1.0
9.0,0.022363011876529712,357.0,0.006533937441457818,0.006362427615698452,1.0
9.0,0.022363011876529712,358.0,0.007115897299365815,0.009861210102186903,1.0
9.0,0.022363011876529712,359.0,0.007238951511735543,0.0011041237438021714,0.0
9.0,0.022363011876529712,360.0,0.0019496736973077444,0.10488118324836745,1.0
9.0,0.022363011876529712,361.0,0.0029744618380656155,0.03621215768627506,1.0
9.0,0.022363011876529712,362.0,0.0018136619177703628,0.02824609019378788,1.0
9.0,0.022363011876529712,363.0,0.004311113594392651,0.0,0.0
9.0,0.022363011876529712,364.0,0.005297461215246672,0.003235187967100545,1.0
9.0,0.022363011876529712,365.0,0.007089715311373388,0.024465240893936098,1.0
9.0,0.022363011876529712,366.0,0.008146199570749824,1.165453828484246e-05,0.0
9.0,0.022363011876529712,367.0,0.0034609601044440024,7.854405074853607e-07,0.0
9.0,0.022363011876529712,368.0,0.0031999072108320654,0.003061609766779095,0.0
9.0,0.022363011876529712,369.0,0.0026570205395722414,0.00016147701672827096,0.0
9.0,0.022363011876529712,370.0,0.002379729676634043,0.014481286164792974,1.0
9.0,0.022363011876529712,371.0,0.0030026066093200203,7.916858586022535e-05,0.0
9.0,0.022363011876529712,372.0,0.0022407936264046083,0.1462813873629907,1.0
9.0,0.022363011876529712,373.0,0.008669448656807988,4.2174230811445375,1.0
9.0,0.022363011876529712,374.0,0.007332120742186187,0.0,0.0
9.0,0.022363011876529712,375.0,0.0015656584281424852,0.007174965886266294,1.0
9.0,0.022363011876529712,376.0,0.003278557234233072,8.282872133311727,1.0
9.0,0.022363011876529712,377.0,0.0016472369871675132,7.466024903312108,1.0
9.0,0.022363011876529712,378.0,0.0025112309803878175,0.0,0.0
9.0,0.022363011876529712,379.0,0.0042142650658814115,0.0,0.0
9.0,0.022363011876529712,380.0,0.0033023609726474277,0.03848572679548009,1.0
9.0,0.022363011876529712,381.0,0.0008582919845362186,2.152921161941274,1.0
9.0,0.022363011876529712,382.0,0.0019842591506779323,0.0,0.0
9.0,0.022363011876529712,383.0,0.0018189681812244565,0.02356756599606957,1.0
9.0,0.022363011876529712,384.0,0.0022024685879310224,0.0018668327306432609,1.0
9.0,0.022363011876529712,385.0,0.007094199036005098,0.10947669270662629,1.0
9.0,0.022363011876529712,386.0,0.007318907307572748,0.4199519904251152,1.0
9.0,0.022363011876529712,387.0,0.007557685154310326,8.405785745311816e-05,1.0
9.0,0.022363011876529712,388.0,0.0012963269085974208,0.001677648928352943,1.0
9.0,0.022363011876529712,389.0,0.002193464102371687,0.030933233629083175,1.0
9.0,0.022363011876529712,390.0,0.0016116036838808414,0.0024583182996397814,1.0
9.0,0.022363011876529712,391.0,0.0018540274277631208,0.0,0.0
9.0,0.022363011876529712,392.0,0.0019932007643648805,0.006755039257422383,0.0
9.0,0.022363011876529712,393.0,0.002351133089448801,0.0,0.0
9.0,0.022363011876529712,394.0,0.0021962495543626196,5.023914051175252,1.0
9.0,0.022363011876529712,395.0,0.004009986769125112,8.52159203134041e-07,0.0
9.0,0.022363011876529712,396.0,0.0026985420512079857,0.0004543190232620812,0.0
9.0,0.022363011876529712,397.0,0.003178751906625755,0.2692868318290763,1.0
9.0,0.022363011876529712,398.0,0.0012799402216683632,0.032262611495400974,1.0
9.0,0.022363011876529712,399.0,0.0032600480129536926,0.0023079115835387977,1.0
9.0,0.06708903562958914,0.0,0.0047901443970641625,0.007212163524890952,1.0
9.0,0.06708903562958914,1.0,0.0010068414307950104,0.0818834380937134,1.0
9.0,0.06708903562958914,2.0,0.0012681540792754166,0.0039810490408971975,1.0
9.0,0.06708903562958914,3.0,0.0033062443534264277,0.001443871746318861,1.0
9.0,0.06708903562958914,4.0,0.0010950732136298677,0.004340020256732481,1.0
9.0,0.06708903562958914,5.0,0.0028731146241416997,0.006563859929877782,1.0
9.0,0.06708903562958914,6.0,0.007698738865676052,0.0,0.0
9.0,0.06708903562958914,7.0,0.01235278421293693,0.0,0.0
9.0,0.06708903562958914,8.0,0.007339760637030819,0.005894364647761506,1.0
9.0,0.06708903562958914,9.0,0.00467287039300667,0.0007121385331681061,1.0
9.0,0.06708903562958914,10.0,0.0029752579092341084,0.027371848054340214,1.0
9.0,0.06708903562958914,11.0,0.00192389292143736,0.08646418733868724,1.0
9.0,0.06708903562958914,12.0,0.007385144675513298,0.0,0.0
9.0,0.06708903562958914,13.0,0.01103086916057748,0.0,0.0
9.0,0.06708903562958914,14.0,0.008738108516068325,0.013870288807632013,1.0
9.0,0.06708903562958914,15.0,0.010592464700429375,0.0,0.0
9.0,0.06708903562958914,16.0,0.0238828955108675,3.647244283248314e-08,0.0
9.0,0.06708903562958914,17.0,0.007157504844542159,0.004344443124347813,1.0
9.0,0.06708903562958914,18.0,0.011155390680216242,4.128929851278263e-05,0.0
9.0,0.06708903562958914,19.0,0.004340015694547221,0.0019018463053120664,1.0
9.0,0.06708903562958914,20.0,0.008471678070131654,0.742309604415888,1.0
9.0,0.06708903562958914,21.0,0.010779005542062237,4.000897416628228e-06,0.0
9.0,0.06708903562958914,22.0,0.007284914523005802,0.0,0.0
9.0,0.06708903562958914,23.0,0.007904317694310043,0.003389148240748105,1.0
9.0,0.06708903562958914,24.0,0.004377771191473363,0.00029601684594233736,0.0
9.0,0.06708903562958914,25.0,0.0022764973421868307,0.07388273226522486,1.0
9.0,0.06708903562958914,26.0,0.0064261710227251235,0.0001516250737096839,0.0
9.0,0.06708903562958914,27.0,0.004932701585605977,0.05769072162861511,1.0
9.0,0.06708903562958914,28.0,0.009053131196827291,1.8216272081081968,1.0
9.0,0.06708903562958914,29.0,0.0006516920250138202,0.008952166009130612,1.0
9.0,0.06708903562958914,30.0,0.007553241746360353,0.0001034813926903915,1.0
9.0,0.06708903562958914,31.0,0.0027827520304196493,0.012184179458956277,1.0
9.0,0.06708903562958914,32.0,0.004793481893574007,0.0008545899845923342,1.0
9.0,0.06708903562958914,33.0,0.003774120474764421,0.010936440546580665,1.0
9.0,0.06708903562958914,34.0,0.0030150827543972804,1.4129081888819428,1.0
9.0,0.06708903562958914,35.0,0.011412527432056181,0.0012492108850478737,0.0
9.0,0.06708903562958914,36.0,0.012213890635166098,0.002380108673293213,0.0
9.0,0.06708903562958914,37.0,0.001002459828112211,0.002067798403787007,1.0
9.0,0.06708903562958914,38.0,0.029364239439224445,0.09511526887982462,1.0
9.0,0.06708903562958914,39.0,0.002371518674853179,0.14335497619184462,1.0
9.0,0.06708903562958914,40.0,0.012129740819677704,0.006502087397810749,0.0
9.0,0.06708903562958914,41.0,0.005961797441512715,0.0,0.0
9.0,0.06708903562958914,42.0,0.002463575796054685,0.010564314047605562,1.0
9.0,0.06708903562958914,43.0,0.00758949061227893,0.019178036730103543,0.0
9.0,0.06708903562958914,44.0,0.0050559257771230545,4.144514834948134,1.0
9.0,0.06708903562958914,45.0,0.013142697312289259,0.0,0.0
9.0,0.06708903562958914,46.0,0.005712059995725487,0.0,0.0
9.0,0.06708903562958914,47.0,0.014335452695559556,1.4574293771358173,1.0
9.0,0.06708903562958914,48.0,0.0068098998491492035,0.0005076023942790067,1.0
9.0,0.06708903562958914,49.0,0.024509048890511725,0.005035192398237372,0.0
9.0,0.06708903562958914,50.0,0.0024176621949200446,0.2503527215024125,1.0
9.0,0.06708903562958914,51.0,0.005423945631039609,0.676443436503411,1.0
9.0,0.06708903562958914,52.0,0.01048138570380991,0.0018329139951984489,0.0
9.0,0.06708903562958914,53.0,0.003799334494830103,0.018272241386856725,1.0
9.0,0.06708903562958914,54.0,0.0028696527070200804,1.6765287233899335,1.0
9.0,0.06708903562958914,55.0,0.011534351328589258,0.22215257664075042,1.0
9.0,0.06708903562958914,56.0,0.003995746588542012,0.0011541862842517957,1.0
9.0,0.06708903562958914,57.0,0.0026226630887492943,1.411029092215363,1.0
9.0,0.06708903562958914,58.0,0.011396878862016777,8.719008712826153e-06,1.0
9.0,0.06708903562958914,59.0,0.006124166492909394,0.0,0.0
9.0,0.06708903562958914,60.0,0.011998728203914226,0.0,0.0
9.0,0.06708903562958914,61.0,0.005162478482765251,0.0,0.0
9.0,0.06708903562958914,62.0,0.002833298972235894,1.1758194198398022,1.0
9.0,0.06708903562958914,63.0,0.013585305533327442,0.0,0.0
9.0,0.06708903562958914,64.0,0.008102616910261193,0.002284208141009447,0.0
9.0,0.06708903562958914,65.0,0.007358825584394604,0.0003132063274384647,0.0
9.0,0.06708903562958914,66.0,0.0020806232740403483,0.3935264558748445,1.0
9.0,0.06708903562958914,67.0,0.005000253473256869,0.07369200621013859,1.0
9.0,0.06708903562958914,68.0,0.005502860276493889,0.0,0.0
9.0,0.06708903562958914,69.0,0.03271812905436973,3.058627601036997e-05,0.0
9.0,0.06708903562958914,70.0,0.010763238902009673,0.1264180243584342,1.0
9.0,0.06708903562958914,71.0,0.006170498382150153,0.0017451352415900057,1.0
9.0,0.06708903562958914,72.0,0.007193278086972565,0.22624246044073476,1.0
9.0,0.06708903562958914,73.0,0.006637890732196363,4.13602657519848e-06,0.0
9.0,0.06708903562958914,74.0,0.007539106462156039,0.0,0.0
9.0,0.06708903562958914,75.0,0.0052447379309849525,2.3891050972239363,1.0
9.0,0.06708903562958914,76.0,0.0016584339793999647,1.3858752554945704,1.0
9.0,0.06708903562958914,77.0,0.001138140144358775,0.0978698781726175,1.0
9.0,0.06708903562958914,78.0,0.003986397734752278,0.0,0.0
9.0,0.06708903562958914,79.0,0.012846508438092685,0.0,0.0
9.0,0.06708903562958914,80.0,0.005510485253544564,0.0,0.0
9.0,0.06708903562958914,81.0,0.00437219339247388,0.0009495568933408496,0.0
9.0,0.06708903562958914,82.0,0.007613322717202759,0.06673848338540032,1.0
9.0,0.06708903562958914,83.0,0.0017230745878487816,0.016387314270001667,1.0
9.0,0.06708903562958914,84.0,0.009159393306771168,0.5071153442186807,1.0
9.0,0.06708903562958914,85.0,0.00647187105638955,0.0005111303651297447,1.0
9.0,0.06708903562958914,86.0,0.0020585565125488736,0.0009167144180977145,1.0
9.0,0.06708903562958914,87.0,0.0044748704771143365,0.00356115405268984,0.0
9.0,0.06708903562958914,88.0,0.007502043232665177,0.0017534278226080838,0.0
9.0,0.06708903562958914,89.0,0.0023523108695769515,5.08898058556258,1.0
9.0,0.06708903562958914,90.0,0.0014131649524037704,0.004219143921301273,1.0
9.0,0.06708903562958914,91.0,0.0020828455747119987,0.011071742735385243,1.0
9.0,0.06708903562958914,92.0,0.004719213028119067,3.0344719602645402,1.0
9.0,0.06708903562958914,93.0,0.00734348390734112,0.0014234797658547887,0.0
9.0,0.06708903562958914,94.0,0.0029704424204997255,0.0016180482352518273,1.0
9.0,0.06708903562958914,95.0,0.005572818507955487,0.020212352833975076,0.0
9.0,0.06708903562958914,96.0,0.010272129268415028,0.023861970268829323,0.0
9.0,0.06708903562958914,97.0,0.0066974733705584535,0.0013843510961828388,1.0
9.0,0.06708903562958914,98.0,0.0056504243481464616,0.004071910020467982,1.0
9.0,0.06708903562958914,99.0,0.01277102559160151,0.02067260192789405,0.0
9.0,0.06708903562958914,100.0,0.008042355580313312,0.010563865640802063,1.0
9.0,0.06708903562958914,101.0,0.005775161332264021,0.028770985386595643,1.0
9.0,0.06708903562958914,102.0,0.006698337623698249,0.0010207697812814787,0.0
9.0,0.06708903562958914,103.0,0.005741370460964002,0.0018467071249282645,1.0
9.0,0.06708903562958914,104.0,0.0017020754398965935,0.0021631172743095677,1.0
9.0,0.06708903562958914,105.0,0.007759718607079955,0.0,0.0
9.0,0.06708903562958914,106.0,0.0077380933793509184,0.7887332309153674,1.0
9.0,0.06708903562958914,107.0,0.03342419219263798,0.0,0.0
9.0,0.06708903562958914,108.0,0.00722334845296868,0.23413931791058218,1.0
9.0,0.06708903562958914,109.0,0.007798756903112215,0.0,0.0
9.0,0.06708903562958914,110.0,0.0010148201947803258,0.00013262134677249383,1.0
9.0,0.06708903562958914,111.0,0.006716647300409413,3.009490517203555,1.0
9.0,0.06708903562958914,112.0,0.006713186091765227,0.0019121838771559917,1.0
9.0,0.06708903562958914,113.0,0.006768424144793371,0.4635012739558576,1.0
9.0,0.06708903562958914,114.0,0.0010702914023247858,0.011102093225418051,1.0
9.0,0.06708903562958914,115.0,0.001498260013214049,0.0009345550468726383,1.0
9.0,0.06708903562958914,116.0,0.007307071262424707,0.0,0.0
9.0,0.06708903562958914,117.0,0.013091578809527958,0.0,0.0
9.0,0.06708903562958914,118.0,0.012119077482007475,0.03430935852825994,0.0
9.0,0.06708903562958914,119.0,0.004090328029894991,0.0031829624949664117,1.0
9.0,0.06708903562958914,120.0,0.006736859421150713,0.08268705873318172,1.0
9.0,0.06708903562958914,121.0,0.012516860111143823,0.053294575564851225,0.0
9.0,0.06708903562958914,122.0,0.004362783198754421,1.0400483402804326,1.0
9.0,0.06708903562958914,123.0,0.0030682501230752217,0.011533701097461683,1.0
9.0,0.06708903562958914,124.0,0.0017165647212732263,0.0052659865009798005,1.0
9.0,0.06708903562958914,125.0,0.002503798181456509,0.00047051367443285054,1.0
9.0,0.06708903562958914,126.0,0.005367111899831496,0.7603051058777174,1.0
9.0,0.06708903562958914,127.0,0.00950293840501158,0.020639608919113574,0.0
9.0,0.06708903562958914,128.0,0.006928480762473092,0.7421921350891139,1.0
9.0,0.06708903562958914,129.0,0.002139482654317466,0.019369340627123494,1.0
9.0,0.06708903562958914,130.0,0.001000343977897094,0.008611498441456792,1.0
9.0,0.06708903562958914,131.0,0.002732757144060871,0.007212994163475239,1.0
9.0,0.06708903562958914,132.0,0.007435899289164834,0.0,0.0
9.0,0.06708903562958914,133.0,0.0035608846575500798,2.9872833334132842,1.0
9.0,0.06708903562958914,134.0,0.001425696179353702,7.255440390984932e-05,1.0
9.0,0.06708903562958914,135.0,0.0024722305241863746,0.012648661303262023,1.0
9.0,0.06708903562958914,136.0,0.001482652544285131,0.03819043379517617,1.0
9.0,0.06708903562958914,137.0,0.0009352393899794923,0.0059002647404262955,1.0
9.0,0.06708903562958914,138.0,0.010272950844134016,0.02097239956710284,0.0
9.0,0.06708903562958914,139.0,0.005891690787005674,0.0,0.0
9.0,0.06708903562958914,140.0,0.004035473291708126,0.6933878315039601,1.0
9.0,0.06708903562958914,141.0,0.007306732797016419,0.0026202212051929627,0.0
9.0,0.06708903562958914,142.0,0.004123812563013062,0.0009571123099215909,0.0
9.0,0.06708903562958914,143.0,0.006572320439781346,0.018660464141493017,1.0
9.0,0.06708903562958914,144.0,0.00141395521435104,0.003015036541456217,1.0
9.0,0.06708903562958914,145.0,0.006846462253304703,0.0004978675218873568,0.0
9.0,0.06708903562958914,146.0,0.006833493322364903,0.003924772133005859,0.0
9.0,0.06708903562958914,147.0,0.004830256972894541,0.009809999602545421,1.0
9.0,0.06708903562958914,148.0,0.002372336572932875,2.4877531799630983,1.0
9.0,0.06708903562958914,149.0,0.0017325490421295471,0.1829986468959422,1.0
9.0,0.06708903562958914,150.0,0.007041868030856334,0.0014599672444495688,0.0
9.0,0.06708903562958914,151.0,0.005162637558646669,0.022052738176683597,1.0
9.0,0.06708903562958914,152.0,0.007788452226462067,0.0005587690653985006,0.0
9.0,0.06708903562958914,153.0,0.005504935631446329,0.0,0.0
9.0,0.06708903562958914,154.0,0.00996243342156009,0.0008357855368199601,0.0
9.0,0.06708903562958914,155.0,0.009417849741017368,0.004887907026131013,0.0
9.0,0.06708903562958914,156.0,0.007371822371921401,0.03401452972791981,1.0
9.0,0.06708903562958914,157.0,0.004856628085405286,0.0,0.0
9.0,0.06708903562958914,158.0,0.001965874461051113,0.005442769838135982,1.0
9.0,0.06708903562958914,159.0,0.03473048454492454,0.9525472574694122,1.0
9.0,0.06708903562958914,160.0,0.003194619799052797,1.2259962993866254,1.0
9.0,0.06708903562958914,161.0,0.012135802269556925,0.0,0.0
9.0,0.06708903562958914,162.0,0.0010457395919489972,0.03624949686108422,1.0
9.0,0.06708903562958914,163.0,0.008891075686875726,0.005928727270915133,1.0
9.0,0.06708903562958914,164.0,0.01272453972735504,0.020109188257104577,0.0
9.0,0.06708903562958914,165.0,0.00894182551148755,5.204595214592649e-05,0.0
9.0,0.06708903562958914,166.0,0.0045226588885586205,0.0003205473989650804,1.0
9.0,0.06708903562958914,167.0,0.0051654780072045384,0.00533447969013057,1.0
9.0,0.06708903562958914,168.0,0.004663608036836688,0.0,0.0
9.0,0.06708903562958914,169.0,0.00673326707647629,3.719753474748419e-05,0.0
9.0,0.06708903562958914,170.0,0.0017106776107362603,0.145535499787506,1.0
9.0,0.06708903562958914,171.0,0.001410299902021067,0.18969531138695664,1.0
9.0,0.06708903562958914,172.0,0.0011944241816693856,0.15395325211885125,1.0
9.0,0.06708903562958914,173.0,0.0016087982930492232,0.03757950747357556,1.0
9.0,0.06708903562958914,174.0,0.004469460077496589,0.027050838535735644,0.0
9.0,0.06708903562958914,175.0,0.001903169687120523,0.0020781296594104943,1.0
9.0,0.06708903562958914,176.0,0.002145586704913075,0.6409128733497461,1.0
9.0,0.06708903562958914,177.0,0.006628105561005292,0.013640834545755534,0.0
9.0,0.06708903562958914,178.0,0.011914557975151506,0.18481686905570024,1.0
9.0,0.06708903562958914,179.0,0.006593039763813641,0.13751461956004307,0.0
9.0,0.06708903562958914,180.0,0.007273556865026119,11.193747004547621,1.0
9.0,0.06708903562958914,181.0,0.0013470802769132903,0.12095651600549237,1.0
9.0,0.06708903562958914,182.0,0.0048917469293024585,0.09356660000895614,1.0
9.0,0.06708903562958914,183.0,0.003939074771020997,0.012020871270049282,0.0
9.0,0.06708903562958914,184.0,0.006677432834441407,5.0646253032387594e-05,1.0
9.0,0.06708903562958914,185.0,0.0025793195545850377,1.124791093191318,1.0
9.0,0.06708903562958914,186.0,0.003793343438440492,0.018954190450022796,0.0
9.0,0.06708903562958914,187.0,0.004010410692497262,2.010293399821108e-06,0.0
9.0,0.06708903562958914,188.0,0.001947511718868335,1.7172118392197704,1.0
9.0,0.06708903562958914,189.0,0.004565716638278577,1.3333881455651783e-05,0.0
9.0,0.06708903562958914,190.0,0.0016061891305129143,0.004897557650362091,1.0
9.0,0.06708903562958914,191.0,0.004778276595804135,0.035790249393363414,1.0
9.0,0.06708903562958914,192.0,0.0010398179924888862,0.026315535046216827,1.0
9.0,0.06708903562958914,193.0,0.0017561974242151677,0.012933370115952412,1.0
9.0,0.06708903562958914,194.0,0.006475641070401316,1.4150338973849634,1.0
9.0,0.06708903562958914,195.0,0.005772807874046287,0.019990976038611687,1.0
9.0,0.06708903562958914,196.0,0.002153069422228384,0.004772359069000879,1.0
9.0,0.06708903562958914,197.0,0.006080537037486503,0.002308393955908032,1.0
9.0,0.06708903562958914,198.0,0.00810650266264469,0.05716691872045433,1.0
9.0,0.06708903562958914,199.0,0.01108997011507162,0.0003828560421981857,1.0
9.0,0.06708903562958914,200.0,0.0037634010568083354,0.014871523214172571,1.0
9.0,0.06708903562958914,201.0,0.011765535879217241,0.0,0.0
9.0,0.06708903562958914,202.0,0.012891677221597567,0.0,0.0
9.0,0.06708903562958914,203.0,0.0016848223034620817,0.04760057972649024,1.0
9.0,0.06708903562958914,204.0,0.006274213860353414,0.00010497490166782801,1.0
9.0,0.06708903562958914,205.0,0.00781473270902502,0.0,0.0
9.0,0.06708903562958914,206.0,0.00932727633086479,1.5682301902907039,1.0
9.0,0.06708903562958914,207.0,0.004786544828823181,0.0,0.0
9.0,0.06708903562958914,208.0,0.0011039816756580245,0.08490976415156244,1.0
9.0,0.06708903562958914,209.0,0.004916067994019872,0.1554612457342153,1.0
9.0,0.06708903562958914,210.0,0.012965523566892909,0.00011272584478438561,1.0
9.0,0.06708903562958914,211.0,0.009895594056614995,2.5468327196758587,1.0
9.0,0.06708903562958914,212.0,0.005742482487992377,4.763464084381203,1.0
9.0,0.06708903562958914,213.0,0.01074448007095501,0.0,0.0
9.0,0.06708903562958914,214.0,0.005000759861167957,0.0007132175263348127,0.0
9.0,0.06708903562958914,215.0,0.01194852384659353,0.0004285280924478712,0.0
9.0,0.06708903562958914,216.0,0.006184156270157948,0.0002428924908025285,1.0
9.0,0.06708903562958914,217.0,0.0016339784240572528,4.951437536417667,1.0
9.0,0.06708903562958914,218.0,0.0012478021411388672,0.03279374192617548,1.0
9.0,0.06708903562958914,219.0,0.013326838097817354,0.0,0.0
9.0,0.06708903562958914,220.0,0.00694125900670328,0.0023950372218102855,0.0
9.0,0.06708903562958914,221.0,0.0016739913167343596,0.13654969764147745,1.0
9.0,0.06708903562958914,222.0,0.011677293455546156,0.006768715770851621,1.0
9.0,0.06708903562958914,223.0,0.008254080790251141,0.0346823504393526,1.0
9.0,0.06708903562958914,224.0,0.007387892183052076,4.437766156193039e-05,1.0
9.0,0.06708903562958914,225.0,0.00682027901830963,0.0,0.0
9.0,0.06708903562958914,226.0,0.0012246523696129367,1.6062307373386477,1.0
9.0,0.06708903562958914,227.0,0.006446828645346019,1.669089030520456e-05,0.0
9.0,0.06708903562958914,228.0,0.003172493525285195,0.1052316977268822,1.0
9.0,0.06708903562958914,229.0,0.0026178986665730654,0.00033311294365850484,1.0
9.0,0.06708903562958914,230.0,0.007225114197784299,0.0009812740175466183,1.0
9.0,0.06708903562958914,231.0,0.006976195003124927,4.328422434593318e-05,0.0
9.0,0.06708903562958914,232.0,0.00746185043129107,0.0,0.0
9.0,0.06708903562958914,233.0,0.012420170534161381,0.0013482886920755351,0.0
9.0,0.06708903562958914,234.0,0.0011599633319877994,0.0002655416370635487,1.0
9.0,0.06708903562958914,235.0,0.006790326374917678,0.008800790203572585,0.0
9.0,0.06708903562958914,236.0,0.006838232371017813,2.0747140323000987e-05,0.0
9.0,0.06708903562958914,237.0,0.003417358657806543,2.75466449090939,1.0
9.0,0.06708903562958914,238.0,0.0013606833554474546,1.2379169576327892e-05,1.0
9.0,0.06708903562958914,239.0,0.012399978004110208,0.0,0.0
9.0,0.06708903562958914,240.0,0.00214054822365352,0.0013681696879554095,1.0
9.0,0.06708903562958914,241.0,0.003853623583826866,0.0013236753202582052,0.0
9.0,0.06708903562958914,242.0,0.007237207826739256,0.2750117556774353,1.0
9.0,0.06708903562958914,243.0,0.0055092198891036,0.0004732656013494665,1.0
9.0,0.06708903562958914,244.0,0.012736815927276067,0.0,0.0
9.0,0.06708903562958914,245.0,0.012937630455585488,0.0,0.0
9.0,0.06708903562958914,246.0,0.008001242880049926,9.097882533711176e-06,0.0
9.0,0.06708903562958914,247.0,0.0052575154280821755,0.019817883578649616,0.0
9.0,0.06708903562958914,248.0,0.004117609067350835,0.024509972576737742,1.0
9.0,0.06708903562958914,249.0,0.0038294898657429237,0.01158463418316675,1.0
9.0,0.06708903562958914,250.0,0.012829980055852914,0.0,0.0
9.0,0.06708903562958914,251.0,0.0030204501701134394,0.8730288484665737,1.0
9.0,0.06708903562958914,252.0,0.0011674214174891792,0.013098525425792535,1.0
9.0,0.06708903562958914,253.0,0.011656658075636393,0.00979313030685434,0.0
9.0,0.06708903562958914,254.0,0.001762420327844759,0.07551727765962142,1.0
9.0,0.06708903562958914,255.0,0.004410112992735831,0.0,0.0
9.0,0.06708903562958914,256.0,0.002622188889148884,0.0001952511874311263,1.0
9.0,0.06708903562958914,257.0,0.003445350855861367,0.15725844072307865,1.0
9.0,0.06708903562958914,258.0,0.006823685705812974,2.1256797142122992e-05,0.0
9.0,0.06708903562958914,259.0,0.006781705782771042,2.430278502454393e-06,0.0
9.0,0.06708903562958914,260.0,0.005643417668148978,0.0,0.0
9.0,0.06708903562958914,261.0,0.001965799608118453,0.00038481888762304417,1.0
9.0,0.06708903562958914,262.0,0.005017312874729491,8.892839751501292e-06,0.0
9.0,0.06708903562958914,263.0,0.004953869546551866,0.030809890421730754,1.0
9.0,0.06708903562958914,264.0,0.0017615820386110191,0.0027674020598653717,1.0
9.0,0.06708903562958914,265.0,0.0011205491283371176,0.12845009971550236,1.0
9.0,0.06708903562958914,266.0,0.007220013488247909,0.01159164330703952,1.0
9.0,0.06708903562958914,267.0,0.0023831732782208974,0.0018556949286880197,1.0
9.0,0.06708903562958914,268.0,0.01274233635004133,7.801566832994529e-05,0.0
9.0,0.06708903562958914,269.0,0.00348636765221798,0.013322121975933831,1.0
9.0,0.06708903562958914,270.0,0.0024767557809992997,0.007145963462126801,1.0
9.0,0.06708903562958914,271.0,0.0013109435253475035,0.001795427123152513,1.0
9.0,0.06708903562958914,272.0,0.009246118679298473,0.0005800233705267684,1.0
9.0,0.06708903562958914,273.0,0.004818495832634896,0.11202855354837242,1.0
9.0,0.06708903562958914,274.0,0.008402864031572315,0.02461235856717915,0.0
9.0,0.06708903562958914,275.0,0.0017513958606634953,3.3038582501925946,1.0
9.0,0.06708903562958914,276.0,0.009991834400345196,0.00019894829035754262,0.0
9.0,0.06708903562958914,277.0,0.002953054571083668,7.84510931373345e-05,1.0
9.0,0.06708903562958914,278.0,0.010582420668556913,0.0,0.0
9.0,0.06708903562958914,279.0,0.00160809334356316,0.00044859722039966273,1.0
9.0,0.06708903562958914,280.0,0.007674998476566233,7.80912077215126e-05,1.0
9.0,0.06708903562958914,281.0,0.004121653617064647,0.0,0.0
9.0,0.06708903562958914,282.0,0.004252703987139535,0.09900219390803475,1.0
9.0,0.06708903562958914,283.0,0.005221727373638959,5.012996508427854,1.0
9.0,0.06708903562958914,284.0,0.012425108921721047,0.0,0.0
9.0,0.06708903562958914,285.0,0.006971977438784601,0.0,0.0
9.0,0.06708903562958914,286.0,0.0026968891427607607,9.245853147079133,1.0
9.0,0.06708903562958914,287.0,0.0037463526317190322,0.003783555491208619,1.0
9.0,0.06708903562958914,288.0,0.0076678172660896255,0.0020748662115781255,0.0
9.0,0.06708903562958914,289.0,0.007182797225375829,8.071308524591216e-06,0.0
9.0,0.06708903562958914,290.0,0.008528980165952448,0.04071751820579229,1.0
9.0,0.06708903562958914,291.0,0.001887423194405036,0.06592227341746885,1.0
9.0,0.06708903562958914,292.0,0.001936114118022421,0.12129858217338178,1.0
9.0,0.06708903562958914,293.0,0.004492200152278477,0.007451809264838192,0.0
9.0,0.06708903562958914,294.0,0.006195386712761866,0.1341986440952578,1.0
9.0,0.06708903562958914,295.0,0.005236283981609769,2.7420678751629315e-05,0.0
9.0,0.06708903562958914,296.0,0.009000894049962424,6.710578093345957e-05,1.0
9.0,0.06708903562958914,297.0,0.0034507897283297165,0.0006934321146147242,1.0
9.0,0.06708903562958914,298.0,0.006954875379506921,1.1205214875066354e-06,0.0
9.0,0.06708903562958914,299.0,0.0013296594346513322,0.3579412226873015,1.0
9.0,0.06708903562958914,300.0,0.01100983713679551,0.0,0.0
9.0,0.06708903562958914,301.0,0.0071057378478109785,0.0,0.0
9.0,0.06708903562958914,302.0,0.001710468778268619,0.005216468979570237,1.0
9.0,0.06708903562958914,303.0,0.007458326747426875,0.29238122831582997,1.0
9.0,0.06708903562958914,304.0,0.007382109529993117,0.019329998612758862,0.0
9.0,0.06708903562958914,305.0,0.0072724655904660195,0.01460302353223519,1.0
9.0,0.06708903562958914,306.0,0.013161562775552547,0.00033619573662814744,0.0
9.0,0.06708903562958914,307.0,0.007416231879736541,0.0,0.0
9.0,0.06708903562958914,308.0,0.0019947067925079375,0.22770879911277975,1.0
9.0,0.06708903562958914,309.0,0.0016880492718183017,3.698127352174649,1.0
9.0,0.06708903562958914,310.0,0.0063159328865948884,8.082416136502285e-05,0.0
9.0,0.06708903562958914,311.0,0.001130002819381781,0.0023761547594788237,1.0
9.0,0.06708903562958914,312.0,0.00689043688601101,0.0,0.0
9.0,0.06708903562958914,313.0,0.0013558092814010404,0.01484972570569662,1.0
9.0,0.06708903562958914,314.0,0.00963506653744628,0.0,0.0
9.0,0.06708903562958914,315.0,0.0074182524645889075,0.4714598566233852,1.0
9.0,0.06708903562958914,316.0,0.009605747807183462,0.007674662297057152,1.0
9.0,0.06708903562958914,317.0,0.0019645152871103663,5.7131332579436876e-05,1.0
9.0,0.06708903562958914,318.0,0.00251778651123437,2.6541328518084946,1.0
9.0,0.06708903562958914,319.0,0.006983024410386021,2.429830057463939e-05,0.0
9.0,0.06708903562958914,320.0,0.007329775531059745,0.4373760783244458,1.0
9.0,0.06708903562958914,321.0,0.0020382052470678093,0.015813916192192422,1.0
9.0,0.06708903562958914,322.0,0.0010451490342750155,0.036512849561145484,1.0
9.0,0.06708903562958914,323.0,0.0057073143395424564,0.0,0.0
9.0,0.06708903562958914,324.0,0.00733695373378745,0.0,0.0
9.0,0.06708903562958914,325.0,0.005296147642643992,6.355296056454841e-06,1.0
9.0,0.06708903562958914,326.0,0.0038737736387599855,0.0003713328277553297,0.0
9.0,0.06708903562958914,327.0,0.006083133768132485,0.09964237206589777,1.0
9.0,0.06708903562958914,328.0,0.005170040026569995,0.011844196587123178,0.0
9.0,0.06708903562958914,329.0,0.004108113724106544,0.0052934951579656974,1.0
9.0,0.06708903562958914,330.0,0.004509163584799533,0.0004330499359968262,0.0
9.0,0.06708903562958914,331.0,0.007738667458883134,0.0,0.0
9.0,0.06708903562958914,332.0,0.00153145170581659,0.15280244048435135,1.0
9.0,0.06708903562958914,333.0,0.003992144222418488,7.702283390044022e-05,1.0
9.0,0.06708903562958914,334.0,0.006899356929509565,0.06564390504965666,1.0
9.0,0.06708903562958914,335.0,0.003915973104067939,0.00767278356417513,1.0
9.0,0.06708903562958914,336.0,0.012218470620900763,2.635743651435882e-06,0.0
9.0,0.06708903562958914,337.0,0.00955956755992188,0.000988224893922402,1.0
9.0,0.06708903562958914,338.0,0.011860404416056309,0.00021659711734791837,0.0
9.0,0.06708903562958914,339.0,0.0034609866826755976,0.24364520719968477,1.0
9.0,0.06708903562958914,340.0,0.004595021172080351,0.0,0.0
9.0,0.06708903562958914,341.0,0.00739915220587739,0.0,0.0
9.0,0.06708903562958914,342.0,0.0037935333928232518,4.321153105969635e-05,0.0
9.0,0.06708903562958914,343.0,0.011276604063660923,0.0036757065628701367,1.0
9.0,0.06708903562958914,344.0,0.007676151342009413,0.004664534649804267,1.0
9.0,0.06708903562958914,345.0,0.0020913432127668318,0.022928141241648985,1.0
9.0,0.06708903562958914,346.0,0.002346307093025389,0.00043274752074245944,1.0
9.0,0.06708903562958914,347.0,0.007381339170319974,0.0,0.0
9.0,0.06708903562958914,348.0,0.004162788390744586,0.0,0.0
9.0,0.06708903562958914,349.0,0.00403903689592511,0.0011733954446672813,1.0
9.0,0.06708903562958914,350.0,0.007623989385359469,4.004455138008827e-05,0.0
9.0,0.06708903562958914,351.0,0.008342717113873332,4.470277960314085,1.0
9.0,0.06708903562958914,352.0,0.0050097580506163015,0.0,0.0
9.0,0.06708903562958914,353.0,0.0066617851631596,0.0010853573551863431,0.0
9.0,0.06708903562958914,354.0,0.0009580052507819729,0.021795987548759426,1.0
9.0,0.06708903562958914,355.0,0.009141820794890506,0.0,0.0
9.0,0.06708903562958914,356.0,0.010943821058981318,0.0008729612017039391,0.0
9.0,0.06708903562958914,357.0,0.0072781160011211096,0.005393477923538645,1.0
9.0,0.06708903562958914,358.0,0.012435107460900055,0.0038116197844561745,0.0
9.0,0.06708903562958914,359.0,0.012044211150183663,0.0007938132662108255,0.0
9.0,0.06708903562958914,360.0,0.002620527884400069,0.09795360800848209,1.0
9.0,0.06708903562958914,361.0,0.0035855139047655284,0.033937881561422883,1.0
9.0,0.06708903562958914,362.0,0.0013064461483951973,0.2362827119331496,1.0
9.0,0.06708903562958914,363.0,0.004311113594392651,0.0,0.0
9.0,0.06708903562958914,364.0,0.007548083115839288,0.002928956450840051,1.0
9.0,0.06708903562958914,365.0,0.007343334628218969,0.05667889231004355,1.0
9.0,0.06708903562958914,366.0,0.013141183953613304,4.430975484307168e-06,0.0
9.0,0.06708903562958914,367.0,0.0034609601044440024,7.854405074853607e-07,0.0
9.0,0.06708903562958914,368.0,0.009022803653901864,0.0030512109359365487,0.0
9.0,0.06708903562958914,369.0,0.005024702468534134,0.00020910012396238041,0.0
9.0,0.06708903562958914,370.0,0.0032675863882211534,0.013543958454771202,1.0
9.0,0.06708903562958914,371.0,0.005249926829342517,7.35631031807713e-05,0.0
9.0,0.06708903562958914,372.0,0.0036221047874979463,0.10741059995254827,1.0
9.0,0.06708903562958914,373.0,0.011785716638508565,3.127504839126169,1.0
9.0,0.06708903562958914,374.0,0.012211730126829436,0.0,0.0
9.0,0.06708903562958914,375.0,0.0015656584281424852,0.007174965886266294,1.0
9.0,0.06708903562958914,376.0,0.0039642277249828895,6.930629433875381,1.0
9.0,0.06708903562958914,377.0,0.0016947867909920967,6.852151860304351,1.0
9.0,0.06708903562958914,378.0,0.008016489406879004,0.0,0.0
9.0,0.06708903562958914,379.0,0.007309826870666392,0.0,0.0
9.0,0.06708903562958914,380.0,0.0034456948641607226,0.07593834976715062,1.0
9.0,0.06708903562958914,381.0,0.0018570894153985126,1.2860709464727471,1.0
9.0,0.06708903562958914,382.0,0.007245169452830767,0.0,0.0
9.0,0.06708903562958914,383.0,0.0015680083963752179,0.15167810217445596,1.0
9.0,0.06708903562958914,384.0,0.0019962714035774167,0.0015503183777436263,1.0
9.0,0.06708903562958914,385.0,0.008548668365020861,0.12146975064729372,1.0
9.0,0.06708903562958914,386.0,0.007093749929389136,0.35642204732934724,1.0
9.0,0.06708903562958914,387.0,0.007217451738302266,3.378398506458628e-05,1.0
9.0,0.06708903562958914,388.0,0.0013842323432619787,0.0016238777417431902,1.0
9.0,0.06708903562958914,389.0,0.002878655757281179,0.034969343809524774,1.0
9.0,0.06708903562958914,390.0,0.0021456165351607936,0.0034884752631682216,1.0
9.0,0.06708903562958914,391.0,0.005552421836626494,0.0,0.0
9.0,0.06708903562958914,392.0,0.007349026132548058,0.006583154070587141,0.0
9.0,0.06708903562958914,393.0,0.0062738105650796,0.0,0.0
9.0,0.06708903562958914,394.0,0.0020477017564296627,4.5454467291129435,1.0
9.0,0.06708903562958914,395.0,0.004009986769125112,8.52159203134041e-07,0.0
9.0,0.06708903562958914,396.0,0.004871941326391825,0.00045242351124161857,0.0
9.0,0.06708903562958914,397.0,0.0035580899854801805,0.2640154106042601,1.0
9.0,0.06708903562958914,398.0,0.0012500831865588143,0.04121848996401363,1.0
9.0,0.06708903562958914,399.0,0.004797280162771799,0.0021947696811147692,1.0
9.0,0.13417807125917827,0.0,0.005088538528403082,0.01082934534016154,1.0
9.0,0.13417807125917827,1.0,0.0019353734378239694,0.10402188340019382,1.0
9.0,0.13417807125917827,2.0,0.0019964305359257365,0.003376971271071851,1.0
9.0,0.13417807125917827,3.0,0.0033062443534264277,0.001443871746318861,1.0
9.0,0.13417807125917827,4.0,0.002698159134452204,0.00290735804542159,1.0
9.0,0.13417807125917827,5.0,0.0028731146241416997,0.006563859929877782,1.0
9.0,0.13417807125917827,6.0,0.011821495274416012,0.0,0.0
9.0,0.13417807125917827,7.0,0.03329299804994039,0.0,0.0
9.0,0.13417807125917827,8.0,0.007328816600100798,0.003767327991261846,1.0
9.0,0.13417807125917827,9.0,0.004866851199592676,0.0009874932885328477,1.0
9.0,0.13417807125917827,10.0,0.0029752579092341084,0.027371848054340214,1.0
9.0,0.13417807125917827,11.0,0.002439679881086928,0.14495039707924937,1.0
9.0,0.13417807125917827,12.0,0.02261161287339149,0.0,0.0
9.0,0.13417807125917827,13.0,0.019956709674563755,0.0,0.0
9.0,0.13417807125917827,14.0,0.007325123898906045,0.012327187216535562,1.0
9.0,0.13417807125917827,15.0,0.022107427875407825,0.0,0.0
9.0,0.13417807125917827,16.0,0.036260862299463334,3.34398915822704e-08,0.0
9.0,0.13417807125917827,17.0,0.006464953838627773,0.0024290055704531367,1.0
9.0,0.13417807125917827,18.0,0.020263840231645812,3.7424518412153015e-05,0.0
9.0,0.13417807125917827,19.0,0.008108137118275613,0.0017568296849428291,1.0
9.0,0.13417807125917827,20.0,0.0076940959880878275,0.6083626397854849,1.0
9.0,0.13417807125917827,21.0,0.01979692499948026,3.402941217272752e-06,0.0
9.0,0.13417807125917827,22.0,0.011293215608595624,0.0,0.0
9.0,0.13417807125917827,23.0,0.010758417774029767,0.003690981679145048,1.0
9.0,0.13417807125917827,24.0,0.01153629944434834,0.00028655699232127044,0.0
9.0,0.13417807125917827,25.0,0.011312865426028296,0.027505659540840718,0.0
9.0,0.13417807125917827,26.0,0.010280649497714744,0.00014797119468254948,0.0
9.0,0.13417807125917827,27.0,0.009020798364810748,0.054857241624739234,1.0
9.0,0.13417807125917827,28.0,0.011842777583092018,1.0849342979521372,1.0
9.0,0.13417807125917827,29.0,0.0018712128362210986,0.00791648078370378,1.0
9.0,0.13417807125917827,30.0,0.00838753937920657,8.869266432736045e-05,1.0
9.0,0.13417807125917827,31.0,0.0027827520304196493,0.012184179458956277,1.0
9.0,0.13417807125917827,32.0,0.004655327128807047,0.0008545899845923342,1.0
9.0,0.13417807125917827,33.0,0.00396327213206046,0.010008372078632498,1.0
9.0,0.13417807125917827,34.0,0.0037390539111809744,1.2994895535056135,1.0
9.0,0.13417807125917827,35.0,0.019978732821909352,0.0009961219861825666,0.0
9.0,0.13417807125917827,36.0,0.033235429945789645,0.002372807157366477,0.0
9.0,0.13417807125917827,37.0,0.00250321333091183,0.002043800134739749,1.0
9.0,0.13417807125917827,38.0,0.03684309143624667,0.11759153982086118,1.0
9.0,0.13417807125917827,39.0,0.002472842671460299,0.1885251335498589,1.0
9.0,0.13417807125917827,40.0,0.03291012237316662,0.003724056534628353,0.0
9.0,0.13417807125917827,41.0,0.022117505854545905,0.0,0.0
9.0,0.13417807125917827,42.0,0.002463575796054685,0.010564314047605562,1.0
9.0,0.13417807125917827,43.0,0.01973400877891167,0.018933350151980274,0.0
9.0,0.13417807125917827,44.0,0.004817847175746548,3.0687628763984347,1.0
9.0,0.13417807125917827,45.0,0.023298991319820488,0.0,0.0
9.0,0.13417807125917827,46.0,0.005712059995725487,0.0,0.0
9.0,0.13417807125917827,47.0,0.014915812057546975,1.5397948279355191,1.0
9.0,0.13417807125917827,48.0,0.006915015301166384,0.00034954314521466794,1.0
9.0,0.13417807125917827,49.0,0.029845600666306826,0.0051111961475922025,0.0
9.0,0.13417807125917827,50.0,0.0029207393994890264,0.24211932225750502,1.0
9.0,0.13417807125917827,51.0,0.0068801192898748495,0.8660369401389718,1.0
9.0,0.13417807125917827,52.0,0.01923453845279475,0.0018136170930475838,0.0
9.0,0.13417807125917827,53.0,0.003799334494830103,0.018272241386856725,1.0
9.0,0.13417807125917827,54.0,0.0038174477806262497,1.5618775877129287,1.0
9.0,0.13417807125917827,55.0,0.011762955649804048,0.14021899720132874,1.0
9.0,0.13417807125917827,56.0,0.0023629327910474093,0.0009095167100798916,1.0
9.0,0.13417807125917827,57.0,0.0030247395264811194,1.6555155679226283,1.0
9.0,0.13417807125917827,58.0,0.03416279449532095,3.0804318793800216e-06,0.0
9.0,0.13417807125917827,59.0,0.006124166492909394,0.0,0.0
9.0,0.13417807125917827,60.0,0.020638196835782597,0.0,0.0
9.0,0.13417807125917827,61.0,0.005162478482765251,0.0,0.0
9.0,0.13417807125917827,62.0,0.002833298972235894,1.1758194198398022,1.0
9.0,0.13417807125917827,63.0,0.03585715365882712,0.0,0.0
9.0,0.13417807125917827,64.0,0.012380205570906844,0.0022588743150680694,0.0
9.0,0.13417807125917827,65.0,0.011564723274828093,0.00031292200691774967,0.0
9.0,0.13417807125917827,66.0,0.0031404259899640895,0.3938251790793411,1.0
9.0,0.13417807125917827,67.0,0.006180535058782328,0.059974689054674825,1.0
9.0,0.13417807125917827,68.0,0.005502860276493889,0.0,0.0
9.0,0.13417807125917827,69.0,0.046753482285775826,3.047661688018228e-05,0.0
9.0,0.13417807125917827,70.0,0.011211806968296129,0.09250301983160407,1.0
9.0,0.13417807125917827,71.0,0.00717458743639663,0.0014545639141935426,1.0
9.0,0.13417807125917827,72.0,0.009550414661426313,3.6176656406827905,1.0
9.0,0.13417807125917827,73.0,0.02127874275424319,2.6024997057547023e-06,0.0
9.0,0.13417807125917827,74.0,0.011608660287150456,0.0,0.0
9.0,0.13417807125917827,75.0,0.0052447379309849525,2.3891050972239363,1.0
9.0,0.13417807125917827,76.0,0.0027879695679732955,0.8683675310580921,1.0
9.0,0.13417807125917827,77.0,0.003956665607893143,0.08767143362922317,1.0
9.0,0.13417807125917827,78.0,0.0109718169491281,0.0,0.0
9.0,0.13417807125917827,79.0,0.03340325893095078,0.0,0.0
9.0,0.13417807125917827,80.0,0.005510485253544564,0.0,0.0
9.0,0.13417807125917827,81.0,0.011456609682068675,0.0009486765677028848,0.0
9.0,0.13417807125917827,82.0,0.007811754673452765,0.05545098161861869,1.0
9.0,0.13417807125917827,83.0,0.0018307440864785947,0.03701036302326443,1.0
9.0,0.13417807125917827,84.0,0.01130879770867885,0.5057849237242529,1.0
9.0,0.13417807125917827,85.0,0.010266185562220208,0.0006412704494261455,1.0
9.0,0.13417807125917827,86.0,0.003339522501053583,0.0029060211910136757,1.0
9.0,0.13417807125917827,87.0,0.01171627343161935,0.003079225095887412,0.0
9.0,0.13417807125917827,88.0,0.011556882154094537,0.001749571890838727,0.0
9.0,0.13417807125917827,89.0,0.0014641798932729729,4.548211532250994,1.0
9.0,0.13417807125917827,90.0,0.0015320450136399786,0.004216246903085514,1.0
9.0,0.13417807125917827,91.0,0.003102559052905716,0.010224133853850697,1.0
9.0,0.13417807125917827,92.0,0.005070418604319788,2.4970138054848916,1.0
9.0,0.13417807125917827,93.0,0.01142446695239503,0.001418320303251927,0.0
9.0,0.13417807125917827,94.0,0.0030959982220845773,0.001548533428583543,1.0
9.0,0.13417807125917827,95.0,0.005572818507955487,0.020212352833975076,0.0
9.0,0.13417807125917827,96.0,0.016558385214926547,0.02386770384544547,0.0
9.0,0.13417807125917827,97.0,0.006941832407161551,0.00148355468521324,1.0
9.0,0.13417807125917827,98.0,0.009638573747998706,0.00407125113622306,1.0
9.0,0.13417807125917827,99.0,0.03418445487070859,0.020320628133748322,0.0
9.0,0.13417807125917827,100.0,0.009367603907568491,0.00900193740302988,1.0
9.0,0.13417807125917827,101.0,0.005775161332264021,0.028770985386595643,1.0
9.0,0.13417807125917827,102.0,0.0213857304448644,0.0007765577190253121,0.0
9.0,0.13417807125917827,103.0,0.020822111184138143,0.001833499676099267,1.0
9.0,0.13417807125917827,104.0,0.0014262925102661852,0.0018978768749250826,1.0
9.0,0.13417807125917827,105.0,0.012040870496720842,0.0,0.0
9.0,0.13417807125917827,106.0,0.013494902932303127,3.3452597877853565,1.0
9.0,0.13417807125917827,107.0,0.04502637605151371,0.0,0.0
9.0,0.13417807125917827,108.0,0.006107579928005082,0.31557333046289315,1.0
9.0,0.13417807125917827,109.0,0.02316965866447648,0.0,0.0
9.0,0.13417807125917827,110.0,0.00253869140560612,0.00011303062229747223,1.0
9.0,0.13417807125917827,111.0,0.006653423501363605,2.3776814939732818,1.0
9.0,0.13417807125917827,112.0,0.006475805740063428,0.0014855210102055706,1.0
9.0,0.13417807125917827,113.0,0.008596182510390689,0.3844075106606575,1.0
9.0,0.13417807125917827,114.0,0.00913032328291683,0.009810430196193038,1.0
9.0,0.13417807125917827,115.0,0.0014995605743551529,0.005838080227200364,1.0
9.0,0.13417807125917827,116.0,0.011383646199467183,0.0,0.0
9.0,0.13417807125917827,117.0,0.03465918538885525,0.0,0.0
9.0,0.13417807125917827,118.0,0.032966513588320354,0.023909602098961716,0.0
9.0,0.13417807125917827,119.0,0.00530047454005594,0.002993741603928773,1.0
9.0,0.13417807125917827,120.0,0.006363384540925101,0.11807135793811965,1.0
9.0,0.13417807125917827,121.0,0.03340181234939775,0.04040812389968443,0.0
9.0,0.13417807125917827,122.0,0.005165207310762957,1.444262968654402,1.0
9.0,0.13417807125917827,123.0,0.0030682501230752217,0.011533701097461683,1.0
9.0,0.13417807125917827,124.0,0.0035105122272498512,0.004203749501448003,1.0
9.0,0.13417807125917827,125.0,0.002503798181456509,0.00047051367443285054,1.0
9.0,0.13417807125917827,126.0,0.0060822042090824995,1.0892520418666933,1.0
9.0,0.13417807125917827,127.0,0.019744373044132832,0.02006885798118459,0.0
9.0,0.13417807125917827,128.0,0.007176582170104967,0.8861209429054921,1.0
9.0,0.13417807125917827,129.0,0.004089750983395602,0.01713909267052928,1.0
9.0,0.13417807125917827,130.0,0.0025107003669401556,0.00850913527318792,1.0
9.0,0.13417807125917827,131.0,0.002732757144060871,0.007212994163475239,1.0
9.0,0.13417807125917827,132.0,0.022498822793546147,0.0,0.0
9.0,0.13417807125917827,133.0,0.0058142977172018755,2.613793187764069,1.0
9.0,0.13417807125917827,134.0,0.0211660117824841,2.9852979753665904e-05,0.0
9.0,0.13417807125917827,135.0,0.002663604645028688,0.016494254207094466,1.0
9.0,0.13417807125917827,136.0,0.0020511187694639684,0.09778192900637846,1.0
9.0,0.13417807125917827,137.0,0.0015650212118476126,0.0061386129429647305,1.0
9.0,0.13417807125917827,138.0,0.021461534355772582,0.020082383599382532,0.0
9.0,0.13417807125917827,139.0,0.01152129570468903,0.0,0.0
9.0,0.13417807125917827,140.0,0.004426568639374707,0.6640305740395596,1.0
9.0,0.13417807125917827,141.0,0.017394378140110623,0.0026199036214312353,0.0
9.0,0.13417807125917827,142.0,0.011329605164688724,0.0009506241271736171,0.0
9.0,0.13417807125917827,143.0,0.006731376961836401,0.01599250477424826,1.0
9.0,0.13417807125917827,144.0,0.0029611188526959768,0.006252166621548469,1.0
9.0,0.13417807125917827,145.0,0.010753282079950702,0.0004977280399420876,0.0
9.0,0.13417807125917827,146.0,0.021545300418064843,0.0034655432587062523,0.0
9.0,0.13417807125917827,147.0,0.008865405513555878,0.009562106373855886,1.0
9.0,0.13417807125917827,148.0,0.0033371466673101156,2.3546868349738452,1.0
9.0,0.13417807125917827,149.0,0.003700667502402267,0.16389598476179182,1.0
9.0,0.13417807125917827,150.0,0.010999367660567166,0.0014130537398755214,0.0
9.0,0.13417807125917827,151.0,0.00532168804103476,0.0232972182779099,1.0
9.0,0.13417807125917827,152.0,0.011901091940610755,0.0005586793795685118,0.0
9.0,0.13417807125917827,153.0,0.005504935631446329,0.0,0.0
9.0,0.13417807125917827,154.0,0.018547087482070408,0.0008236922643247756,0.0
9.0,0.13417807125917827,155.0,0.019405209884256418,0.003989684489163487,0.0
9.0,0.13417807125917827,156.0,0.007124982830175442,0.008495070223981242,1.0
9.0,0.13417807125917827,157.0,0.012142471533414235,0.0,0.0
9.0,0.13417807125917827,158.0,0.008849903687924404,0.008019753423171131,1.0
9.0,0.13417807125917827,159.0,0.05456237234576227,0.2710723545297098,1.0
9.0,0.13417807125917827,160.0,0.004364059172524262,1.403435871349888,1.0
9.0,0.13417807125917827,161.0,0.020965085640648074,0.0,0.0
9.0,0.13417807125917827,162.0,0.0025950330813544475,0.03589629747398825,1.0
9.0,0.13417807125917827,163.0,0.010527819857294642,0.005074705183638798,1.0
9.0,0.13417807125917827,164.0,0.015394998242086257,0.020074525930986884,0.0
9.0,0.13417807125917827,165.0,0.016828088774041718,5.204595214592649e-05,0.0
9.0,0.13417807125917827,166.0,0.004891564850450466,0.0003569732276678934,1.0
9.0,0.13417807125917827,167.0,0.0051654780072045384,0.00533447969013057,1.0
9.0,0.13417807125917827,168.0,0.01187050086462418,0.0,0.0
9.0,0.13417807125917827,169.0,0.01060906143223094,3.2734726034715694e-05,0.0
9.0,0.13417807125917827,170.0,0.002413572278430688,0.6573046372010747,1.0
9.0,0.13417807125917827,171.0,0.002748640531216761,0.15394616199938724,1.0
9.0,0.13417807125917827,172.0,0.001898068837968848,0.21263988636404868,1.0
9.0,0.13417807125917827,173.0,0.001349309557089195,0.03581035750901691,1.0
9.0,0.13417807125917827,174.0,0.011546493678342195,0.02539038975617189,0.0
9.0,0.13417807125917827,175.0,0.0017048579171865081,0.0018133018985405395,1.0
9.0,0.13417807125917827,176.0,0.00266484648588842,0.5831955671737046,1.0
9.0,0.13417807125917827,177.0,0.0105361510348929,0.013640236812128682,0.0
9.0,0.13417807125917827,178.0,0.012043517794660057,0.1037051766428643,1.0
9.0,0.13417807125917827,179.0,0.010402568000867734,0.10959993015531458,0.0
9.0,0.13417807125917827,180.0,0.007273556865026119,11.193747004547621,1.0
9.0,0.13417807125917827,181.0,0.021813987349651932,0.010035263329232524,0.0
9.0,0.13417807125917827,182.0,0.005563063823349728,0.08653927096975934,1.0
9.0,0.13417807125917827,183.0,0.010946983736184432,0.011262725950396157,0.0
9.0,0.13417807125917827,184.0,0.006799732822150475,2.3377422829323238e-05,1.0
9.0,0.13417807125917827,185.0,0.003459857688573798,1.0524015265550883,1.0
9.0,0.13417807125917827,186.0,0.01070958761740024,0.018934869590441775,0.0
9.0,0.13417807125917827,187.0,0.011163835168856976,1.892009322223653e-06,0.0
9.0,0.13417807125917827,188.0,0.0047567938122405565,1.3080371863917009,1.0
9.0,0.13417807125917827,189.0,0.011917373490023652,1.3120065069194055e-05,0.0
9.0,0.13417807125917827,190.0,0.0022142168679123815,0.004444368303517106,1.0
9.0,0.13417807125917827,191.0,0.005923715378027692,0.03620917464132851,1.0
9.0,0.13417807125917827,192.0,0.0026253265544419644,0.025962585429066112,1.0
9.0,0.13417807125917827,193.0,0.003417897015879532,0.0107227144363544,1.0
9.0,0.13417807125917827,194.0,0.00956330134384541,1.1596271561668627,1.0
9.0,0.13417807125917827,195.0,0.005074633032469357,0.01909364395262864,1.0
9.0,0.13417807125917827,196.0,0.003096536255478389,0.004769384204669684,1.0
9.0,0.13417807125917827,197.0,0.006013821986476374,0.002406046656747964,1.0
9.0,0.13417807125917827,198.0,0.008597719165265243,0.05288472806750263,1.0
9.0,0.13417807125917827,199.0,0.032499098269093814,0.00035944247487420416,1.0
9.0,0.13417807125917827,200.0,0.0037634010568083354,0.014871523214172571,1.0
9.0,0.13417807125917827,201.0,0.018105533806459285,0.0,0.0
9.0,0.13417807125917827,202.0,0.021808540589811257,0.0,0.0
9.0,0.13417807125917827,203.0,0.001940114523994444,0.052014075017735535,1.0
9.0,0.13417807125917827,204.0,0.006436774931869991,0.00013517589751359902,1.0
9.0,0.13417807125917827,205.0,0.011973896124840304,0.0,0.0
9.0,0.13417807125917827,206.0,0.006901313461843387,2.0208957447660976,1.0
9.0,0.13417807125917827,207.0,0.012071828240897947,0.0,0.0
9.0,0.13417807125917827,208.0,0.0011513530250601956,0.08740343387060856,1.0
9.0,0.13417807125917827,209.0,0.005502582085849401,0.13297732053664485,1.0
9.0,0.13417807125917827,210.0,0.021458000576972877,2.3194227510409666e-05,1.0
9.0,0.13417807125917827,211.0,0.00903978344062389,2.290847873079162,1.0
9.0,0.13417807125917827,212.0,0.006595054569203222,3.898035282812049,1.0
9.0,0.13417807125917827,213.0,0.019591065713783988,0.0,0.0
9.0,0.13417807125917827,214.0,0.005000759861167957,0.0007132175263348127,0.0
9.0,0.13417807125917827,215.0,0.0326503185832169,0.00026339654354856005,0.0
9.0,0.13417807125917827,216.0,0.006929997524270246,0.00021887892742617873,1.0
9.0,0.13417807125917827,217.0,0.0024312071519221497,4.1110543598544504,1.0
9.0,0.13417807125917827,218.0,0.005620342192257545,0.03293170965409434,1.0
9.0,0.13417807125917827,219.0,0.03487227291134959,0.0,0.0
9.0,0.13417807125917827,220.0,0.02185832049592036,0.0021747555351207377,0.0
9.0,0.13417807125917827,221.0,0.0022722399014142997,0.3210835902083165,1.0
9.0,0.13417807125917827,222.0,0.0203375975700728,0.0008265848845077724,1.0
9.0,0.13417807125917827,223.0,0.006751967303091245,0.028442223509467537,1.0
9.0,0.13417807125917827,224.0,0.012001937951429283,3.553842164351658e-05,1.0
9.0,0.13417807125917827,225.0,0.02134249510065831,0.0,0.0
9.0,0.13417807125917827,226.0,0.0024098673621452482,1.2545770382906718,1.0
9.0,0.13417807125917827,227.0,0.01028736101386374,1.6161435158143118e-05,0.0
9.0,0.13417807125917827,228.0,0.003172493525285195,0.1052316977268822,1.0
9.0,0.13417807125917827,229.0,0.0026178986665730654,0.00033311294365850484,1.0
9.0,0.13417807125917827,230.0,0.00683658550995671,0.0008435774246118147,1.0
9.0,0.13417807125917827,231.0,0.021658652496440757,4.2410543634561584e-05,0.0
9.0,0.13417807125917827,232.0,0.01150265367660157,0.0,0.0
9.0,0.13417807125917827,233.0,0.021178808397650538,0.0013089651778019783,0.0
9.0,0.13417807125917827,234.0,0.0021514679910938457,0.00016650962797623068,1.0
9.0,0.13417807125917827,235.0,0.010742391915696328,0.007230041648936909,0.0
9.0,0.13417807125917827,236.0,0.010778610170362486,1.891502339616686e-05,0.0
9.0,0.13417807125917827,237.0,0.0040918008882816015,2.7542981233872847,1.0
9.0,0.13417807125917827,238.0,0.003241669924545212,1.083466351860587e-05,1.0
9.0,0.13417807125917827,239.0,0.021272915344724974,0.0,0.0
9.0,0.13417807125917827,240.0,0.002282814018078217,0.0020479210669264052,1.0
9.0,0.13417807125917827,241.0,0.010910287501994723,0.0012875774578486948,0.0
9.0,0.13417807125917827,242.0,0.009516736401478772,0.2497787605649351,1.0
9.0,0.13417807125917827,243.0,0.010193245186251178,0.0006035077363439304,1.0
9.0,0.13417807125917827,244.0,0.021428343508479896,0.0,0.0
9.0,0.13417807125917827,245.0,0.03464065541511274,0.0,0.0
9.0,0.13417807125917827,246.0,0.017363506419454156,8.768456725093793e-06,0.0
9.0,0.13417807125917827,247.0,0.0052575154280821755,0.019817883578649616,0.0
9.0,0.13417807125917827,248.0,0.008337778917615507,0.023809758710639988,1.0
9.0,0.13417807125917827,249.0,0.008114994683408993,0.011679611434245793,1.0
9.0,0.13417807125917827,250.0,0.021651382601815736,0.0,0.0
9.0,0.13417807125917827,251.0,0.0147342870180425,7.053156990420324,1.0
9.0,0.13417807125917827,252.0,0.00110334261803303,0.011082902093917026,1.0
9.0,0.13417807125917827,253.0,0.02025834655971118,0.009504549623084385,0.0
9.0,0.13417807125917827,254.0,0.0037165480439256895,0.049681968072535394,1.0
9.0,0.13417807125917827,255.0,0.011646382706246385,0.0,0.0
9.0,0.13417807125917827,256.0,0.0036225968682106046,0.0005183254343430423,1.0
9.0,0.13417807125917827,257.0,0.004066229594112632,0.13721341012282348,1.0
9.0,0.13417807125917827,258.0,0.010730273359171994,1.9947302824496792e-05,0.0
9.0,0.13417807125917827,259.0,0.021539257088623677,2.3446319659117596e-06,0.0
9.0,0.13417807125917827,260.0,0.019169200133404084,0.0,0.0
9.0,0.13417807125917827,261.0,0.0038866615566190126,0.00038481888762304417,1.0
9.0,0.13417807125917827,262.0,0.005017312874729491,8.892839751501292e-06,0.0
9.0,0.13417807125917827,263.0,0.004953869546551866,0.030809890421730754,1.0
9.0,0.13417807125917827,264.0,0.01045318226388433,0.0009259231460085042,0.0
9.0,0.13417807125917827,265.0,0.0020148600078183396,0.12640463978648303,1.0
9.0,0.13417807125917827,266.0,0.00858427498549427,0.027492695774132655,1.0
9.0,0.13417807125917827,267.0,0.003651471928319644,0.0016533046400875392,1.0
9.0,0.13417807125917827,268.0,0.03415965455093628,7.522504440584213e-05,0.0
9.0,0.13417807125917827,269.0,0.005344277159965853,0.019352442796861744,1.0
9.0,0.13417807125917827,270.0,0.002433202864983612,0.006469965788116805,1.0
9.0,0.13417807125917827,271.0,0.002806352107740863,0.0010469902622186776,1.0
9.0,0.13417807125917827,272.0,0.006360811694908431,0.0001678387683558864,1.0
9.0,0.13417807125917827,273.0,0.004818495832634896,0.11202855354837242,1.0
9.0,0.13417807125917827,274.0,0.017945769708650302,0.02434043485340958,0.0
9.0,0.13417807125917827,275.0,0.0029099783491613857,2.963784136923002,1.0
9.0,0.13417807125917827,276.0,0.018630381723051138,0.0001962099819503851,0.0
9.0,0.13417807125917827,277.0,0.002953054571083668,7.84510931373345e-05,1.0
9.0,0.13417807125917827,278.0,0.019485296156776494,0.0,0.0
9.0,0.13417807125917827,279.0,0.0026351722153151146,0.0014759795771262152,1.0
9.0,0.13417807125917827,280.0,0.032906200617205984,2.9141979927322274e-05,0.0
9.0,0.13417807125917827,281.0,0.011124285008016167,0.0,0.0
9.0,0.13417807125917827,282.0,0.004252703987139535,0.09900219390803475,1.0
9.0,0.13417807125917827,283.0,0.006503877771389955,4.598413391117427,1.0
9.0,0.13417807125917827,284.0,0.030433047504130794,0.0,0.0
9.0,0.13417807125917827,285.0,0.021699673949132005,0.0,0.0
9.0,0.13417807125917827,286.0,0.0026968891427607607,9.245853147079133,1.0
9.0,0.13417807125917827,287.0,0.0026805774902168376,0.004277908935884988,1.0
9.0,0.13417807125917827,288.0,0.013363934381956924,0.0020679495089428943,0.0
9.0,0.13417807125917827,289.0,0.02198886386174016,7.880871255571228e-06,0.0
9.0,0.13417807125917827,290.0,0.005962261096399378,0.04279289089446303,1.0
9.0,0.13417807125917827,291.0,0.0020274509449339146,0.04068878394892496,1.0
9.0,0.13417807125917827,292.0,0.002319451920442374,0.12560442168212219,1.0
9.0,0.13417807125917827,293.0,0.011748592704816183,0.007436700029538935,0.0
9.0,0.13417807125917827,294.0,0.00646749698405855,0.1069001928270215,1.0
9.0,0.13417807125917827,295.0,0.005236283981609769,2.7420678751629315e-05,0.0
9.0,0.13417807125917827,296.0,0.03266268134788745,5.898921427948345e-06,0.0
9.0,0.13417807125917827,297.0,0.003317838138236036,0.0006069489014211252,1.0
9.0,0.13417807125917827,298.0,0.02194672511778113,1.0902755593057858e-06,0.0
9.0,0.13417807125917827,299.0,0.002423691884593342,0.3579412226873015,1.0
9.0,0.13417807125917827,300.0,0.02008477022742109,0.0,0.0
9.0,0.13417807125917827,301.0,0.02184812359755353,0.0,0.0
9.0,0.13417807125917827,302.0,0.00235487124679248,0.004710203926444936,1.0
9.0,0.13417807125917827,303.0,0.011242398999258753,0.209881174132819,1.0
9.0,0.13417807125917827,304.0,0.011448666061464458,0.019214981017261955,0.0
9.0,0.13417807125917827,305.0,0.008572635579446947,0.017038196536909477,1.0
9.0,0.13417807125917827,306.0,0.02209849466400905,0.00033258873345450057,0.0
9.0,0.13417807125917827,307.0,0.022416892600290467,0.0,0.0
9.0,0.13417807125917827,308.0,0.0029977519151822294,0.35557474934868805,1.0
9.0,0.13417807125917827,309.0,0.002250853204471775,3.4163748111456402,1.0
9.0,0.13417807125917827,310.0,0.010170349446901462,7.762170322490862e-05,0.0
9.0,0.13417807125917827,311.0,0.0014194634800958016,0.0020012655470949,1.0
9.0,0.13417807125917827,312.0,0.01574535534091792,0.0,0.0
9.0,0.13417807125917827,313.0,0.02172329257790494,0.0008520375279166257,0.0
9.0,0.13417807125917827,314.0,0.019519634155125552,0.0,0.0
9.0,0.13417807125917827,315.0,0.0073631338916004575,0.923713018017015,1.0
9.0,0.13417807125917827,316.0,0.011420020958948748,0.0063261966200314716,1.0
9.0,0.13417807125917827,317.0,0.0026317995698881868,4.8294126091731256e-05,1.0
9.0,0.13417807125917827,318.0,0.0032311578020544625,2.932852300971972,1.0
9.0,0.13417807125917827,319.0,0.011011877277877568,2.375066788762372e-05,0.0
9.0,0.13417807125917827,320.0,0.008320407483649322,0.35361226517308436,1.0
9.0,0.13417807125917827,321.0,0.0020382052470678093,0.015813916192192422,1.0
9.0,0.13417807125917827,322.0,0.002566842389982054,0.030839995127797965,1.0
9.0,0.13417807125917827,323.0,0.0057073143395424564,0.0,0.0
9.0,0.13417807125917827,324.0,0.02221226221305072,0.0,0.0
9.0,0.13417807125917827,325.0,0.01629155843833282,4.90519439329501e-06,0.0
9.0,0.13417807125917827,326.0,0.010864787923908055,0.00037113085285562597,0.0
9.0,0.13417807125917827,327.0,0.005173736864261155,0.09645932832567648,1.0
9.0,0.13417807125917827,328.0,0.005170040026569995,0.011844196587123178,0.0
9.0,0.13417807125917827,329.0,0.004108113724106544,0.0052934951579656974,1.0
9.0,0.13417807125917827,330.0,0.01175174621430551,0.0003996169627857673,0.0
9.0,0.13417807125917827,331.0,0.011921767045969422,0.0,0.0
9.0,0.13417807125917827,332.0,0.004930419276697528,0.9625088699436696,1.0
9.0,0.13417807125917827,333.0,0.003992144222418488,7.702283390044022e-05,1.0
9.0,0.13417807125917827,334.0,0.0071457786000999725,0.05255714238367343,1.0
9.0,0.13417807125917827,335.0,0.004402594037802007,0.007619670232155637,1.0
9.0,0.13417807125917827,336.0,0.020690238644371636,2.634828841447184e-06,0.0
9.0,0.13417807125917827,337.0,0.007435764908554207,0.004243490219327434,1.0
9.0,0.13417807125917827,338.0,0.02067031481326166,0.0002157345811670684,0.0
9.0,0.13417807125917827,339.0,0.0034609866826755976,0.24364520719968477,1.0
9.0,0.13417807125917827,340.0,0.011861719405595501,0.0,0.0
9.0,0.13417807125917827,341.0,0.011458297076415085,0.0,0.0
9.0,0.13417807125917827,342.0,0.010783100981351044,4.320029789513274e-05,0.0
9.0,0.13417807125917827,343.0,0.03404370268953172,0.0009138063607974096,0.0
9.0,0.13417807125917827,344.0,0.006435847874806912,0.004139214811194248,1.0
9.0,0.13417807125917827,345.0,0.001319134320201094,0.021870141890011047,1.0
9.0,0.13417807125917827,346.0,0.0023378924736421097,0.0007001154590773126,1.0
9.0,0.13417807125917827,347.0,0.022437614602974783,0.0,0.0
9.0,0.13417807125917827,348.0,0.011305752234176866,0.0,0.0
9.0,0.13417807125917827,349.0,0.008519898412158597,0.0005238835416824821,1.0
9.0,0.13417807125917827,350.0,0.011788033567654739,4.001684206917666e-05,0.0
9.0,0.13417807125917827,351.0,0.009001158041909858,4.867886511959818,1.0
9.0,0.13417807125917827,352.0,0.0050097580506163015,0.0,0.0
9.0,0.13417807125917827,353.0,0.01055164422669273,0.0010770525758082247,0.0
9.0,0.13417807125917827,354.0,0.0024993189167116705,0.021557894542100862,1.0
9.0,0.13417807125917827,355.0,0.033284743815009774,0.0,0.0
9.0,0.13417807125917827,356.0,0.020134201331565765,0.0004828267668446287,0.0
9.0,0.13417807125917827,357.0,0.006573257963627417,0.0033063117846310885,1.0
9.0,0.13417807125917827,358.0,0.033628236863312254,0.001774856124102648,0.0
9.0,0.13417807125917827,359.0,0.020571298721414624,0.0006322237932440275,0.0
9.0,0.13417807125917827,360.0,0.002620527884400069,0.09795360800848209,1.0
9.0,0.13417807125917827,361.0,0.0035855139047655284,0.033937881561422883,1.0
9.0,0.13417807125917827,362.0,0.0021426648452173855,0.23185949818734652,1.0
9.0,0.13417807125917827,363.0,0.011387996718502394,0.0,0.0
9.0,0.13417807125917827,364.0,0.008057319489240659,0.0026856783072288395,1.0
9.0,0.13417807125917827,365.0,0.0075204031900010515,0.02662685248904156,1.0
9.0,0.13417807125917827,366.0,0.02322604348771639,4.214516017974461e-06,0.0
9.0,0.13417807125917827,367.0,0.01020738561273968,7.813704804855861e-07,0.0
9.0,0.13417807125917827,368.0,0.032928113004258464,0.0030454283659222584,0.0
9.0,0.13417807125917827,369.0,0.008382321903021774,0.00020910012396238041,0.0
9.0,0.13417807125917827,370.0,0.0032675863882211534,0.013543958454771202,1.0
9.0,0.13417807125917827,371.0,0.005249926829342517,7.35631031807713e-05,0.0
9.0,0.13417807125917827,372.0,0.006498716524473651,0.09690679978825811,1.0
9.0,0.13417807125917827,373.0,0.014459048587629747,1.531486933291446,1.0
9.0,0.13417807125917827,374.0,0.015019554660680447,0.0,0.0
9.0,0.13417807125917827,375.0,0.0017864817376011886,0.006546093312693027,1.0
9.0,0.13417807125917827,376.0,0.005950694120323252,4.004780380094188,1.0
9.0,0.13417807125917827,377.0,0.0026369461370262795,6.29780706575071,1.0
9.0,0.13417807125917827,378.0,0.01216083830037959,0.0,0.0
9.0,0.13417807125917827,379.0,0.01133360603062731,0.0,0.0
9.0,0.13417807125917827,380.0,0.0034456948641607226,0.07593834976715062,1.0
9.0,0.13417807125917827,381.0,0.002242313429616941,0.9814339818845992,1.0
9.0,0.13417807125917827,382.0,0.022264346068411794,0.0,0.0
9.0,0.13417807125917827,383.0,0.003233010567778372,0.14606279971468306,1.0
9.0,0.13417807125917827,384.0,0.004406329175318966,0.0012161161476149265,1.0
9.0,0.13417807125917827,385.0,0.010846175095178628,0.13297556585895126,1.0
9.0,0.13417807125917827,386.0,0.007268993336579885,0.22475019928907994,1.0
9.0,0.13417807125917827,387.0,0.006649308831458663,1.3101778688353476e-05,1.0
9.0,0.13417807125917827,388.0,0.00249764477179941,0.005920689534358077,1.0
9.0,0.13417807125917827,389.0,0.002878655757281179,0.034969343809524774,1.0
9.0,0.13417807125917827,390.0,0.003348727560871918,0.003185270296058947,1.0
9.0,0.13417807125917827,391.0,0.01860458957953237,0.0,0.0
9.0,0.13417807125917827,392.0,0.016481760575533275,0.006597834011592391,0.0
9.0,0.13417807125917827,393.0,0.01179827997438206,0.0,0.0
9.0,0.13417807125917827,394.0,0.0029596110290192306,4.234125877276344,1.0
9.0,0.13417807125917827,395.0,0.010991877658758694,7.832325245578517e-07,0.0
9.0,0.13417807125917827,396.0,0.004871941326391825,0.00045242351124161857,0.0
9.0,0.13417807125917827,397.0,0.0035580899854801805,0.2640154106042601,1.0
9.0,0.13417807125917827,398.0,0.0011134518984963044,0.10307148849784403,1.0
9.0,0.13417807125917827,399.0,0.004797280162771799,0.0021947696811147692,1.0
9.0,0.20126710688876742,0.0,0.006704625749902999,0.008252611918090059,1.0
9.0,0.20126710688876742,1.0,0.002045914685557838,0.09358925354639998,1.0
9.0,0.20126710688876742,2.0,0.00232864284962185,0.002838898408620766,1.0
9.0,0.20126710688876742,3.0,0.004672705661308564,0.0011637852637205767,1.0
9.0,0.20126710688876742,4.0,0.0013980558950614928,0.002034791534157039,1.0
9.0,0.20126710688876742,5.0,0.01819965306303265,0.0005892839486263114,0.0
9.0,0.20126710688876742,6.0,0.011821495274416012,0.0,0.0
9.0,0.20126710688876742,7.0,0.04972860806721093,0.0,0.0
9.0,0.20126710688876742,8.0,0.007291433512399646,0.002584369484739881,1.0
9.0,0.20126710688876742,9.0,0.005910520801261597,0.003280558318814673,1.0
9.0,0.20126710688876742,10.0,0.005689783118103203,1.496553396337983,1.0
9.0,0.20126710688876742,11.0,0.002439679881086928,0.14495039707924937,1.0
9.0,0.20126710688876742,12.0,0.02261161287339149,0.0,0.0
9.0,0.20126710688876742,13.0,0.04094389705618822,0.0,0.0
9.0,0.20126710688876742,14.0,0.007277571099048332,0.009342392434315264,1.0
9.0,0.20126710688876742,15.0,0.042692125195753106,0.0,0.0
9.0,0.20126710688876742,16.0,0.058688937224453924,3.2545303144484443e-08,0.0
9.0,0.20126710688876742,17.0,0.006434757958463531,0.0014463317325537283,1.0
9.0,0.20126710688876742,18.0,0.03149127844154759,3.666513407656633e-05,0.0
9.0,0.20126710688876742,19.0,0.03780181820977831,0.00016594659365506127,0.0
9.0,0.20126710688876742,20.0,0.007696949059175082,0.41325892455278257,1.0
9.0,0.20126710688876742,21.0,0.040734464868780365,3.2861327294286798e-06,0.0
9.0,0.20126710688876742,22.0,0.029089461483422303,0.0,0.0
9.0,0.20126710688876742,23.0,0.041892289985228315,0.00012453156511115908,0.0
9.0,0.20126710688876742,24.0,0.01153629944434834,0.00028655699232127044,0.0
9.0,0.20126710688876742,25.0,0.011312865426028296,0.027505659540840718,0.0
9.0,0.20126710688876742,26.0,0.027742848795931946,0.0001418726746174051,0.0
9.0,0.20126710688876742,27.0,0.009319814897094193,4.040152890530896,1.0
9.0,0.20126710688876742,28.0,0.027248144698492363,0.4233751111943852,1.0
9.0,0.20126710688876742,29.0,0.002565254665036093,0.009431375713391702,1.0
9.0,0.20126710688876742,30.0,0.009620449574825322,6.322638672924334e-05,1.0
9.0,0.20126710688876742,31.0,0.007840744158406871,0.08065079658216297,1.0
9.0,0.20126710688876742,32.0,0.005599280959413831,0.0024802411640802656,1.0
9.0,0.20126710688876742,33.0,0.004360864203193612,0.0074964112962290705,1.0
9.0,0.20126710688876742,34.0,0.0037390539111809744,1.2994895535056135,1.0
9.0,0.20126710688876742,35.0,0.040219980225953224,0.000818731677019078,0.0
9.0,0.20126710688876742,36.0,0.0496489399023507,0.0023719533513627414,0.0
9.0,0.20126710688876742,37.0,0.02727532281874742,0.0006369171660680058,0.0
9.0,0.20126710688876742,38.0,0.038551933890965694,0.47679627402461533,1.0
9.0,0.20126710688876742,39.0,0.002472842671460299,0.1885251335498589,1.0
9.0,0.20126710688876742,40.0,0.04932238946215134,0.003590071809680832,0.0
9.0,0.20126710688876742,41.0,0.022117505854545905,0.0,0.0
9.0,0.20126710688876742,42.0,0.017299605637805516,0.003522126788399558,0.0
9.0,0.20126710688876742,43.0,0.02302929914912812,0.018843195075477544,0.0
9.0,0.20126710688876742,44.0,0.004817847175746548,3.0687628763984347,1.0
9.0,0.20126710688876742,45.0,0.0522577888314921,0.0,0.0
9.0,0.20126710688876742,46.0,0.018572921176095887,0.0,0.0
9.0,0.20126710688876742,47.0,0.021375614290890306,7.662577567478229,1.0
9.0,0.20126710688876742,48.0,0.006915015301166384,0.00027117309685891915,1.0
9.0,0.20126710688876742,49.0,0.058862138236229045,0.0033381776428360183,0.0
9.0,0.20126710688876742,50.0,0.0029207393994890264,0.24211932225750502,1.0
9.0,0.20126710688876742,51.0,0.009516029176888603,1.4416038139682572,1.0
9.0,0.20126710688876742,52.0,0.0401348930653029,0.0017817649089878597,0.0
9.0,0.20126710688876742,53.0,0.006595439751122148,0.014453235970372319,1.0
9.0,0.20126710688876742,54.0,0.0038174477806262497,1.5618775877129287,1.0
9.0,0.20126710688876742,55.0,0.011956786687379099,0.13081393499627894,1.0
9.0,0.20126710688876742,56.0,0.0023629327910474093,0.0009095167100798916,1.0
9.0,0.20126710688876742,57.0,0.004741573094211241,1.988905411067505,1.0
9.0,0.20126710688876742,58.0,0.05081200547355817,2.6917201530635712e-06,0.0
9.0,0.20126710688876742,59.0,0.01976897625650078,0.0,0.0
9.0,0.20126710688876742,60.0,0.04071729519801878,0.0,0.0
9.0,0.20126710688876742,61.0,0.017474011795446862,0.0,0.0
9.0,0.20126710688876742,62.0,0.003900963529106793,0.47711749088840244,1.0
9.0,0.20126710688876742,63.0,0.05309725663010671,0.0,0.0
9.0,0.20126710688876742,64.0,0.012380205570906844,0.0022588743150680694,0.0
9.0,0.20126710688876742,65.0,0.030232027829108415,0.0003124844062259925,0.0
9.0,0.20126710688876742,66.0,0.0031404259899640895,0.3938251790793411,1.0
9.0,0.20126710688876742,67.0,0.00740897619374813,0.05186602453332379,1.0
9.0,0.20126710688876742,68.0,0.018134349937054213,0.0,0.0
9.0,0.20126710688876742,69.0,0.08017850695032297,3.0403486227697648e-05,0.0
9.0,0.20126710688876742,70.0,0.011263205759668906,0.07906379782365491,1.0
9.0,0.20126710688876742,71.0,0.006390596255783889,0.0016613268097921624,1.0
9.0,0.20126710688876742,72.0,0.01789859008769754,6.201381062463869,1.0
9.0,0.20126710688876742,73.0,0.02127874275424319,2.6024997057547023e-06,0.0
9.0,0.20126710688876742,74.0,0.029743170329804662,0.0,0.0
9.0,0.20126710688876742,75.0,0.006288919469865087,1.7693041233765379,1.0
9.0,0.20126710688876742,76.0,0.003128898112240675,2.7474170704722196,1.0
9.0,0.20126710688876742,77.0,0.003956665607893143,0.08767143362922317,1.0
9.0,0.20126710688876742,78.0,0.022042453853859334,0.0,0.0
9.0,0.20126710688876742,79.0,0.04962229511395336,0.0,0.0
9.0,0.20126710688876742,80.0,0.018130735742294055,0.0,0.0
9.0,0.20126710688876742,81.0,0.011456609682068675,0.0009486765677028848,0.0
9.0,0.20126710688876742,82.0,0.0066097547284286635,0.03823999045532222,1.0
9.0,0.20126710688876742,83.0,0.00894554882088166,0.014769738244075261,1.0
9.0,0.20126710688876742,84.0,0.01614396583110645,2.3060051635387864,1.0
9.0,0.20126710688876742,85.0,0.04025409213237934,0.0004463271409475283,0.0
9.0,0.20126710688876742,86.0,0.003339522501053583,0.0029060211910136757,1.0
9.0,0.20126710688876742,87.0,0.01171627343161935,0.003079225095887412,0.0
9.0,0.20126710688876742,88.0,0.011556882154094537,0.001749571890838727,0.0
9.0,0.20126710688876742,89.0,0.00274166741843702,2.895835457604347,1.0
9.0,0.20126710688876742,90.0,0.0029451294927283957,0.004271577552960849,1.0
9.0,0.20126710688876742,91.0,0.003102559052905716,0.010224133853850697,1.0
9.0,0.20126710688876742,92.0,0.005998404967237145,1.5833414062535,1.0
9.0,0.20126710688876742,93.0,0.02951896055188148,0.00140585288442889,0.0
9.0,0.20126710688876742,94.0,0.0030959982220845773,0.001548533428583543,1.0
9.0,0.20126710688876742,95.0,0.018504571103461882,0.0197706828716571,0.0
9.0,0.20126710688876742,96.0,0.036316891944591104,0.02386770384544547,0.0
9.0,0.20126710688876742,97.0,0.039479499442241626,8.543404602437287e-05,0.0
9.0,0.20126710688876742,98.0,0.028998344037014234,0.002035942933062443,0.0
9.0,0.20126710688876742,99.0,0.05091272794863417,0.020308564372919013,0.0
9.0,0.20126710688876742,100.0,0.013613780237151473,0.010899518154812068,1.0
9.0,0.20126710688876742,101.0,0.006258697832283845,0.022137044546671238,1.0
9.0,0.20126710688876742,102.0,0.0213857304448644,0.0007765577190253121,0.0
9.0,0.20126710688876742,103.0,0.020822111184138143,0.001833499676099267,1.0
9.0,0.20126710688876742,104.0,0.0025537348418602046,0.0016302843317580991,1.0
9.0,0.20126710688876742,105.0,0.03108178731627949,0.0,0.0
9.0,0.20126710688876742,106.0,0.021747939282001798,4.543655011132212,1.0
9.0,0.20126710688876742,107.0,0.055457922159030275,0.0,0.0
9.0,0.20126710688876742,108.0,0.012242539032523404,0.41432081162222634,1.0
9.0,0.20126710688876742,109.0,0.02316965866447648,0.0,0.0
9.0,0.20126710688876742,110.0,0.02421789617953435,7.481955516150183e-05,0.0
9.0,0.20126710688876742,111.0,0.008464106113773719,1.343936810931343,1.0
9.0,0.20126710688876742,112.0,0.006656075256000039,0.0013683820628460532,1.0
9.0,0.20126710688876742,113.0,0.04130442880889885,0.010705226078696412,0.0
9.0,0.20126710688876742,114.0,0.00913032328291683,0.009810430196193038,1.0
9.0,0.20126710688876742,115.0,0.0014995605743551529,0.005838080227200364,1.0
9.0,0.20126710688876742,116.0,0.029335903310353486,0.0,0.0
9.0,0.20126710688876742,117.0,0.051263966846966075,0.0,0.0
9.0,0.20126710688876742,118.0,0.04942677972179202,0.022409546419343396,0.0
9.0,0.20126710688876742,119.0,0.00530047454005594,0.002993741603928773,1.0
9.0,0.20126710688876742,120.0,0.0068584947420179225,0.13371317882379843,1.0
9.0,0.20126710688876742,121.0,0.0496106789111449,0.03976656100140237,0.0
9.0,0.20126710688876742,122.0,0.005165207310762957,1.444262968654402,1.0
9.0,0.20126710688876742,123.0,0.004271563474275845,0.022663849115761803,1.0
9.0,0.20126710688876742,124.0,0.0035105122272498512,0.004203749501448003,1.0
9.0,0.20126710688876742,125.0,0.005840882787034993,0.0003921238347211977,1.0
9.0,0.20126710688876742,126.0,0.007581761621043145,1.4113606457202337,1.0
9.0,0.20126710688876742,127.0,0.04070853449156586,0.01988720953718994,0.0
9.0,0.20126710688876742,128.0,0.007209784365650573,0.8860999469422043,1.0
9.0,0.20126710688876742,129.0,0.004656759576434523,0.009995264948187862,1.0
9.0,0.20126710688876742,130.0,0.0054949556453021305,0.04924819366605323,1.0
9.0,0.20126710688876742,131.0,0.004843489700050453,0.0075154359115663085,1.0
9.0,0.20126710688876742,132.0,0.022498822793546147,0.0,0.0
9.0,0.20126710688876742,133.0,0.006020711532791321,2.261597702622086,1.0
9.0,0.20126710688876742,134.0,0.0211660117824841,2.9852979753665904e-05,0.0
9.0,0.20126710688876742,135.0,0.002663604645028688,0.016494254207094466,1.0
9.0,0.20126710688876742,136.0,0.0023199727716905734,0.22985586121250057,1.0
9.0,0.20126710688876742,137.0,0.0021785511387124156,0.00658633795859209,1.0
9.0,0.20126710688876742,138.0,0.041754012341970057,0.019755386711713476,0.0
9.0,0.20126710688876742,139.0,0.027397267465444602,0.0,0.0
9.0,0.20126710688876742,140.0,0.004426568639374707,0.6640305740395596,1.0
9.0,0.20126710688876742,141.0,0.022289983615707325,0.0026193719667767955,0.0
9.0,0.20126710688876742,142.0,0.022452949749051453,0.0009447293284127912,0.0
9.0,0.20126710688876742,143.0,0.006736778450558362,0.012013490443108656,1.0
9.0,0.20126710688876742,144.0,0.0029611188526959768,0.006252166621548469,1.0
9.0,0.20126710688876742,145.0,0.028303213257122175,0.0004974699429649055,0.0
9.0,0.20126710688876742,146.0,0.021545300418064843,0.0034655432587062523,0.0
9.0,0.20126710688876742,147.0,0.0075524928427804575,0.11920883976764483,1.0
9.0,0.20126710688876742,148.0,0.004992701811907405,2.8923934101344515,1.0
9.0,0.20126710688876742,149.0,0.006673001399676408,0.14814365169425772,1.0
9.0,0.20126710688876742,150.0,0.010999367660567166,0.0014130537398755214,0.0
9.0,0.20126710688876742,151.0,0.00611954077746203,0.022790416011766342,1.0
9.0,0.20126710688876742,152.0,0.011901091940610755,0.0005586793795685118,0.0
9.0,0.20126710688876742,153.0,0.01813291049780327,0.0,0.0
9.0,0.20126710688876742,154.0,0.03890614083254672,0.0008167254532986781,0.0
9.0,0.20126710688876742,155.0,0.03980278013251299,0.0038433045282053363,0.0
9.0,0.20126710688876742,156.0,0.009955000011697445,0.0022389127452549806,1.0
9.0,0.20126710688876742,157.0,0.012142471533414235,0.0,0.0
9.0,0.20126710688876742,158.0,0.008849903687924404,0.008019753423171131,1.0
9.0,0.20126710688876742,159.0,0.0724404565498184,0.26194393231686997,1.0
9.0,0.20126710688876742,160.0,0.004719727437578999,1.2677404448745042,1.0
9.0,0.20126710688876742,161.0,0.04143321735042331,0.0,0.0
9.0,0.20126710688876742,162.0,0.013124680262657047,0.05817521665101789,1.0
9.0,0.20126710688876742,163.0,0.00676099121255729,0.006319246008806403,1.0
9.0,0.20126710688876742,164.0,0.042123601694555354,0.019215390712771414,0.0
9.0,0.20126710688876742,165.0,0.03654185040073722,5.204595214592649e-05,0.0
9.0,0.20126710688876742,166.0,0.005734178079395049,0.0005114520677914119,1.0
9.0,0.20126710688876742,167.0,0.006930370308175353,0.005236708884234379,1.0
9.0,0.20126710688876742,168.0,0.01187050086462418,0.0,0.0
9.0,0.20126710688876742,169.0,0.028176155688429988,2.5734302526601956e-05,0.0
9.0,0.20126710688876742,170.0,0.020152661207384737,0.02184533165131206,0.0
9.0,0.20126710688876742,171.0,0.002748640531216761,0.15394616199938724,1.0
9.0,0.20126710688876742,172.0,0.003471091347246669,0.20804597528375915,1.0
9.0,0.20126710688876742,173.0,0.0026772185329621634,0.030734147174644566,1.0
9.0,0.20126710688876742,174.0,0.011546493678342195,0.02539038975617189,0.0
9.0,0.20126710688876742,175.0,0.0027702915998696646,0.001559752106647119,1.0
9.0,0.20126710688876742,176.0,0.004364274235738916,0.40743771747832996,1.0
9.0,0.20126710688876742,177.0,0.028198216048917837,0.013639529778951222,0.0
9.0,0.20126710688876742,178.0,0.00997056574047019,0.41156873588086723,1.0
9.0,0.20126710688876742,179.0,0.027676028105906893,0.0517780079052337,0.0
9.0,0.20126710688876742,180.0,0.007046232777073527,8.585123492867371,1.0
9.0,0.20126710688876742,181.0,0.021813987349651932,0.010035263329232524,0.0
9.0,0.20126710688876742,182.0,0.005563063823349728,0.08653927096975934,1.0
9.0,0.20126710688876742,183.0,0.02179465822659169,0.010853521070537556,0.0
9.0,0.20126710688876742,184.0,0.011115348643040757,6.476880978818588e-06,1.0
9.0,0.20126710688876742,185.0,0.003459857688573798,1.0524015265550883,1.0
9.0,0.20126710688876742,186.0,0.021526633671624846,0.01892373513555454,0.0
9.0,0.20126710688876742,187.0,0.022247319976701936,1.7884558351216033e-06,0.0
9.0,0.20126710688876742,188.0,0.0047567938122405565,1.3080371863917009,1.0
9.0,0.20126710688876742,189.0,0.011917373490023652,1.3120065069194055e-05,0.0
9.0,0.20126710688876742,190.0,0.003100845100317081,0.004364860825394393,1.0
9.0,0.20126710688876742,191.0,0.006783136452932105,0.20374942190954196,1.0
9.0,0.20126710688876742,192.0,0.0042853776133876635,0.19051731807863984,1.0
9.0,0.20126710688876742,193.0,0.003417897015879532,0.0107227144363544,1.0
9.0,0.20126710688876742,194.0,0.013921131374042262,1.3150050242366869,1.0
9.0,0.20126710688876742,195.0,0.006457550706959261,0.01529694461340434,1.0
9.0,0.20126710688876742,196.0,0.003096536255478389,0.004769384204669684,1.0
9.0,0.20126710688876742,197.0,0.006562324615065592,0.004030113278827971,1.0
9.0,0.20126710688876742,198.0,0.008548382577197105,0.04720069064729617,1.0
9.0,0.20126710688876742,199.0,0.050351922014675296,0.00016116009917769018,0.0
9.0,0.20126710688876742,200.0,0.007346517946250901,0.10835284175013453,1.0
9.0,0.20126710688876742,201.0,0.03703785174118103,0.0,0.0
9.0,0.20126710688876742,202.0,0.0424444352180636,0.0,0.0
9.0,0.20126710688876742,203.0,0.0018892448980807434,0.04543853124545761,1.0
9.0,0.20126710688876742,204.0,0.04029733013671079,7.710093134907046e-06,0.0
9.0,0.20126710688876742,205.0,0.030371414658151442,0.0,0.0
9.0,0.20126710688876742,206.0,0.006807535290350367,2.3440082793201866,1.0
9.0,0.20126710688876742,207.0,0.012071828240897947,0.0,0.0
9.0,0.20126710688876742,208.0,0.0020918362637379166,0.08538274480312269,1.0
9.0,0.20126710688876742,209.0,0.006305726192804022,0.09300753457392355,1.0
9.0,0.20126710688876742,210.0,0.05126043174818223,8.849005114490552e-06,1.0
9.0,0.20126710688876742,211.0,0.009919680350619667,0.47142669557665273,1.0
9.0,0.20126710688876742,212.0,0.007227495318664165,2.5255031826095453,1.0
9.0,0.20126710688876742,213.0,0.04007280765064642,0.0,0.0
9.0,0.20126710688876742,214.0,0.017334422570105448,0.0007099165390951325,0.0
9.0,0.20126710688876742,215.0,0.049005461174037444,0.0002511469457007006,0.0
9.0,0.20126710688876742,216.0,0.0065162491072336196,0.00022626851270841057,1.0
9.0,0.20126710688876742,217.0,0.0030181438356601266,3.2660768931917525,1.0
9.0,0.20126710688876742,218.0,0.008913197651343968,0.048335696700034195,1.0
9.0,0.20126710688876742,219.0,0.051727324237350124,0.0,0.0
9.0,0.20126710688876742,220.0,0.02185832049592036,0.0021747555351207377,0.0
9.0,0.20126710688876742,221.0,0.0022722399014142997,0.3210835902083165,1.0
9.0,0.20126710688876742,222.0,0.04266555536957206,0.0002650385859216201,0.0
9.0,0.20126710688876742,223.0,0.0070978544849897305,0.018887504174781772,1.0
9.0,0.20126710688876742,224.0,0.03213488301717307,1.4385208252193294e-05,1.0
9.0,0.20126710688876742,225.0,0.02134249510065831,0.0,0.0
9.0,0.20126710688876742,226.0,0.0033398408633473933,1.3216519419946577,1.0
9.0,0.20126710688876742,227.0,0.02778821724409352,1.4566610252579717e-05,0.0
9.0,0.20126710688876742,228.0,0.00536606737424993,0.2991239775636818,1.0
9.0,0.20126710688876742,229.0,0.00742153583284046,0.00044451486835302845,1.0
9.0,0.20126710688876742,230.0,0.007506615554197633,0.000630503864405736,1.0
9.0,0.20126710688876742,231.0,0.021658652496440757,4.2410543634561584e-05,0.0
9.0,0.20126710688876742,232.0,0.029392494518127414,0.0,0.0
9.0,0.20126710688876742,233.0,0.041865296731535065,0.0012653025157022824,0.0
9.0,0.20126710688876742,234.0,0.0022298665728098773,5.482201661110283e-05,1.0
9.0,0.20126710688876742,235.0,0.028529552033862923,0.0053719688530387815,0.0
9.0,0.20126710688876742,236.0,0.028604624462699846,1.4828074241048113e-05,0.0
9.0,0.20126710688876742,237.0,0.0040918008882816015,2.7542981233872847,1.0
9.0,0.20126710688876742,238.0,0.0026560315288813516,7.580091525169046e-06,1.0
9.0,0.20126710688876742,239.0,0.041781403907681924,0.0,0.0
9.0,0.20126710688876742,240.0,0.002282814018078217,0.0020479210669264052,1.0
9.0,0.20126710688876742,241.0,0.021956253784551866,0.0012576885033389869,0.0
9.0,0.20126710688876742,242.0,0.011291215317226922,0.21645112362885693,1.0
9.0,0.20126710688876742,243.0,0.007314043271948946,0.004430825705959961,1.0
9.0,0.20126710688876742,244.0,0.041578725161280666,0.0,0.0
9.0,0.20126710688876742,245.0,0.051363417328665964,0.0,0.0
9.0,0.20126710688876742,246.0,0.03914641338671057,8.58596919488055e-06,0.0
9.0,0.20126710688876742,247.0,0.01800376140369732,0.019760319258966964,0.0
9.0,0.20126710688876742,248.0,0.008682696898391209,0.7467979579382117,1.0
9.0,0.20126710688876742,249.0,0.01181056434662164,0.06215137821651334,1.0
9.0,0.20126710688876742,250.0,0.042060151373067164,0.0,0.0
9.0,0.20126710688876742,251.0,0.0486879669588402,0.02666739059754802,0.0
9.0,0.20126710688876742,252.0,0.0026682665157679586,0.014255791095429175,1.0
9.0,0.20126710688876742,253.0,0.040307464934627904,0.009408578165512913,0.0
9.0,0.20126710688876742,254.0,0.0037165480439256895,0.049681968072535394,1.0
9.0,0.20126710688876742,255.0,0.02272565254088641,0.0,0.0
9.0,0.20126710688876742,256.0,0.006651023198762094,0.0010567890156143007,1.0
9.0,0.20126710688876742,257.0,0.005124060680808045,0.11703552402515648,1.0
9.0,0.20126710688876742,258.0,0.010730273359171994,1.9947302824496792e-05,0.0
9.0,0.20126710688876742,259.0,0.021539257088623677,2.3446319659117596e-06,0.0
9.0,0.20126710688876742,260.0,0.036978721921607616,0.0,0.0
9.0,0.20126710688876742,261.0,0.0038866615566190126,0.00038481888762304417,1.0
9.0,0.20126710688876742,262.0,0.01758247843626628,8.841541737363625e-06,0.0
9.0,0.20126710688876742,263.0,0.006479346383481841,0.025691264030598987,1.0
9.0,0.20126710688876742,264.0,0.01045318226388433,0.0009259231460085042,0.0
9.0,0.20126710688876742,265.0,0.006664230104326561,1.0522926685575489,1.0
9.0,0.20126710688876742,266.0,0.0104171715527712,0.03892018605339382,1.0
9.0,0.20126710688876742,267.0,0.004595130163401291,0.0014453837565359064,1.0
9.0,0.20126710688876742,268.0,0.04760260321787222,7.644735107789346e-05,0.0
9.0,0.20126710688876742,269.0,0.011365566365306957,0.03262062691890785,1.0
9.0,0.20126710688876742,270.0,0.002433202864983612,0.006469965788116805,1.0
9.0,0.20126710688876742,271.0,0.0016795126351533995,0.0016322640901825847,1.0
9.0,0.20126710688876742,272.0,0.00965677301821348,0.0001889018580981043,1.0
9.0,0.20126710688876742,273.0,0.006824583663933261,0.0915549808712344,1.0
9.0,0.20126710688876742,274.0,0.03971941342150283,0.024096805505914354,0.0
9.0,0.20126710688876742,275.0,0.0029099783491613857,2.963784136923002,1.0
9.0,0.20126710688876742,276.0,0.0391061744370909,0.00019105704670918555,0.0
9.0,0.20126710688876742,277.0,0.0036223186753184125,0.00017048937620758384,1.0
9.0,0.20126710688876742,278.0,0.04023852328125647,0.0,0.0
9.0,0.20126710688876742,279.0,0.002424716570388689,0.0009028766886662811,1.0
9.0,0.20126710688876742,280.0,0.04977934815590608,2.3438115899774e-05,0.0
9.0,0.20126710688876742,281.0,0.02191393804966785,0.0,0.0
9.0,0.20126710688876742,282.0,0.008810607734237575,0.07642886929213795,1.0
9.0,0.20126710688876742,283.0,0.006503877771389955,4.598413391117427,1.0
9.0,0.20126710688876742,284.0,0.046941027767380836,0.0,0.0
9.0,0.20126710688876742,285.0,0.021699673949132005,0.0,0.0
9.0,0.20126710688876742,286.0,0.003504546596382581,7.5901613963707995,1.0
9.0,0.20126710688876742,287.0,0.006087328953909661,0.004020666579496929,1.0
9.0,0.20126710688876742,288.0,0.028613311637699763,0.0020748662115781255,0.0
9.0,0.20126710688876742,289.0,0.02198886386174016,7.880871255571228e-06,0.0
9.0,0.20126710688876742,290.0,0.00637668464752227,0.034075864371848986,1.0
9.0,0.20126710688876742,291.0,0.004085004493159624,0.0687518839636077,1.0
9.0,0.20126710688876742,292.0,0.002319451920442374,0.12560442168212219,1.0
9.0,0.20126710688876742,293.0,0.011748592704816183,0.007436700029538935,0.0
9.0,0.20126710688876742,294.0,0.00666540196955385,0.06637441513754087,1.0
9.0,0.20126710688876742,295.0,0.017958969396609237,2.7229101868883022e-05,0.0
9.0,0.20126710688876742,296.0,0.049072059594507375,5.164169733986587e-06,0.0
9.0,0.20126710688876742,297.0,0.006957056070383324,0.0004772108110829426,1.0
9.0,0.20126710688876742,298.0,0.02194672511778113,1.0902755593057858e-06,0.0
9.0,0.20126710688876742,299.0,0.002874487370286561,0.3579412226873015,1.0
9.0,0.20126710688876742,300.0,0.03392460719611249,0.0,0.0
9.0,0.20126710688876742,301.0,0.02184812359755353,0.0,0.0
9.0,0.20126710688876742,302.0,0.0025416033242566844,0.003209236569407059,1.0
9.0,0.20126710688876742,303.0,0.011266576785945951,0.19838895468347265,1.0
9.0,0.20126710688876742,304.0,0.029797737967554108,0.019097744112039027,0.0
9.0,0.20126710688876742,305.0,0.006047869288264345,0.015682139486499404,1.0
9.0,0.20126710688876742,306.0,0.036849059282124286,0.0003321655108349913,0.0
9.0,0.20126710688876742,307.0,0.022416892600290467,0.0,0.0
9.0,0.20126710688876742,308.0,0.0029977519151822294,0.35557474934868805,1.0
9.0,0.20126710688876742,309.0,0.002544432343230288,2.4171236679086885,1.0
9.0,0.20126710688876742,310.0,0.027679598994537286,7.079984639032746e-05,0.0
9.0,0.20126710688876742,311.0,0.0022931030594148583,0.001618046898959086,1.0
9.0,0.20126710688876742,312.0,0.036970227947806356,0.0,0.0
9.0,0.20126710688876742,313.0,0.02172329257790494,0.0008520375279166257,0.0
9.0,0.20126710688876742,314.0,0.04127291578622953,0.0,0.0
9.0,0.20126710688876742,315.0,0.009856553257180151,1.720341535934642,1.0
9.0,0.20126710688876742,316.0,0.012290701354333355,0.005948549299653865,1.0
9.0,0.20126710688876742,317.0,0.002389141523644483,2.2068659009825825e-05,1.0
9.0,0.20126710688876742,318.0,0.0032311578020544625,2.932852300971972,1.0
9.0,0.20126710688876742,319.0,0.029141351303352613,2.234837854823125e-05,0.0
9.0,0.20126710688876742,320.0,0.01013210565651918,0.2340721505663267,1.0
9.0,0.20126710688876742,321.0,0.0069180481642290275,0.030107280697070457,1.0
9.0,0.20126710688876742,322.0,0.023977954142215832,0.022255948452773275,0.0
9.0,0.20126710688876742,323.0,0.018679774531454422,0.0,0.0
9.0,0.20126710688876742,324.0,0.02221226221305072,0.0,0.0
9.0,0.20126710688876742,325.0,0.02110099266801454,3.987018683257798e-06,0.0
9.0,0.20126710688876742,326.0,0.021748030924397106,0.0003709566568626314,0.0
9.0,0.20126710688876742,327.0,0.0069751261826585375,0.10229897505604314,1.0
9.0,0.20126710688876742,328.0,0.017801167890100188,0.010736991725653846,0.0
9.0,0.20126710688876742,329.0,0.004304249047064187,0.00438379576129182,1.0
9.0,0.20126710688876742,330.0,0.01175174621430551,0.0003996169627857673,0.0
9.0,0.20126710688876742,331.0,0.03044936924193818,0.0,0.0
9.0,0.20126710688876742,332.0,0.004930419276697528,0.9625088699436696,1.0
9.0,0.20126710688876742,333.0,0.007972497081952133,0.0009559639631354994,1.0
9.0,0.20126710688876742,334.0,0.0071457786000999725,0.038394182492092956,1.0
9.0,0.20126710688876742,335.0,0.006261357647100651,0.006126922856175864,1.0
9.0,0.20126710688876742,336.0,0.04055457808992892,2.634386430903974e-06,0.0
9.0,0.20126710688876742,337.0,0.007658687054022574,0.0075424356358869855,1.0
9.0,0.20126710688876742,338.0,0.041142437648045274,0.00021480398615779457,0.0
9.0,0.20126710688876742,339.0,0.005448846176909935,0.2040992624168365,1.0
9.0,0.20126710688876742,340.0,0.011861719405595501,0.0,0.0
9.0,0.20126710688876742,341.0,0.02961261730111229,0.0,0.0
9.0,0.20126710688876742,342.0,0.021567021143615025,4.318981823061385e-05,0.0
9.0,0.20126710688876742,343.0,0.0506303540026555,0.0008291701357954896,0.0
9.0,0.20126710688876742,344.0,0.006545310506902653,0.002949135120871376,1.0
9.0,0.20126710688876742,345.0,0.001319134320201094,0.021870141890011047,1.0
9.0,0.20126710688876742,346.0,0.0023378924736421097,0.0007001154590773126,1.0
9.0,0.20126710688876742,347.0,0.022437614602974783,0.0,0.0
9.0,0.20126710688876742,348.0,0.022375348428775015,0.0,0.0
9.0,0.20126710688876742,349.0,0.039325800001620455,0.0002116410596626239,0.0
9.0,0.20126710688876742,350.0,0.011788033567654739,4.001684206917666e-05,0.0
9.0,0.20126710688876742,351.0,0.007204388031934628,4.8719005564747215,1.0
9.0,0.20126710688876742,352.0,0.017433734092702435,0.0,0.0
9.0,0.20126710688876742,353.0,0.01055164422669273,0.0010770525758082247,0.0
9.0,0.20126710688876742,354.0,0.0018767202685895188,0.42770145739293536,1.0
9.0,0.20126710688876742,355.0,0.05080323472520216,0.0,0.0
9.0,0.20126710688876742,356.0,0.04125363239718649,0.0004163931882384312,0.0
9.0,0.20126710688876742,357.0,0.006573257963627417,0.002241632849575399,1.0
9.0,0.20126710688876742,358.0,0.050271227828317416,0.0015697548116698006,0.0
9.0,0.20126710688876742,359.0,0.033826892581447915,0.0005749696170060564,0.0
9.0,0.20126710688876742,360.0,0.0033982186121828102,0.07646747808819883,1.0
9.0,0.20126710688876742,361.0,0.0054823390061803905,0.024509598219083786,1.0
9.0,0.20126710688876742,362.0,0.006458430147749824,3.866952143859185,1.0
9.0,0.20126710688876742,363.0,0.011387996718502394,0.0,0.0
9.0,0.20126710688876742,364.0,0.006576851745197328,0.0023495802968440294,1.0
9.0,0.20126710688876742,365.0,0.007586449207456473,0.026488357936249107,1.0
9.0,0.20126710688876742,366.0,0.05325732147289211,4.20155328700995e-06,0.0
9.0,0.20126710688876742,367.0,0.02081144457340136,7.78886418963219e-07,0.0
9.0,0.20126710688876742,368.0,0.05003970817311726,0.0030450079271927603,0.0
9.0,0.20126710688876742,369.0,0.02459741765227192,0.00020910012396238041,0.0
9.0,0.20126710688876742,370.0,0.003899268149203759,0.013629512581657772,1.0
9.0,0.20126710688876742,371.0,0.017957412392113348,6.62862784461048e-05,0.0
9.0,0.20126710688876742,372.0,0.00964946730692623,0.09283526124523868,1.0
9.0,0.20126710688876742,373.0,0.013211791813708337,1.9641228214903252,1.0
9.0,0.20126710688876742,374.0,0.037632103930341894,0.0,0.0
9.0,0.20126710688876742,375.0,0.001990403052688545,0.007223914811281252,1.0
9.0,0.20126710688876742,376.0,0.007459440057548728,2.449597727623115,1.0
9.0,0.20126710688876742,377.0,0.0026369461370262795,6.29780706575071,1.0
9.0,0.20126710688876742,378.0,0.01216083830037959,0.0,0.0
9.0,0.20126710688876742,379.0,0.029201223505813056,0.0,0.0
9.0,0.20126710688876742,380.0,0.007084219373160576,0.11039234295318522,1.0
9.0,0.20126710688876742,381.0,0.002529627562985138,2.803955238119743,1.0
9.0,0.20126710688876742,382.0,0.022264346068411794,0.0,0.0
9.0,0.20126710688876742,383.0,0.003233010567778372,0.14606279971468306,1.0
9.0,0.20126710688876742,384.0,0.005372280119837207,0.0008108851853267819,1.0
9.0,0.20126710688876742,385.0,0.03694656588868027,0.006067189742808194,0.0
9.0,0.20126710688876742,386.0,0.007256553819512137,0.15527774089908322,1.0
9.0,0.20126710688876742,387.0,0.01037132723623479,6.782204735465286e-06,1.0
9.0,0.20126710688876742,388.0,0.00249764477179941,0.005920689534358077,1.0
9.0,0.20126710688876742,389.0,0.005431368656252988,1.0959657390073787,1.0
9.0,0.20126710688876742,390.0,0.004587302909107224,0.009183667122005168,1.0
9.0,0.20126710688876742,391.0,0.01860458957953237,0.0,0.0
9.0,0.20126710688876742,392.0,0.02257750932179628,0.006373292158850806,0.0
9.0,0.20126710688876742,393.0,0.01179827997438206,0.0,0.0
9.0,0.20126710688876742,394.0,0.0029596110290192306,4.234125877276344,1.0
9.0,0.20126710688876742,395.0,0.021881620552278783,7.192915985539885e-07,0.0
9.0,0.20126710688876742,396.0,0.017262864288980745,0.00044901444691893054,0.0
9.0,0.20126710688876742,397.0,0.004172879719320028,0.2550743861272476,1.0
9.0,0.20126710688876742,398.0,0.002307716167792998,0.11367493245934948,1.0
9.0,0.20126710688876742,399.0,0.006583794863323597,0.001830115288695549,1.0
9.0,0.26835614251835654,0.0,0.008230751669844943,0.09189819244007005,1.0
9.0,0.26835614251835654,1.0,0.0021471423725644297,0.10922351629144501,1.0
9.0,0.26835614251835654,2.0,0.0025983825780581263,0.0025254557272475927,1.0
9.0,0.26835614251835654,3.0,0.007158684304574638,0.0009726253582616046,1.0
9.0,0.26835614251835654,4.0,0.0354946994330627,0.0009157831293469018,0.0
9.0,0.26835614251835654,5.0,0.06522254106369933,0.0004857559235545258,0.0
9.0,0.26835614251835654,6.0,0.03025907947462709,0.0,0.0
9.0,0.26835614251835654,7.0,0.059633870067417855,0.0,0.0
9.0,0.26835614251835654,8.0,0.007401115121057367,0.002045787568884842,1.0
9.0,0.26835614251835654,9.0,0.012622338302201028,0.0051234047341386655,1.0
9.0,0.26835614251835654,10.0,0.026730499229028645,5.511857207583007,1.0
9.0,0.26835614251835654,11.0,0.003768185526284184,0.3407385973584834,1.0
9.0,0.26835614251835654,12.0,0.048088375935668656,0.0,0.0
9.0,0.26835614251835654,13.0,0.06109384677556541,0.0,0.0
9.0,0.26835614251835654,14.0,0.007384133830919883,0.008027903649328658,1.0
9.0,0.26835614251835654,15.0,0.06127861986750778,0.0,0.0
9.0,0.26835614251835654,16.0,0.06932542455022685,3.245140249872035e-08,0.0
9.0,0.26835614251835654,17.0,0.006742425792160596,0.0010827496422198683,1.0
9.0,0.26835614251835654,18.0,0.061129135346013136,3.5632465025581715e-05,0.0
9.0,0.26835614251835654,19.0,0.056540366231831354,0.00013697268625513772,0.0
9.0,0.26835614251835654,20.0,0.007936094129148745,0.27832473605088703,1.0
9.0,0.26835614251835654,21.0,0.06131871350436973,3.2632837406256546e-06,0.0
9.0,0.26835614251835654,22.0,0.03711933654601297,0.0,0.0
9.0,0.26835614251835654,23.0,0.061221553156363004,9.155124762508109e-05,0.0
9.0,0.26835614251835654,24.0,0.029823608188212784,0.00027840222724522857,0.0
9.0,0.26835614251835654,25.0,0.0293382903318671,0.020751654719607788,0.0
9.0,0.26835614251835654,26.0,0.035627451383648055,0.0001411209349748409,0.0
9.0,0.26835614251835654,27.0,0.01554496617682067,6.06665108123093,1.0
9.0,0.26835614251835654,28.0,0.0183966903421225,6.227304349273343,1.0
9.0,0.26835614251835654,29.0,0.00222951229238991,0.01440782925607018,1.0
9.0,0.26835614251835654,30.0,0.010449293896707939,6.235093184644614e-05,1.0
9.0,0.26835614251835654,31.0,0.007840744158406871,0.08065079658216297,1.0
9.0,0.26835614251835654,32.0,0.005735273115350064,0.003140268507484378,1.0
9.0,0.26835614251835654,33.0,0.004568704707796438,0.007495738960169663,1.0
9.0,0.26835614251835654,34.0,0.006408308326033974,0.9470242790751378,1.0
9.0,0.26835614251835654,35.0,0.05910213110649526,0.0007804220709649466,0.0
9.0,0.26835614251835654,36.0,0.05943864482537917,0.002371831437592444,0.0
9.0,0.26835614251835654,37.0,0.035181234105088235,0.0006279959698886221,0.0
9.0,0.26835614251835654,38.0,0.043465834130469824,0.5319978287226351,1.0
9.0,0.26835614251835654,39.0,0.0037038318195942513,0.2908959614506078,1.0
9.0,0.26835614251835654,40.0,0.05918092085769411,0.0035750193817121814,0.0
9.0,0.26835614251835654,41.0,0.0461663424135972,0.0,0.0
9.0,0.26835614251835654,42.0,0.06469611726979893,0.0015574008087359975,0.0
9.0,0.26835614251835654,43.0,0.04827683812974125,0.018607839035958536,0.0
9.0,0.26835614251835654,44.0,0.0059303982411334395,2.46430042880637,1.0
9.0,0.26835614251835654,45.0,0.06327191877185087,0.0,0.0
9.0,0.26835614251835654,46.0,0.018572921176095887,0.0,0.0
9.0,0.26835614251835654,47.0,0.02489880649936846,8.391139960574638,1.0
9.0,0.26835614251835654,48.0,0.007033868156112294,0.00023198807268104448,1.0
9.0,0.26835614251835654,49.0,0.06869529376365172,0.003066338158907312,0.0
9.0,0.26835614251835654,50.0,0.005085600689684609,0.36849173196005236,1.0
9.0,0.26835614251835654,51.0,0.012917822786953661,1.2214850542681117,1.0
9.0,0.26835614251835654,52.0,0.05865544397866046,0.001765324408432677,0.0
9.0,0.26835614251835654,53.0,0.008064315550398169,0.006451345755153454,1.0
9.0,0.26835614251835654,54.0,0.00457154979633398,1.2089521642689143,1.0
9.0,0.26835614251835654,55.0,0.012230978617020483,0.16939223029453246,1.0
9.0,0.26835614251835654,56.0,0.0031808592821431047,0.0007097537462551938,1.0
9.0,0.26835614251835654,57.0,0.005738747851042192,1.988610387068437,1.0
9.0,0.26835614251835654,58.0,0.06120231833211093,2.630051812441644e-06,0.0
9.0,0.26835614251835654,59.0,0.06703592675094605,0.0,0.0
9.0,0.26835614251835654,60.0,0.05938055119366768,0.0,0.0
9.0,0.26835614251835654,61.0,0.017474011795446862,0.0,0.0
9.0,0.26835614251835654,62.0,0.003900963529106793,0.47711749088840244,1.0
9.0,0.26835614251835654,63.0,0.06315611199500006,0.0,0.0
9.0,0.26835614251835654,64.0,0.03200012244902946,0.002199237814973344,0.0
9.0,0.26835614251835654,65.0,0.03858637875778117,0.00031240406192914395,0.0
9.0,0.26835614251835654,66.0,0.015591942959466882,0.6106487312476658,1.0
9.0,0.26835614251835654,67.0,0.006469836269933107,0.053644902543819865,1.0
9.0,0.26835614251835654,68.0,0.018134349937054213,0.0,0.0
9.0,0.26835614251835654,69.0,0.08431649054585745,3.0415769441464583e-05,0.0
9.0,0.26835614251835654,70.0,0.011567952445519687,0.070330098355731,1.0
9.0,0.26835614251835654,71.0,0.006646164286177989,0.0016957700514904498,1.0
9.0,0.26835614251835654,72.0,0.06069059668954671,0.020543579646743037,0.0
9.0,0.26835614251835654,73.0,0.04543867182790193,2.3550041443080533e-06,0.0
9.0,0.26835614251835654,74.0,0.037960141209332346,0.0,0.0
9.0,0.26835614251835654,75.0,0.007270902079252079,1.5024739118514607,1.0
9.0,0.26835614251835654,76.0,0.004139107566225859,2.7469183001545274,1.0
9.0,0.26835614251835654,77.0,0.04496772938270591,0.006127795950009079,0.0
9.0,0.26835614251835654,78.0,0.029359679165920742,0.0,0.0
9.0,0.26835614251835654,79.0,0.059371584135639685,0.0,0.0
9.0,0.26835614251835654,80.0,0.018130735742294055,0.0,0.0
9.0,0.26835614251835654,81.0,0.029488574920128886,0.0009479669977310921,0.0
9.0,0.26835614251835654,82.0,0.006685085958002359,0.026454848728697203,1.0
9.0,0.26835614251835654,83.0,0.004136303595144486,0.12230945711521965,1.0
9.0,0.26835614251835654,84.0,0.01748358363522616,2.5479337087636225,1.0
9.0,0.26835614251835654,85.0,0.0589353195437322,0.00044552035932649036,0.0
9.0,0.26835614251835654,86.0,0.002740177267196051,0.02338328924226244,1.0
9.0,0.26835614251835654,87.0,0.030182237107979064,0.0027081352033829077,0.0
9.0,0.26835614251835654,88.0,0.029859850789715158,0.0017453936185641472,0.0
9.0,0.26835614251835654,89.0,0.003426423465640106,2.341483992167651,1.0
9.0,0.26835614251835654,90.0,0.0020625565945132747,0.004131654348987204,1.0
9.0,0.26835614251835654,91.0,0.005129610497115158,0.008307539546519365,1.0
9.0,0.26835614251835654,92.0,0.005126380631058495,0.6973093617318585,1.0
9.0,0.26835614251835654,93.0,0.0376393350187325,0.001403339601891436,0.0
9.0,0.26835614251835654,94.0,0.004774599611100105,0.0011767796175712962,1.0
9.0,0.26835614251835654,95.0,0.018504571103461882,0.0197706828716571,0.0
9.0,0.26835614251835654,96.0,0.05594730581103245,0.02386770384544547,0.0
9.0,0.26835614251835654,97.0,0.057828774066839846,6.295542086407281e-05,0.0
9.0,0.26835614251835654,98.0,0.03724021613377736,0.002035403062220573,0.0
9.0,0.26835614251835654,99.0,0.06107895055492738,0.020307264866932885,0.0
9.0,0.26835614251835654,100.0,0.01590198448339149,0.013000144594281554,1.0
9.0,0.26835614251835654,101.0,0.006842617595740003,0.012046606900989612,1.0
9.0,0.26835614251835654,102.0,0.04558208661765098,0.0006507387621421698,0.0
9.0,0.26835614251835654,103.0,0.04781667627667115,0.0011000804967237585,0.0
9.0,0.26835614251835654,104.0,0.0025004204700852096,0.0014958311685756324,1.0
9.0,0.26835614251835654,105.0,0.03968588648292441,0.0,0.0
9.0,0.26835614251835654,106.0,0.027258721008891037,5.205731581425272,1.0
9.0,0.26835614251835654,107.0,0.06190902978290386,0.0,0.0
9.0,0.26835614251835654,108.0,0.0601768638761226,0.009006509895676341,0.0
9.0,0.26835614251835654,109.0,0.04770717481739291,0.0,0.0
9.0,0.26835614251835654,110.0,0.032131358848547203,6.92332338762524e-05,0.0
9.0,0.26835614251835654,111.0,0.01120534716252084,0.6502612191759706,1.0
9.0,0.26835614251835654,112.0,0.00677092769952565,0.0012944948503955565,1.0
9.0,0.26835614251835654,113.0,0.0600582527210052,0.009113685600819982,0.0
9.0,0.26835614251835654,114.0,0.006571364340165431,0.15763113355669592,1.0
9.0,0.26835614251835654,115.0,0.007460181468913772,0.011130907353687028,1.0
9.0,0.26835614251835654,116.0,0.03735274293450322,0.0,0.0
9.0,0.26835614251835654,117.0,0.06119496990927217,0.0,0.0
9.0,0.26835614251835654,118.0,0.059285614984652235,0.021938993637288417,0.0
9.0,0.26835614251835654,119.0,0.006164007460177457,0.0024128135405918068,1.0
9.0,0.26835614251835654,120.0,0.006972443823200876,0.13305392765623675,1.0
9.0,0.26835614251835654,121.0,0.059326773094074164,0.03970265101257223,0.0
9.0,0.26835614251835654,122.0,0.010183716500538492,1.3862794056970382,1.0
9.0,0.26835614251835654,123.0,0.004271563474275845,0.022663849115761803,1.0
9.0,0.26835614251835654,124.0,0.003925471131733256,0.003071410722412181,1.0
9.0,0.26835614251835654,125.0,0.007409372681744375,0.00021419947093642667,1.0
9.0,0.26835614251835654,126.0,0.00951965979087523,1.0813030727759894,1.0
9.0,0.26835614251835654,127.0,0.05927590931853187,0.01985518884963525,0.0
9.0,0.26835614251835654,128.0,0.006939654840030509,0.8862375182042176,1.0
9.0,0.26835614251835654,129.0,0.005808084643020766,0.007313926559283904,1.0
9.0,0.26835614251835654,130.0,0.007208474337687368,0.06215526453006517,1.0
9.0,0.26835614251835654,131.0,0.007608827275841094,0.042420319576322425,1.0
9.0,0.26835614251835654,132.0,0.04766853139360509,0.0,0.0
9.0,0.26835614251835654,133.0,0.007142477477447997,1.9992408323114257,1.0
9.0,0.26835614251835654,134.0,0.04509001328587833,2.6670971704149724e-05,0.0
9.0,0.26835614251835654,135.0,0.004204832009622055,0.04038580057374972,1.0
9.0,0.26835614251835654,136.0,0.0025555330575178347,0.26127365262060276,1.0
9.0,0.26835614251835654,137.0,0.0027458657509837944,0.008523686440679468,1.0
9.0,0.26835614251835654,138.0,0.06033919742281267,0.019669122637564637,0.0
9.0,0.26835614251835654,139.0,0.03892589802705443,0.0,0.0
9.0,0.26835614251835654,140.0,0.009270527084123445,0.5222075632408797,1.0
9.0,0.26835614251835654,141.0,0.04685841276314187,0.0026187244109208037,0.0
9.0,0.26835614251835654,142.0,0.02957956311967738,0.0009419215667257636,0.0
9.0,0.26835614251835654,143.0,0.006811477183398187,0.009360814222348919,1.0
9.0,0.26835614251835654,144.0,0.00483690085538192,0.12892771942178644,1.0
9.0,0.26835614251835654,145.0,0.03625710657640982,0.0004974316424868898,0.0
9.0,0.26835614251835654,146.0,0.045967231172971704,0.0034121304134988725,0.0
9.0,0.26835614251835654,147.0,0.014736042867949417,0.1811795298476842,1.0
9.0,0.26835614251835654,148.0,0.0075490421190973385,2.398210182524062,1.0
9.0,0.26835614251835654,149.0,0.0040584316270576475,0.11042634695107707,1.0
9.0,0.26835614251835654,150.0,0.029101473881377078,0.0012885654722363414,0.0
9.0,0.26835614251835654,151.0,0.006783386652166827,0.02239941583959272,1.0
9.0,0.26835614251835654,152.0,0.0275789962017303,0.0005605921639851579,0.0
9.0,0.26835614251835654,153.0,0.01813291049780327,0.0,0.0
9.0,0.26835614251835654,154.0,0.05787854410245398,0.00081557367378623,0.0
9.0,0.26835614251835654,155.0,0.04876270323017777,0.0038294161729444326,0.0
9.0,0.26835614251835654,156.0,0.014359448849229966,0.0015117789094805942,1.0
9.0,0.26835614251835654,157.0,0.03051246306198521,0.0,0.0
9.0,0.26835614251835654,158.0,0.0445870209667779,0.001042478422094083,0.0
9.0,0.26835614251835654,159.0,0.08113247574376228,0.2590041856509234,1.0
9.0,0.26835614251835654,160.0,0.006310817331291137,1.0918527600406847,1.0
9.0,0.26835614251835654,161.0,0.06038898579157613,0.0,0.0
9.0,0.26835614251835654,162.0,0.0031575581157099503,0.6381356464328575,1.0
9.0,0.26835614251835654,163.0,0.006892775055123558,0.005700284166732657,1.0
9.0,0.26835614251835654,164.0,0.060678203642608765,0.019102317468396104,0.0
9.0,0.26835614251835654,165.0,0.055617536517994226,5.204595214592649e-05,0.0
9.0,0.26835614251835654,166.0,0.012296889432117068,0.0006373918426716813,1.0
9.0,0.26835614251835654,167.0,0.006836305455618831,0.0035360445866798344,1.0
9.0,0.26835614251835654,168.0,0.03021914851382477,0.0,0.0
9.0,0.26835614251835654,169.0,0.036169405634787856,2.4370901449496655e-05,0.0
9.0,0.26835614251835654,170.0,0.026851436775408938,0.021652933185266773,0.0
9.0,0.26835614251835654,171.0,0.0029498899159903363,0.10817899705191265,1.0
9.0,0.26835614251835654,172.0,0.004492049619429216,0.20281347714711712,1.0
9.0,0.26835614251835654,173.0,0.002629709577289739,0.022108209337823873,1.0
9.0,0.26835614251835654,174.0,0.029692730315698218,0.024137975919402022,0.0
9.0,0.26835614251835654,175.0,0.004579067924080696,0.0014253347760869695,1.0
9.0,0.26835614251835654,176.0,0.005140000441784833,0.35088681663741644,1.0
9.0,0.26835614251835654,177.0,0.036183674631727725,0.013639438491882842,0.0
9.0,0.26835614251835654,178.0,0.06294737964868778,0.008716983459579155,0.0
9.0,0.26835614251835654,179.0,0.03554718153262931,0.04041066280312934,0.0
9.0,0.26835614251835654,180.0,0.00869644828721089,3.7225662136093436,1.0
9.0,0.26835614251835654,181.0,0.04628648041638083,0.007646453879177065,0.0
9.0,0.26835614251835654,182.0,0.007222953896658703,0.06501674462392959,1.0
9.0,0.26835614251835654,183.0,0.028763112570037025,0.010729143130047749,0.0
9.0,0.26835614251835654,184.0,0.01585310046613246,5.43620076058329e-06,1.0
9.0,0.26835614251835654,185.0,0.005596999379602728,0.8414950492500949,1.0
9.0,0.26835614251835654,186.0,0.02848772024828878,0.018920296359459965,0.0
9.0,0.26835614251835654,187.0,0.029422120372496568,1.739554156300209e-06,0.0
9.0,0.26835614251835654,188.0,0.003968963008997903,1.1274626823498124,1.0
9.0,0.26835614251835654,189.0,0.03083056333247391,1.2861409935242728e-05,0.0
9.0,0.26835614251835654,190.0,0.003935908196058877,0.0036161843688685747,1.0
9.0,0.26835614251835654,191.0,0.006685674976359133,0.10160670831152456,1.0
9.0,0.26835614251835654,192.0,0.00620869541011702,0.23450180955167518,1.0
9.0,0.26835614251835654,193.0,0.028859891309576925,0.0033172495445408724,0.0
9.0,0.26835614251835654,194.0,0.015001379898078994,0.9356282588146927,1.0
9.0,0.26835614251835654,195.0,0.006761208387517175,0.014023659657102722,1.0
9.0,0.26835614251835654,196.0,0.0029135742754478324,0.003517307152479335,1.0
9.0,0.26835614251835654,197.0,0.006918492272571165,0.0041497238054457476,1.0
9.0,0.26835614251835654,198.0,0.008653997075328358,0.04384255552505136,1.0
9.0,0.26835614251835654,199.0,0.06024765686081332,0.00016067133586842054,0.0
9.0,0.26835614251835654,200.0,0.06506892530319225,0.0051373511883975025,0.0
9.0,0.26835614251835654,201.0,0.058784125733671234,0.0,0.0
9.0,0.26835614251835654,202.0,0.06119560000475225,0.0,0.0
9.0,0.26835614251835654,203.0,0.00228611053901782,0.07962923979037467,1.0
9.0,0.26835614251835654,204.0,0.059329049509195965,6.164755326095003e-06,0.0
9.0,0.26835614251835654,205.0,0.03863604621980026,0.0,0.0
9.0,0.26835614251835654,206.0,0.00690127870221264,2.3435148861535344,1.0
9.0,0.26835614251835654,207.0,0.030451401909440665,0.0,0.0
9.0,0.26835614251835654,208.0,0.002947809478545324,0.0802427962769101,1.0
9.0,0.26835614251835654,209.0,0.006726045570480502,0.06518023797038357,1.0
9.0,0.26835614251835654,210.0,0.062177726770421216,7.677425157202038e-06,1.0
9.0,0.26835614251835654,211.0,0.015098333981376597,0.14446851716614567,1.0
9.0,0.26835614251835654,212.0,0.008199998748620122,1.5833651548893624,1.0
9.0,0.26835614251835654,213.0,0.059141981940717986,0.0,0.0
9.0,0.26835614251835654,214.0,0.06455291822485915,0.0007079568684957772,0.0
9.0,0.26835614251835654,215.0,0.05880656373816222,0.0002486907592506473,0.0
9.0,0.26835614251835654,216.0,0.006630087056743103,0.00020693156780491045,1.0
9.0,0.26835614251835654,217.0,0.0022152216828153493,2.8432957901832663,1.0
9.0,0.26835614251835654,218.0,0.04652624130800345,0.006496723533831558,0.0
9.0,0.26835614251835654,219.0,0.061803006973799396,0.0,0.0
9.0,0.26835614251835654,220.0,0.04588767511251525,0.002105884468434439,0.0
9.0,0.26835614251835654,221.0,0.0035055961151002754,0.7908155449310698,1.0
9.0,0.26835614251835654,222.0,0.05204993042016606,0.0002456696741638785,0.0
9.0,0.26835614251835654,223.0,0.00729465126724946,0.011574505027177715,1.0
9.0,0.26835614251835654,224.0,0.06147916999752499,1.1657664845106562e-05,0.0
9.0,0.26835614251835654,225.0,0.04525223265505941,0.0,0.0
9.0,0.26835614251835654,226.0,0.004123926941304545,1.2510311850208864,1.0
9.0,0.26835614251835654,227.0,0.035761791079740646,1.3982816545491874e-05,0.0
9.0,0.26835614251835654,228.0,0.0075090180335977376,0.8422385376626257,1.0
9.0,0.26835614251835654,229.0,0.00742153583284046,0.00044451486835302845,1.0
9.0,0.26835614251835654,230.0,0.006796042367477488,0.0004831014315860641,1.0
9.0,0.26835614251835654,231.0,0.04554236319696605,4.229367398038687e-05,0.0
9.0,0.26835614251835654,232.0,0.03740513260793928,0.0,0.0
9.0,0.26835614251835654,233.0,0.06050719446915682,0.0012439932220246366,0.0
9.0,0.26835614251835654,234.0,0.0022890097239598207,4.066310025871422e-05,1.0
9.0,0.26835614251835654,235.0,0.036602304832978105,0.005216309042355714,0.0
9.0,0.26835614251835654,236.0,0.03665993391477937,1.3562389557603787e-05,0.0
9.0,0.26835614251835654,237.0,0.003366241022268001,3.47235068314781,1.0
9.0,0.26835614251835654,238.0,0.0028615261578787774,6.709662070297835e-06,1.0
9.0,0.26835614251835654,239.0,0.06081172082200307,0.0,0.0
9.0,0.26835614251835654,240.0,0.0033017331336795764,0.0028018722383486737,1.0
9.0,0.26835614251835654,241.0,0.029014208796942137,0.0012453178110042073,0.0
9.0,0.26835614251835654,242.0,0.011637730108947801,0.21534989876587382,1.0
9.0,0.26835614251835654,243.0,0.0583535441233271,6.656011294471936e-05,0.0
9.0,0.26835614251835654,244.0,0.060185199103378155,0.0,0.0
9.0,0.26835614251835654,245.0,0.061318088556766265,0.0,0.0
9.0,0.26835614251835654,246.0,0.0589198537212689,8.5524127643445e-06,0.0
9.0,0.26835614251835654,247.0,0.06617882814028139,0.01966300842594146,0.0
9.0,0.26835614251835654,248.0,0.05732962605216467,0.004095292530863513,0.0
9.0,0.26835614251835654,249.0,0.05822481299330999,0.0006389607978818483,0.0
9.0,0.26835614251835654,250.0,0.061062269137340065,0.0,0.0
9.0,0.26835614251835654,251.0,0.058746722962112766,0.02514733551227308,0.0
9.0,0.26835614251835654,252.0,0.0032288381451500174,0.018406034740416993,1.0
9.0,0.26835614251835654,253.0,0.04906711633928276,0.009402216454168947,0.0
9.0,0.26835614251835654,254.0,0.0034324721086156024,0.032775605465758056,1.0
9.0,0.26835614251835654,255.0,0.029789595780026185,0.0,0.0
9.0,0.26835614251835654,256.0,0.061038939865532126,1.0536006040223426e-05,0.0
9.0,0.26835614251835654,257.0,0.005603211726993901,0.10687491942741027,1.0
9.0,0.26835614251835654,258.0,0.02851115785537642,1.782393156186579e-05,0.0
9.0,0.26835614251835654,259.0,0.04547882244974363,2.31019259172956e-06,0.0
9.0,0.26835614251835654,260.0,0.05590787209144599,0.0,0.0
9.0,0.26835614251835654,261.0,0.0020462133287771442,0.0013736664960140724,1.0
9.0,0.26835614251835654,262.0,0.01758247843626628,8.841541737363625e-06,0.0
9.0,0.26835614251835654,263.0,0.006805698481339535,0.01503778950635005,1.0
9.0,0.26835614251835654,264.0,0.028102749690512813,0.0008956146032025601,0.0
9.0,0.26835614251835654,265.0,0.009167431231575663,1.2937114516147703,1.0
9.0,0.26835614251835654,266.0,0.015702859732635122,0.04151251434554858,1.0
9.0,0.26835614251835654,267.0,0.005868903559690272,0.0013398027899911933,1.0
9.0,0.26835614251835654,268.0,0.057444353103195456,7.644735107789346e-05,0.0
9.0,0.26835614251835654,269.0,0.06050583174674058,0.0007642652473222062,0.0
9.0,0.26835614251835654,270.0,0.0039092054124648425,0.005574900151152391,1.0
9.0,0.26835614251835654,271.0,0.03554899764509939,0.00030272602782607593,0.0
9.0,0.26835614251835654,272.0,0.05862568695196979,1.4716572832370332e-05,0.0
9.0,0.26835614251835654,273.0,0.006950414697503987,0.051514249071073354,1.0
9.0,0.26835614251835654,274.0,0.05852694957281525,0.02400736112357388,0.0
9.0,0.26835614251835654,275.0,0.004547300173087775,2.438540871294625,1.0
9.0,0.26835614251835654,276.0,0.0581919718563277,0.00018953712167676844,0.0
9.0,0.26835614251835654,277.0,0.006783349391003493,0.0001470815587996163,1.0
9.0,0.26835614251835654,278.0,0.059610936917569385,0.0,0.0
9.0,0.26835614251835654,279.0,0.027221018234461415,0.00014628425587743417,0.0
9.0,0.26835614251835654,280.0,0.05956596010130651,2.230322847340128e-05,0.0
9.0,0.26835614251835654,281.0,0.02882608113011858,0.0,0.0
9.0,0.26835614251835654,282.0,0.006100178152492926,0.05078008533187352,1.0
9.0,0.26835614251835654,283.0,0.0060969043952633995,3.4222649401775476,1.0
9.0,0.26835614251835654,284.0,0.057000161954158884,0.0,0.0
9.0,0.26835614251835654,285.0,0.04576463228352775,0.0,0.0
9.0,0.26835614251835654,286.0,0.008626118436168497,3.7207560720524864,1.0
9.0,0.26835614251835654,287.0,0.006404017127392019,0.004935586833916875,1.0
9.0,0.26835614251835654,288.0,0.03978940311034742,0.0020669870627775663,0.0
9.0,0.26835614251835654,289.0,0.04588580247980124,7.848596916788484e-06,0.0
9.0,0.26835614251835654,290.0,0.006510941284924858,0.02854574967686356,1.0
9.0,0.26835614251835654,291.0,0.005013553407863421,0.07031249915418553,1.0
9.0,0.26835614251835654,292.0,0.0029852117427937044,0.12099739325591734,1.0
9.0,0.26835614251835654,293.0,0.03016267868720194,0.007417700284862234,0.0
9.0,0.26835614251835654,294.0,0.006780172165758742,0.03990522004078133,1.0
9.0,0.26835614251835654,295.0,0.0655018023742868,2.6972285166847928e-05,0.0
9.0,0.26835614251835654,296.0,0.0590186181699639,5.096235655431166e-06,0.0
9.0,0.26835614251835654,297.0,0.006862196202545623,0.00038515398832525654,1.0
9.0,0.26835614251835654,298.0,0.046276109604384566,1.0798937732289424e-06,0.0
9.0,0.26835614251835654,299.0,0.00403157077452823,1.3936327656580683,1.0
9.0,0.26835614251835654,300.0,0.06088856464623041,0.0,0.0
9.0,0.26835614251835654,301.0,0.04571662802398725,0.0,0.0
9.0,0.26835614251835654,302.0,0.00275690476817557,0.0027115494715453116,1.0
9.0,0.26835614251835654,303.0,0.011463504934938307,0.17874027519944216,1.0
9.0,0.26835614251835654,304.0,0.03815475825250555,0.019075586976454447,0.0
9.0,0.26835614251835654,305.0,0.007582414098067576,0.017629049394794438,1.0
9.0,0.26835614251835654,306.0,0.05248516939543711,0.000331984317535977,0.0
9.0,0.26835614251835654,307.0,0.04639267982940344,0.0,0.0
9.0,0.26835614251835654,308.0,0.005368567568282025,0.5297327148085468,1.0
9.0,0.26835614251835654,309.0,0.003037310259879601,2.0195593319369385,1.0
9.0,0.26835614251835654,310.0,0.03562921286591878,6.9637776121843e-05,0.0
9.0,0.26835614251835654,311.0,0.002524075480296794,0.0013992458495197338,1.0
9.0,0.26835614251835654,312.0,0.056552062229464226,0.0,0.0
9.0,0.26835614251835654,313.0,0.04688133011947195,0.0008178751265499693,0.0
9.0,0.26835614251835654,314.0,0.06048272530221881,0.0,0.0
9.0,0.26835614251835654,315.0,0.016066160611142556,2.330703573862047,1.0
9.0,0.26835614251835654,316.0,0.012521373314902355,0.00550992722460744,1.0
9.0,0.26835614251835654,317.0,0.0032419207351975688,1.1622485009033154e-05,1.0
9.0,0.26835614251835654,318.0,0.004973094994656878,1.9137145151635468,1.0
9.0,0.26835614251835654,319.0,0.03741515857882893,2.198116560694408e-05,0.0
9.0,0.26835614251835654,320.0,0.010843848617117149,0.193614376881962,1.0
9.0,0.26835614251835654,321.0,0.0069180481642290275,0.030107280697070457,1.0
9.0,0.26835614251835654,322.0,0.0354289125403041,0.021390101068506896,0.0
9.0,0.26835614251835654,323.0,0.018679774531454422,0.0,0.0
9.0,0.26835614251835654,324.0,0.04612168646404835,0.0,0.0
9.0,0.26835614251835654,325.0,0.04514627108048816,3.0278946726586926e-06,0.0
9.0,0.26835614251835654,326.0,0.028802032261130078,0.00037084386835109425,0.0
9.0,0.26835614251835654,327.0,0.009288908023336796,0.09428438299522127,1.0
9.0,0.26835614251835654,328.0,0.017801167890100188,0.010736991725653846,0.0
9.0,0.26835614251835654,329.0,0.004304249047064187,0.00438379576129182,1.0
9.0,0.26835614251835654,330.0,0.030215167551467234,0.000371219271007144,0.0
9.0,0.26835614251835654,331.0,0.03876996452288399,0.0,0.0
9.0,0.26835614251835654,332.0,0.01314118592973428,2.1179299949722505,1.0
9.0,0.26835614251835654,333.0,0.007972497081952133,0.0009559639631354994,1.0
9.0,0.26835614251835654,334.0,0.007148826282512968,0.02415931482025663,1.0
9.0,0.26835614251835654,335.0,0.006603777475555085,0.005575035498078892,1.0
9.0,0.26835614251835654,336.0,0.05897314606668918,2.6342892276135525e-06,0.0
9.0,0.26835614251835654,337.0,0.01035829217557055,0.008610893315961857,1.0
9.0,0.26835614251835654,338.0,0.05985931627618294,0.00021418295541641874,0.0
9.0,0.26835614251835654,339.0,0.006235253729182713,0.14602874188722245,1.0
9.0,0.26835614251835654,340.0,0.029957577161668966,0.0,0.0
9.0,0.26835614251835654,341.0,0.037907143682632136,0.0,0.0
9.0,0.26835614251835654,342.0,0.02844913433188545,4.318568290152346e-05,0.0
9.0,0.26835614251835654,343.0,0.06076342711049734,0.0008203834191795536,0.0
9.0,0.26835614251835654,344.0,0.006914820925492621,0.0023583859921881057,1.0
9.0,0.26835614251835654,345.0,0.002922565520116377,0.027358843103135872,1.0
9.0,0.26835614251835654,346.0,0.0035323270796045842,0.003179551132460902,1.0
9.0,0.26835614251835654,347.0,0.04664380776289999,0.0,0.0
9.0,0.26835614251835654,348.0,0.029627905189440695,0.0,0.0
9.0,0.26835614251835654,349.0,0.0590074866824489,0.00018206939264884262,0.0
9.0,0.26835614251835654,350.0,0.030720199020601253,3.99755861872467e-05,0.0
9.0,0.26835614251835654,351.0,0.007374462898373841,4.871773079973303,1.0
9.0,0.26835614251835654,352.0,0.017433734092702435,0.0,0.0
9.0,0.26835614251835654,353.0,0.028259327326430612,0.0010579417316035997,0.0
9.0,0.26835614251835654,354.0,0.0025261120067736243,0.7018041565092221,1.0
9.0,0.26835614251835654,355.0,0.06076518173376272,0.0,0.0
9.0,0.26835614251835654,356.0,0.060479390273568676,0.00041389180193040104,0.0
9.0,0.26835614251835654,357.0,0.006633897127524128,0.0017103776709469964,1.0
9.0,0.26835614251835654,358.0,0.06019153613526548,0.0015315537574022435,0.0
9.0,0.26835614251835654,359.0,0.05956728556766,0.0003934216959962935,0.0
9.0,0.26835614251835654,360.0,0.006724077610543057,0.029392653341259425,1.0
9.0,0.26835614251835654,361.0,0.006908583000441618,0.00924687237370515,1.0
9.0,0.26835614251835654,362.0,0.008769050775186901,4.75728272310357,1.0
9.0,0.26835614251835654,363.0,0.029565851511809783,0.0,0.0
9.0,0.26835614251835654,364.0,0.006715139049944969,0.0020302180306849757,1.0
9.0,0.26835614251835654,365.0,0.0072043269026102735,0.028162055587433003,1.0
9.0,0.26835614251835654,366.0,0.06414670457874387,4.200278035503414e-06,0.0
9.0,0.26835614251835654,367.0,0.027622546157003415,7.782272501599668e-07,0.0
9.0,0.26835614251835654,368.0,0.05993342182899575,0.0030449616524064974,0.0
9.0,0.26835614251835654,369.0,0.03591159525429902,0.0001337274764300494,0.0
9.0,0.26835614251835654,370.0,0.006862759253496682,0.015082492185095312,1.0
9.0,0.26835614251835654,371.0,0.017957412392113348,6.62862784461048e-05,0.0
9.0,0.26835614251835654,372.0,0.012463442931318014,0.09283526124523868,1.0
9.0,0.26835614251835654,373.0,0.013930696997242148,1.8287674043179571,1.0
9.0,0.26835614251835654,374.0,0.05622739448573018,0.0,0.0
9.0,0.26835614251835654,375.0,0.0015257695496393572,0.007609491455303671,1.0
9.0,0.26835614251835654,376.0,0.007831709701129924,1.64332118121163,1.0
9.0,0.26835614251835654,377.0,0.004091369003434791,5.625392300935238,1.0
9.0,0.26835614251835654,378.0,0.030604858267915994,0.0,0.0
9.0,0.26835614251835654,379.0,0.03724088355496383,0.0,0.0
9.0,0.26835614251835654,380.0,0.007381306648813704,0.2857561785205385,1.0
9.0,0.26835614251835654,381.0,0.004118720855698906,2.3563710295971765,1.0
9.0,0.26835614251835654,382.0,0.04678825457710798,0.0,0.0
9.0,0.26835614251835654,383.0,0.006275735304066641,3.7521892004762085,1.0
9.0,0.26835614251835654,384.0,0.013069279145304003,0.00054715624048335,1.0
9.0,0.26835614251835654,385.0,0.04572281523259436,0.006067189742808194,0.0
9.0,0.26835614251835654,386.0,0.007352663328921387,0.1223322440341168,1.0
9.0,0.26835614251835654,387.0,0.014741211338176905,5.30574640240021e-06,1.0
9.0,0.26835614251835654,388.0,0.007696760012179774,0.013490692052862399,1.0
9.0,0.26835614251835654,389.0,0.005431368656252988,1.0959657390073787,1.0
9.0,0.26835614251835654,390.0,0.006048378303072133,0.009220497444185018,1.0
9.0,0.26835614251835654,391.0,0.045964009180825625,0.0,0.0
9.0,0.26835614251835654,392.0,0.047046419654619545,0.0061954189244172635,0.0
9.0,0.26835614251835654,393.0,0.029991212347779992,0.0,0.0
9.0,0.26835614251835654,394.0,0.0037817787050730472,3.1818357162077198,1.0
9.0,0.26835614251835654,395.0,0.028897577054188675,6.904213256665441e-07,0.0
9.0,0.26835614251835654,396.0,0.017262864288980745,0.00044901444691893054,0.0
9.0,0.26835614251835654,397.0,0.004172879719320028,0.2550743861272476,1.0
9.0,0.26835614251835654,398.0,0.003197808509630874,0.10535762071800964,1.0
9.0,0.26835614251835654,399.0,0.007090727893132268,0.0010840522426793524,1.0
9.0,0.33544517814794567,0.0,0.008900304289675386,0.13038192992539524,1.0
9.0,0.33544517814794567,1.0,0.004754977024116581,0.14781418095390192,1.0
9.0,0.33544517814794567,2.0,0.003162718371086456,0.0020096152568775593,1.0
9.0,0.33544517814794567,3.0,0.007158684304574638,0.0009726253582616046,1.0
9.0,0.33544517814794567,4.0,0.04452815301335049,0.0007702864041870717,0.0
9.0,0.33544517814794567,5.0,0.06522254106369933,0.0004857559235545258,0.0
9.0,0.33544517814794567,6.0,0.05885670154909714,0.0,0.0
9.0,0.33544517814794567,7.0,0.059633870067417855,0.0,0.0
9.0,0.33544517814794567,8.0,0.007401115121057367,0.002045787568884842,1.0
9.0,0.33544517814794567,9.0,0.018341558614320855,0.005887426866773747,1.0
9.0,0.33544517814794567,10.0,0.026730499229028645,5.511857207583007,1.0
9.0,0.33544517814794567,11.0,0.006985501655006541,0.8238349282502909,1.0
9.0,0.33544517814794567,12.0,0.05930888217740329,0.0,0.0
9.0,0.33544517814794567,13.0,0.07270239406496262,0.0,0.0
9.0,0.33544517814794567,14.0,0.007384133830919883,0.008027903649328658,1.0
9.0,0.33544517814794567,15.0,0.07235688055020133,0.0,0.0
9.0,0.33544517814794567,16.0,0.08362899952905233,3.239722429136268e-08,0.0
9.0,0.33544517814794567,17.0,0.006742425792160596,0.0010827496422198683,1.0
9.0,0.33544517814794567,18.0,0.0729459011161725,3.554453519376985e-05,0.0
9.0,0.33544517814794567,19.0,0.06780947685600046,0.00012721028312434834,0.0
9.0,0.33544517814794567,20.0,0.006033614439350889,0.21509429346073816,1.0
9.0,0.33544517814794567,21.0,0.0737691964896679,3.255032369210754e-06,0.0
9.0,0.33544517814794567,22.0,0.04633952925385629,0.0,0.0
9.0,0.33544517814794567,23.0,0.07240886426715638,7.962842400538965e-05,0.0
9.0,0.33544517814794567,24.0,0.04760709277413573,0.00027614750845341644,0.0
9.0,0.33544517814794567,25.0,0.04698755640393756,0.017025236069949896,0.0
9.0,0.33544517814794567,26.0,0.04463452582586879,0.00014069217523975618,0.0
9.0,0.33544517814794567,27.0,0.022143630752192715,6.4041898471170065,1.0
9.0,0.33544517814794567,28.0,0.07000116346620391,0.02479603063883946,0.0
9.0,0.33544517814794567,29.0,0.002301607909954627,0.04456731005286526,1.0
9.0,0.33544517814794567,30.0,0.01115775920448511,6.132429045613225e-05,1.0
9.0,0.33544517814794567,31.0,0.06879797763467106,0.010246239242065514,0.0
9.0,0.33544517814794567,32.0,0.006220306671358691,0.0034537920728650658,1.0
9.0,0.33544517814794567,33.0,0.005609296915203343,0.006601244520423441,1.0
9.0,0.33544517814794567,34.0,0.011324190059773566,0.5067836766572342,1.0
9.0,0.33544517814794567,35.0,0.0702048451501083,0.0007703370646338163,0.0
9.0,0.33544517814794567,36.0,0.05943864482537917,0.002371831437592444,0.0
9.0,0.33544517814794567,37.0,0.044293791576557315,0.0006230540745901892,0.0
9.0,0.33544517814794567,38.0,0.04674813338433472,0.6424009381186747,1.0
9.0,0.33544517814794567,39.0,0.057396497119566334,0.02720197050487073,0.0
9.0,0.33544517814794567,40.0,0.05918092085769411,0.0035750193817121814,0.0
9.0,0.33544517814794567,41.0,0.05670095052107107,0.0,0.0
9.0,0.33544517814794567,42.0,0.06469611726979893,0.0015574008087359975,0.0
9.0,0.33544517814794567,43.0,0.05930462577759112,0.01855388454387246,0.0
9.0,0.33544517814794567,44.0,0.006250780308391816,2.0994592240705177,1.0
9.0,0.33544517814794567,45.0,0.06327191877185087,0.0,0.0
9.0,0.33544517814794567,46.0,0.06787120626798787,0.0,0.0
9.0,0.33544517814794567,47.0,0.03505942281058912,10.570922311107566,1.0
9.0,0.33544517814794567,48.0,0.007033868156112294,0.00023198807268104448,1.0
9.0,0.33544517814794567,49.0,0.07902214291565689,0.0028853867832582887,0.0
9.0,0.33544517814794567,50.0,0.010564920773299666,0.340974241428778,1.0
9.0,0.33544517814794567,51.0,0.006056903318863703,1.2666483323385958,1.0
9.0,0.33544517814794567,52.0,0.06948218109789091,0.0017626905737881072,0.0
9.0,0.33544517814794567,53.0,0.008064315550398169,0.006451345755153454,1.0
9.0,0.33544517814794567,54.0,0.006829289092492793,0.7637332972160976,1.0
9.0,0.33544517814794567,55.0,0.012230978617020483,0.16939223029453246,1.0
9.0,0.33544517814794567,56.0,0.006152618106125085,0.0004314565981759039,1.0
9.0,0.33544517814794567,57.0,0.005336792188844962,4.400429014974378,1.0
9.0,0.33544517814794567,58.0,0.06120231833211093,2.630051812441644e-06,0.0
9.0,0.33544517814794567,59.0,0.06703592675094605,0.0,0.0
9.0,0.33544517814794567,60.0,0.07060306911332782,0.0,0.0
9.0,0.33544517814794567,61.0,0.06844269845613588,0.0,0.0
9.0,0.33544517814794567,62.0,0.01628669917382708,0.06755976561798886,1.0
9.0,0.33544517814794567,63.0,0.06315611199500006,0.0,0.0
9.0,0.33544517814794567,64.0,0.06140144863971227,0.002144376456202763,0.0
9.0,0.33544517814794567,65.0,0.047986563841669216,0.000312348594155658,0.0
9.0,0.33544517814794567,66.0,0.05808713076211845,0.021764623755505183,0.0
9.0,0.33544517814794567,67.0,0.007102967466660384,0.05270437690281175,1.0
9.0,0.33544517814794567,68.0,0.06874386166201488,0.0,0.0
9.0,0.33544517814794567,69.0,0.10260305152562324,3.0386187922847914e-05,0.0
9.0,0.33544517814794567,70.0,0.011567952445519687,0.070330098355731,1.0
9.0,0.33544517814794567,71.0,0.0069984249911652745,0.0013649634446142576,1.0
9.0,0.33544517814794567,72.0,0.06069059668954671,0.020543579646743037,0.0
9.0,0.33544517814794567,73.0,0.05619828486161754,2.3090487920403283e-06,0.0
9.0,0.33544517814794567,74.0,0.04732768507402718,0.0,0.0
9.0,0.33544517814794567,75.0,0.007270902079252079,1.5024739118514607,1.0
9.0,0.33544517814794567,76.0,0.00435443066377068,3.2605257091605924,1.0
9.0,0.33544517814794567,77.0,0.05550714145331655,0.004712363455071666,0.0
9.0,0.33544517814794567,78.0,0.047579303585588414,0.0,0.0
9.0,0.33544517814794567,79.0,0.059371584135639685,0.0,0.0
9.0,0.33544517814794567,80.0,0.06907154489919243,0.0,0.0
9.0,0.33544517814794567,81.0,0.04718602176220402,0.0009477448877710443,0.0
9.0,0.33544517814794567,82.0,0.006808545859480822,0.020598102758839842,1.0
9.0,0.33544517814794567,83.0,0.009333032484612501,0.17632283151354775,1.0
9.0,0.33544517814794567,84.0,0.02887417022207294,3.5155206306175875,1.0
9.0,0.33544517814794567,85.0,0.06990375844516418,0.0004453814200628041,0.0
9.0,0.33544517814794567,86.0,0.009414509036014932,0.03137593939184441,1.0
9.0,0.33544517814794567,87.0,0.04823789463693143,0.002519458892975029,0.0
9.0,0.33544517814794567,88.0,0.05927260595555216,0.0017425302356058262,0.0
9.0,0.33544517814794567,89.0,0.002974862506949613,1.7940086411607827,1.0
9.0,0.33544517814794567,90.0,0.0027326348622719494,0.004128700829429785,1.0
9.0,0.33544517814794567,91.0,0.006586552710369685,0.0048064658054513725,1.0
9.0,0.33544517814794567,92.0,0.005716951736783773,0.3939241473741906,1.0
9.0,0.33544517814794567,93.0,0.046965122762379546,0.001401786447686652,0.0
9.0,0.33544517814794567,94.0,0.005512785237433146,0.000796974514052612,1.0
9.0,0.33544517814794567,95.0,0.0701761729592475,0.01957131515788529,0.0
9.0,0.33544517814794567,96.0,0.06743903552842895,0.02386770384544547,0.0
9.0,0.33544517814794567,97.0,0.06865969771583978,5.96465562122663e-05,0.0
9.0,0.33544517814794567,98.0,0.04664886831369873,0.002035056745705254,0.0
9.0,0.33544517814794567,99.0,0.06107895055492738,0.020307264866932885,0.0
9.0,0.33544517814794567,100.0,0.01590198448339149,0.013000144594281554,1.0
9.0,0.33544517814794567,101.0,0.006842617595740003,0.012046606900989612,1.0
9.0,0.33544517814794567,102.0,0.056299231311161074,0.0006329585184482423,0.0
9.0,0.33544517814794567,103.0,0.059219150520174624,0.0010980362912088497,0.0
9.0,0.33544517814794567,104.0,0.0025089631445927834,0.0012244775463282381,1.0
9.0,0.33544517814794567,105.0,0.048908022092901016,0.0,0.0
9.0,0.33544517814794567,106.0,0.027258721008891037,5.205731581425272,1.0
9.0,0.33544517814794567,107.0,0.07063819651574686,0.0,0.0
9.0,0.33544517814794567,108.0,0.0601768638761226,0.009006509895676341,0.0
9.0,0.33544517814794567,109.0,0.05844219737655004,0.0,0.0
9.0,0.33544517814794567,110.0,0.041205398299564225,6.548536062607412e-05,0.0
9.0,0.33544517814794567,111.0,0.009337039497438837,1.518648373608866,1.0
9.0,0.33544517814794567,112.0,0.007224339104064329,0.0011974327887844533,1.0
9.0,0.33544517814794567,113.0,0.07138656446379918,0.008909520586199093,0.0
9.0,0.33544517814794567,114.0,0.011913648546152091,0.17784051878036636,1.0
9.0,0.33544517814794567,115.0,0.013292284115075458,0.01289631217254881,1.0
9.0,0.33544517814794567,116.0,0.04647705840561206,0.0,0.0
9.0,0.33544517814794567,117.0,0.06119496990927217,0.0,0.0
9.0,0.33544517814794567,118.0,0.059285614984652235,0.021938993637288417,0.0
9.0,0.33544517814794567,119.0,0.006864532202837087,0.0018090566349754011,1.0
9.0,0.33544517814794567,120.0,0.0075761720090118554,0.1475229626354564,1.0
9.0,0.33544517814794567,121.0,0.059326773094074164,0.03970265101257223,0.0
9.0,0.33544517814794567,122.0,0.011716032558438883,1.2319867851490458,1.0
9.0,0.33544517814794567,123.0,0.007516459479516773,0.3136865285100821,1.0
9.0,0.33544517814794567,124.0,0.004657855666952503,0.0026803484462865784,1.0
9.0,0.33544517814794567,125.0,0.007409372681744375,0.00021419947093642667,1.0
9.0,0.33544517814794567,126.0,0.011430288162313108,1.1724676205638995,1.0
9.0,0.33544517814794567,127.0,0.07010904522418138,0.01985022883399076,0.0
9.0,0.33544517814794567,128.0,0.006939654840030509,0.8862375182042176,1.0
9.0,0.33544517814794567,129.0,0.009045605826248122,0.004768482230638123,1.0
9.0,0.33544517814794567,130.0,0.010129798588611147,0.0750665481604791,1.0
9.0,0.33544517814794567,131.0,0.007608827275841094,0.042420319576322425,1.0
9.0,0.33544517814794567,132.0,0.05900545275401747,0.0,0.0
9.0,0.33544517814794567,133.0,0.00852984557799509,1.7321240944066674,1.0
9.0,0.33544517814794567,134.0,0.055660955190966525,2.639363595779926e-05,0.0
9.0,0.33544517814794567,135.0,0.006163782993381469,0.14376414115657826,1.0
9.0,0.33544517814794567,136.0,0.011962809643332345,5.314932826419088,1.0
9.0,0.33544517814794567,137.0,0.007329410534200258,0.00885713015460504,1.0
9.0,0.33544517814794567,138.0,0.07127127192348522,0.019655709646715862,0.0
9.0,0.33544517814794567,139.0,0.048211106771106085,0.0,0.0
9.0,0.33544517814794567,140.0,0.011355931213731518,0.29737056964116976,1.0
9.0,0.33544517814794567,141.0,0.057748863038948606,0.002618551452734316,0.0
9.0,0.33544517814794567,142.0,0.047123571115890564,0.0009370623491283332,0.0
9.0,0.33544517814794567,143.0,0.007213651672964239,0.007989562866527192,1.0
9.0,0.33544517814794567,144.0,0.010942183747908167,0.16751283118532953,1.0
9.0,0.33544517814794567,145.0,0.04534408364837296,0.0004974064785398641,0.0
9.0,0.33544517814794567,146.0,0.05739919986976701,0.003401862015562434,0.0
9.0,0.33544517814794567,147.0,0.06921899220730907,0.00039554601338309594,0.0
9.0,0.33544517814794567,148.0,0.009185494329564734,2.305970530006471,1.0
9.0,0.33544517814794567,149.0,0.0056060424764087305,0.08696996189179845,1.0
9.0,0.33544517814794567,150.0,0.05825053023493354,0.001221140938859436,0.0
9.0,0.33544517814794567,151.0,0.00689994129855402,0.024973217638399967,1.0
9.0,0.33544517814794567,152.0,0.05694882369696179,0.0005605921639851579,0.0
9.0,0.33544517814794567,153.0,0.06967235314374315,0.0,0.0
9.0,0.33544517814794567,154.0,0.06935223095778359,0.0008152121874461845,0.0
9.0,0.33544517814794567,155.0,0.05895998341994024,0.0038212093359606993,0.0
9.0,0.33544517814794567,156.0,0.014359448849229966,0.0015117789094805942,1.0
9.0,0.33544517814794567,157.0,0.04848400960890091,0.0,0.0
9.0,0.33544517814794567,158.0,0.055175482339249536,0.0010359722299954708,0.0
9.0,0.33544517814794567,159.0,0.09086008320376926,0.01897494046226047,0.0
9.0,0.33544517814794567,160.0,0.006476124975549217,1.1414301858452531,1.0
9.0,0.33544517814794567,161.0,0.0716977157569195,0.0,0.0
9.0,0.33544517814794567,162.0,0.0070453940952504325,0.7324165817460476,1.0
9.0,0.33544517814794567,163.0,0.006609180148960563,0.005900075007000895,1.0
9.0,0.33544517814794567,164.0,0.07170436850176183,0.01908924498735415,0.0
9.0,0.33544517814794567,165.0,0.06705196028767524,5.204595214592649e-05,0.0
9.0,0.33544517814794567,166.0,0.06580156824806913,2.587685550723564e-05,0.0
9.0,0.33544517814794567,167.0,0.006836305455618831,0.0035360445866798344,1.0
9.0,0.33544517814794567,168.0,0.04817097741803625,0.0,0.0
9.0,0.33544517814794567,169.0,0.04532619141058698,2.3189473602196083e-05,0.0
9.0,0.33544517814794567,170.0,0.043541335595905804,0.021390441786252552,0.0
9.0,0.33544517814794567,171.0,0.003337614920656636,0.09242293353296187,1.0
9.0,0.33544517814794567,172.0,0.005517346618444708,0.2406785605305278,1.0
9.0,0.33544517814794567,173.0,0.0036614867953856855,0.018789190179513263,1.0
9.0,0.33544517814794567,174.0,0.04744083536512858,0.023770819835026723,0.0
9.0,0.33544517814794567,175.0,0.005372552018728721,0.0012260684850241277,1.0
9.0,0.33544517814794567,176.0,0.005355402359133333,0.29660131045944504,1.0
9.0,0.33544517814794567,177.0,0.0453258583642594,0.013639361081581237,0.0
9.0,0.33544517814794567,178.0,0.07524370848376846,0.00757195629918626,0.0
9.0,0.33544517814794567,179.0,0.044591060274988686,0.033036354038921696,0.0
9.0,0.33544517814794567,180.0,0.00869644828721089,3.7225662136093436,1.0
9.0,0.33544517814794567,181.0,0.05725320602301106,0.007272250122608551,0.0
9.0,0.33544517814794567,182.0,0.006582629028952589,0.04272479106408144,1.0
9.0,0.33544517814794567,183.0,0.0459560644324294,0.010597264767612245,0.0
9.0,0.33544517814794567,184.0,0.01585310046613246,5.43620076058329e-06,1.0
9.0,0.33544517814794567,185.0,0.01191783583010262,0.6217000406090405,1.0
9.0,0.33544517814794567,186.0,0.04595699592606908,0.018916115623753338,0.0
9.0,0.33544517814794567,187.0,0.04729984392989872,1.6310867262505797e-06,0.0
9.0,0.33544517814794567,188.0,0.0064086799665853175,0.8935759913658768,1.0
9.0,0.33544517814794567,189.0,0.04931539419690512,1.2724225482799028e-05,0.0
9.0,0.33544517814794567,190.0,0.005331348392499863,0.0035488210784710645,1.0
9.0,0.33544517814794567,191.0,0.006788377684451404,0.18601659468155488,1.0
9.0,0.33544517814794567,192.0,0.007240270684739488,0.3005137188425716,1.0
9.0,0.33544517814794567,193.0,0.05742285589978736,0.0017267038462999912,0.0
9.0,0.33544517814794567,194.0,0.016803963466283975,1.2796360417293924,1.0
9.0,0.33544517814794567,195.0,0.007020134881038534,0.012744706917872628,1.0
9.0,0.33544517814794567,196.0,0.0061193135667020355,0.0024022649963706577,1.0
9.0,0.33544517814794567,197.0,0.006363354624615653,0.0045326778154456075,1.0
9.0,0.33544517814794567,198.0,0.006303658560999335,0.03502508435167828,1.0
9.0,0.33544517814794567,199.0,0.06024765686081332,0.00016067133586842054,0.0
9.0,0.33544517814794567,200.0,0.06506892530319225,0.0051373511883975025,0.0
9.0,0.33544517814794567,201.0,0.06958234406384564,0.0,0.0
9.0,0.33544517814794567,202.0,0.07218981939796039,0.0,0.0
9.0,0.33544517814794567,203.0,0.006164353777164174,0.1103645053825622,1.0
9.0,0.33544517814794567,204.0,0.07051996700283084,5.74193057619376e-06,0.0
9.0,0.33544517814794567,205.0,0.04806508803075325,0.0,0.0
9.0,0.33544517814794567,206.0,0.007235502246695072,2.3432739215831533,1.0
9.0,0.33544517814794567,207.0,0.04832957807776554,0.0,0.0
9.0,0.33544517814794567,208.0,0.00472388766925198,0.08363839683895659,1.0
9.0,0.33544517814794567,209.0,0.00617630789641749,0.056398887413041346,1.0
9.0,0.33544517814794567,210.0,0.062177726770421216,7.677425157202038e-06,1.0
9.0,0.33544517814794567,211.0,0.07091535805041596,0.09887643402373901,0.0
9.0,0.33544517814794567,212.0,0.006446124777043869,1.119519197138967,1.0
9.0,0.33544517814794567,213.0,0.07050803203316101,0.0,0.0
9.0,0.33544517814794567,214.0,0.06455291822485915,0.0007079568684957772,0.0
9.0,0.33544517814794567,215.0,0.05880656373816222,0.0002486907592506473,0.0
9.0,0.33544517814794567,216.0,0.0062521473172451845,0.00023664802752674602,1.0
9.0,0.33544517814794567,217.0,0.0035140775171762645,2.0094719304920505,1.0
9.0,0.33544517814794567,218.0,0.05737510618168412,0.005153093214036966,0.0
9.0,0.33544517814794567,219.0,0.061803006973799396,0.0,0.0
9.0,0.33544517814794567,220.0,0.05642338468793927,0.002100437454808904,0.0
9.0,0.33544517814794567,221.0,0.0052297159362358105,0.868068484269902,1.0
9.0,0.33544517814794567,222.0,0.06312733438681806,0.00023501639405980361,0.0
9.0,0.33544517814794567,223.0,0.006118940965103405,0.015316113397695863,1.0
9.0,0.33544517814794567,224.0,0.06147916999752499,1.1657664845106562e-05,0.0
9.0,0.33544517814794567,225.0,0.05586721756655795,0.0,0.0
9.0,0.33544517814794567,226.0,0.005077238035971359,1.190190586690735,1.0
9.0,0.33544517814794567,227.0,0.0449031823370864,1.3496309261478108e-05,0.0
9.0,0.33544517814794567,228.0,0.0075090180335977376,0.8422385376626257,1.0
9.0,0.33544517814794567,229.0,0.06826402983985964,8.213765116216079e-05,0.0
9.0,0.33544517814794567,230.0,0.006741612843916939,0.0004074664584274005,1.0
9.0,0.33544517814794567,231.0,0.056102924743500024,4.228413119028083e-05,0.0
9.0,0.33544517814794567,232.0,0.04652333620244198,0.0,0.0
9.0,0.33544517814794567,233.0,0.07140172682134975,0.001239201910718487,0.0
9.0,0.33544517814794567,234.0,0.00486351157416669,3.1683768141397435e-05,1.0
9.0,0.33544517814794567,235.0,0.0458925910643706,0.005108029895070453,0.0
9.0,0.33544517814794567,236.0,0.04583859063425712,1.257684167407359e-05,0.0
9.0,0.33544517814794567,237.0,0.006564004382063121,4.878098996060628,1.0
9.0,0.33544517814794567,238.0,0.005547966729096213,5.964885226312832e-06,1.0
9.0,0.33544517814794567,239.0,0.07226162422888148,0.0,0.0
9.0,0.33544517814794567,240.0,0.010947138455783807,0.06893179079927833,1.0
9.0,0.33544517814794567,241.0,0.046440712848007756,0.0012247972331119086,0.0
9.0,0.33544517814794567,242.0,0.011637730108947801,0.21534989876587382,1.0
9.0,0.33544517814794567,243.0,0.06925001332794978,6.559660056142596e-05,0.0
9.0,0.33544517814794567,244.0,0.07107628147938674,0.0,0.0
9.0,0.33544517814794567,245.0,0.061318088556766265,0.0,0.0
9.0,0.33544517814794567,246.0,0.07064378462848458,8.546545256435491e-06,0.0
9.0,0.33544517814794567,247.0,0.06617882814028139,0.01966300842594146,0.0
9.0,0.33544517814794567,248.0,0.06859489037396228,0.00404394180762031,0.0
9.0,0.33544517814794567,249.0,0.0691578522880307,0.0005475220669704775,0.0
9.0,0.33544517814794567,250.0,0.0721539415525391,0.0,0.0
9.0,0.33544517814794567,251.0,0.058746722962112766,0.02514733551227308,0.0
9.0,0.33544517814794567,252.0,0.0034959793996627367,0.014566248478521249,1.0
9.0,0.33544517814794567,253.0,0.059462389303801204,0.009397914319159808,0.0
9.0,0.33544517814794567,254.0,0.0434883407515093,0.028781362312090546,0.0
9.0,0.33544517814794567,255.0,0.047253472715868536,0.0,0.0
9.0,0.33544517814794567,256.0,0.07258509936967567,9.114596581874689e-06,0.0
9.0,0.33544517814794567,257.0,0.006355722050929595,0.08626178416997622,1.0
9.0,0.33544517814794567,258.0,0.05634689839262636,1.7127864926920284e-05,0.0
9.0,0.33544517814794567,259.0,0.05575567680555946,2.3035685737583114e-06,0.0
9.0,0.33544517814794567,260.0,0.06733984805215013,0.0,0.0
9.0,0.33544517814794567,261.0,0.05844722506993319,1.403173469958696e-05,0.0
9.0,0.33544517814794567,262.0,0.06996236676709322,8.85219033929891e-06,0.0
9.0,0.33544517814794567,263.0,0.006805698481339535,0.01503778950635005,1.0
9.0,0.33544517814794567,264.0,0.045448186261360046,0.0008889690728288158,0.0
9.0,0.33544517814794567,265.0,0.010434580846481554,1.6564472631921563,1.0
9.0,0.33544517814794567,266.0,0.015702859732635122,0.04151251434554858,1.0
9.0,0.33544517814794567,267.0,0.00722314675983629,0.0011249923851570202,1.0
9.0,0.33544517814794567,268.0,0.057444353103195456,7.644735107789346e-05,0.0
9.0,0.33544517814794567,269.0,0.06050583174674058,0.0007642652473222062,0.0
9.0,0.33544517814794567,270.0,0.006348205944274974,0.0038828270986044577,1.0
9.0,0.33544517814794567,271.0,0.04463261494081695,0.0002553515173915944,0.0
9.0,0.33544517814794567,272.0,0.05862568695196979,1.4716572832370332e-05,0.0
9.0,0.33544517814794567,273.0,0.006950414697503987,0.051514249071073354,1.0
9.0,0.33544517814794567,274.0,0.06950224130073158,0.023982252611891908,0.0
9.0,0.33544517814794567,275.0,0.009103465602802908,1.8585913858542245,1.0
9.0,0.33544517814794567,276.0,0.0695982596642871,0.00018924539275524236,0.0
9.0,0.33544517814794567,277.0,0.006783349391003493,0.0001470815587996163,1.0
9.0,0.33544517814794567,278.0,0.07129003976744361,0.0,0.0
9.0,0.33544517814794567,279.0,0.044092414700070734,9.693300791128089e-05,0.0
9.0,0.33544517814794567,280.0,0.05956596010130651,2.230322847340128e-05,0.0
9.0,0.33544517814794567,281.0,0.04600831377065186,0.0,0.0
9.0,0.33544517814794567,282.0,0.006100178152492926,0.05078008533187352,1.0
9.0,0.33544517814794567,283.0,0.00712540915466323,1.7838679033661031,1.0
9.0,0.33544517814794567,284.0,0.057000161954158884,0.0,0.0
9.0,0.33544517814794567,285.0,0.05630277459272758,0.0,0.0
9.0,0.33544517814794567,286.0,0.008626118436168497,3.7207560720524864,1.0
9.0,0.33544517814794567,287.0,0.006539969875855562,0.005403753655174818,1.0
9.0,0.33544517814794567,288.0,0.048705992484542576,0.0020668728645958476,0.0
9.0,0.33544517814794567,289.0,0.05628589506426927,7.84632305335918e-06,0.0
9.0,0.33544517814794567,290.0,0.00727974716477151,0.02558594200107033,1.0
9.0,0.33544517814794567,291.0,0.008862672418959897,0.07867504483362006,1.0
9.0,0.33544517814794567,292.0,0.005231974375593393,0.1251432908320023,1.0
9.0,0.33544517814794567,293.0,0.0480886569936511,0.007408894850565823,0.0
9.0,0.33544517814794567,294.0,0.006277825275037564,0.0398431777620035,1.0
9.0,0.33544517814794567,295.0,0.0655018023742868,2.6972285166847928e-05,0.0
9.0,0.33544517814794567,296.0,0.0590186181699639,5.096235655431166e-06,0.0
9.0,0.33544517814794567,297.0,0.006429277898989012,0.0003353941895218087,1.0
9.0,0.33544517814794567,298.0,0.05687879704444532,1.0778663276895359e-06,0.0
9.0,0.33544517814794567,299.0,0.004218055390097999,3.7460767820266025,1.0
9.0,0.33544517814794567,300.0,0.07170703665767197,0.0,0.0
9.0,0.33544517814794567,301.0,0.05615658342656488,0.0,0.0
9.0,0.33544517814794567,302.0,0.002828711967278598,0.002072834398774902,1.0
9.0,0.33544517814794567,303.0,0.011463504934938307,0.17874027519944216,1.0
9.0,0.33544517814794567,304.0,0.04785176562222521,0.019058573307351608,0.0
9.0,0.33544517814794567,305.0,0.048639863138233874,0.0007239605551998257,0.0
9.0,0.33544517814794567,306.0,0.06260671513006298,0.00033193119930009427,0.0
9.0,0.33544517814794567,307.0,0.05661482527983147,0.0,0.0
9.0,0.33544517814794567,308.0,0.0068485822128157275,0.971724225599395,1.0
9.0,0.33544517814794567,309.0,0.004256605604040356,1.5754207627444647,1.0
9.0,0.33544517814794567,310.0,0.04470574505230286,6.890697942142059e-05,0.0
9.0,0.33544517814794567,311.0,0.002362845592948194,0.0009473802961663925,1.0
9.0,0.33544517814794567,312.0,0.0677037312419788,0.0,0.0
9.0,0.33544517814794567,313.0,0.05780047383710802,0.0008161289862999411,0.0
9.0,0.33544517814794567,314.0,0.07240312454742044,0.0,0.0
9.0,0.33544517814794567,315.0,0.023940484036688782,2.5257452466206964,1.0
9.0,0.33544517814794567,316.0,0.0068234424977560845,0.014837814485380442,1.0
9.0,0.33544517814794567,317.0,0.005892373611788312,4.171794027258064e-06,1.0
9.0,0.33544517814794567,318.0,0.0049974811107840085,2.00894404778789,1.0
9.0,0.33544517814794567,319.0,0.04690657745359303,2.1661022142072746e-05,0.0
9.0,0.33544517814794567,320.0,0.011964256754184981,0.15300573102286094,1.0
9.0,0.33544517814794567,321.0,0.07105425251391928,0.009909748349725979,0.0
9.0,0.33544517814794567,322.0,0.04446678857536468,0.02090573563531965,0.0
9.0,0.33544517814794567,323.0,0.07189327077498045,0.0,0.0
9.0,0.33544517814794567,324.0,0.056348265804323505,0.0,0.0
9.0,0.33544517814794567,325.0,0.05570049648587716,2.9066784903926016e-06,0.0
9.0,0.33544517814794567,326.0,0.04654009821145155,0.00037066691012557643,0.0
9.0,0.33544517814794567,327.0,0.005574981006595883,0.29290974098327954,1.0
9.0,0.33544517814794567,328.0,0.06902758277475156,0.010365238443221677,0.0
9.0,0.33544517814794567,329.0,0.0061075747427405905,0.0026806026905608705,1.0
9.0,0.33544517814794567,330.0,0.04807516805892423,0.00036401262852317034,0.0
9.0,0.33544517814794567,331.0,0.04828727672973799,0.0,0.0
9.0,0.33544517814794567,332.0,0.021000251352170107,2.3148068030632705,1.0
9.0,0.33544517814794567,333.0,0.07024389130639003,2.4799169689795934e-05,0.0
9.0,0.33544517814794567,334.0,0.007143223686168995,0.020998902844571198,1.0
9.0,0.33544517814794567,335.0,0.006887415344659547,0.005019883079715076,1.0
9.0,0.33544517814794567,336.0,0.06983754117583957,2.6342679255755618e-06,0.0
9.0,0.33544517814794567,337.0,0.014764610893197055,0.010017761681121892,1.0
9.0,0.33544517814794567,338.0,0.07075939067098722,0.00021404106352665024,0.0
9.0,0.33544517814794567,339.0,0.006235253729182713,0.14602874188722245,1.0
9.0,0.33544517814794567,340.0,0.047368657098220766,0.0,0.0
9.0,0.33544517814794567,341.0,0.04732815010188425,0.0,0.0
9.0,0.33544517814794567,342.0,0.04542600141088786,4.317994506203257e-05,0.0
9.0,0.33544517814794567,343.0,0.06076342711049734,0.0008203834191795536,0.0
9.0,0.33544517814794567,344.0,0.006914820925492621,0.0023583859921881057,1.0
9.0,0.33544517814794567,345.0,0.00837617038923647,0.025804562789898865,1.0
9.0,0.33544517814794567,346.0,0.0045842162112699585,0.0032253799258724143,1.0
9.0,0.33544517814794567,347.0,0.057167809511809414,0.0,0.0
9.0,0.33544517814794567,348.0,0.047943410317328156,0.0,0.0
9.0,0.33544517814794567,349.0,0.07079889937709388,0.0001730808183271994,0.0
9.0,0.33544517814794567,350.0,0.059576638680779156,3.996015811748169e-05,0.0
9.0,0.33544517814794567,351.0,0.00797478102528413,5.540226354596936,1.0
9.0,0.33544517814794567,352.0,0.06912160444028867,0.0,0.0
9.0,0.33544517814794567,353.0,0.056396052862416064,0.0010417787930373029,0.0
9.0,0.33544517814794567,354.0,0.043934461021919,0.018723001115970254,0.0
9.0,0.33544517814794567,355.0,0.06076518173376272,0.0,0.0
9.0,0.33544517814794567,356.0,0.07271955131948121,0.0004131670805227385,0.0
9.0,0.33544517814794567,357.0,0.006633897127524128,0.0017103776709469964,1.0
9.0,0.33544517814794567,358.0,0.06019153613526548,0.0015315537574022435,0.0
9.0,0.33544517814794567,359.0,0.07044367271003699,0.00036806283346349337,0.0
9.0,0.33544517814794567,360.0,0.006724077610543057,0.029392653341259425,1.0
9.0,0.33544517814794567,361.0,0.006908583000441618,0.00924687237370515,1.0
9.0,0.33544517814794567,362.0,0.012593371875744809,5.64258020338016,1.0
9.0,0.33544517814794567,363.0,0.047392815809372615,0.0,0.0
9.0,0.33544517814794567,364.0,0.007457369874358654,0.0018703292448259085,1.0
9.0,0.33544517814794567,365.0,0.007127270103024989,0.031805318642731895,1.0
9.0,0.33544517814794567,366.0,0.06414670457874387,4.200278035503414e-06,0.0
9.0,0.33544517814794567,367.0,0.04453849883006416,7.774143439049939e-07,0.0
9.0,0.33544517814794567,368.0,0.05993342182899575,0.0030449616524064974,0.0
9.0,0.33544517814794567,369.0,0.04498377867196026,0.00013346969751813135,0.0
9.0,0.33544517814794567,370.0,0.006862759253496682,0.015082492185095312,1.0
9.0,0.33544517814794567,371.0,0.06984611498293433,6.0679534174710324e-05,0.0
9.0,0.33544517814794567,372.0,0.012463442931318014,0.09283526124523868,1.0
9.0,0.33544517814794567,373.0,0.013930696997242148,1.8287674043179571,1.0
9.0,0.33544517814794567,374.0,0.06748216990312692,0.0,0.0
9.0,0.33544517814794567,375.0,0.0021820320570227524,0.006810504443862215,1.0
9.0,0.33544517814794567,376.0,0.007831709701129924,1.64332118121163,1.0
9.0,0.33544517814794567,377.0,0.007412997739778306,5.278564905741535,1.0
9.0,0.33544517814794567,378.0,0.060003207481320125,0.0,0.0
9.0,0.33544517814794567,379.0,0.04644275678662679,0.0,0.0
9.0,0.33544517814794567,380.0,0.007381306648813704,0.2857561785205385,1.0
9.0,0.33544517814794567,381.0,0.002536036283222846,2.5619464938786214,1.0
9.0,0.33544517814794567,382.0,0.057705686658221164,0.0,0.0
9.0,0.33544517814794567,383.0,0.05690535056561952,0.021891214988601023,0.0
9.0,0.33544517814794567,384.0,0.017708812149976237,0.0005381921471360694,1.0
9.0,0.33544517814794567,385.0,0.07333295834074348,0.005852730625181784,0.0
9.0,0.33544517814794567,386.0,0.007352663328921387,0.1223322440341168,1.0
9.0,0.33544517814794567,387.0,0.014741211338176905,5.30574640240021e-06,1.0
9.0,0.33544517814794567,388.0,0.011274664799998252,0.01661380769789745,1.0
9.0,0.33544517814794567,389.0,0.07034667009126672,0.028291026554206625,0.0
9.0,0.33544517814794567,390.0,0.008041698789445046,0.00916351107336511,1.0
9.0,0.33544517814794567,391.0,0.056736048930208394,0.0,0.0
9.0,0.33544517814794567,392.0,0.05770246953645776,0.006155379299511745,0.0
9.0,0.33544517814794567,393.0,0.05897842763120405,0.0,0.0
9.0,0.33544517814794567,394.0,0.006273478267283357,2.0406168803370326,1.0
9.0,0.33544517814794567,395.0,0.04640910577430844,6.241429613953577e-07,0.0
9.0,0.33544517814794567,396.0,0.06953940903919513,0.00044860786194486754,0.0
9.0,0.33544517814794567,397.0,0.01388887187851905,0.16281447315492595,1.0
9.0,0.33544517814794567,398.0,0.004242074729588666,0.11889396564401916,1.0
9.0,0.33544517814794567,399.0,0.007090727893132268,0.0010840522426793524,1.0
9.0,0.40253421377753484,0.0,0.008900304289675386,0.13038192992539524,1.0
9.0,0.40253421377753484,1.0,0.005678582601123074,0.542789314459945,1.0
9.0,0.40253421377753484,2.0,0.003514723102100433,0.0018584674560330396,1.0
9.0,0.40253421377753484,3.0,0.007158684304574638,0.0009726253582616046,1.0
9.0,0.40253421377753484,4.0,0.04452815301335049,0.0007702864041870717,0.0
9.0,0.40253421377753484,5.0,0.2572202273694668,0.0004555073046468484,0.0
9.0,0.40253421377753484,6.0,0.05885670154909714,0.0,0.0
9.0,0.40253421377753484,7.0,0.07091330921868792,0.0,0.0
9.0,0.40253421377753484,8.0,0.0063728367157126235,0.0015612911725343185,1.0
9.0,0.40253421377753484,9.0,0.018341558614320855,0.005887426866773747,1.0
9.0,0.40253421377753484,10.0,0.026730499229028645,5.511857207583007,1.0
9.0,0.40253421377753484,11.0,0.006985501655006541,0.8238349282502909,1.0
9.0,0.40253421377753484,12.0,0.05930888217740329,0.0,0.0
9.0,0.40253421377753484,13.0,0.07270239406496262,0.0,0.0
9.0,0.40253421377753484,14.0,0.006943527783018137,0.007467556385557091,1.0
9.0,0.40253421377753484,15.0,0.07235688055020133,0.0,0.0
9.0,0.40253421377753484,16.0,0.0979646777560641,3.234120554199723e-08,0.0
9.0,0.40253421377753484,17.0,0.006535447517253281,0.001142580559496858,1.0
9.0,0.40253421377753484,18.0,0.0729459011161725,3.554453519376985e-05,0.0
9.0,0.40253421377753484,19.0,0.06780947685600046,0.00012721028312434834,0.0
9.0,0.40253421377753484,20.0,0.006033614439350889,0.21509429346073816,1.0
9.0,0.40253421377753484,21.0,0.0737691964896679,3.255032369210754e-06,0.0
9.0,0.40253421377753484,22.0,0.05719945929550544,0.0,0.0
9.0,0.40253421377753484,23.0,0.07240886426715638,7.962842400538965e-05,0.0
9.0,0.40253421377753484,24.0,0.04760709277413573,0.00027614750845341644,0.0
9.0,0.40253421377753484,25.0,0.04698755640393756,0.017025236069949896,0.0
9.0,0.40253421377753484,26.0,0.04463452582586879,0.00014069217523975618,0.0
9.0,0.40253421377753484,27.0,0.022143630752192715,6.4041898471170065,1.0
9.0,0.40253421377753484,28.0,0.07000116346620391,0.02479603063883946,0.0
9.0,0.40253421377753484,29.0,0.0027487065273559927,0.0073650042427208535,1.0
9.0,0.40253421377753484,30.0,0.01158755815154544,0.00010013189173168026,1.0
9.0,0.40253421377753484,31.0,0.12043680161060302,0.01024370129761781,0.0
9.0,0.40253421377753484,32.0,0.006220306671358691,0.0034537920728650658,1.0
9.0,0.40253421377753484,33.0,0.005724612656343459,0.005899829403765404,1.0
9.0,0.40253421377753484,34.0,0.011324190059773566,0.5067836766572342,1.0
9.0,0.40253421377753484,35.0,0.0702048451501083,0.0007703370646338163,0.0
9.0,0.40253421377753484,36.0,0.07033656720049551,0.00237177807324274,0.0
9.0,0.40253421377753484,37.0,0.05488236360750462,0.0006204938982546232,0.0
9.0,0.40253421377753484,38.0,0.05565685738362585,0.6424009381186747,1.0
9.0,0.40253421377753484,39.0,0.057396497119566334,0.02720197050487073,0.0
9.0,0.40253421377753484,40.0,0.0702976357133295,0.003568351506154063,0.0
9.0,0.40253421377753484,41.0,0.05670095052107107,0.0,0.0
9.0,0.40253421377753484,42.0,0.06469611726979893,0.0015574008087359975,0.0
9.0,0.40253421377753484,43.0,0.05930462577759112,0.01855388454387246,0.0
9.0,0.40253421377753484,44.0,0.006250780308391816,2.0994592240705177,1.0
9.0,0.40253421377753484,45.0,0.07569274189162326,0.0,0.0
9.0,0.40253421377753484,46.0,0.12397109374666285,0.0,0.0
9.0,0.40253421377753484,47.0,0.04407519538029468,12.024199792375233,1.0
9.0,0.40253421377753484,48.0,0.006912119197659632,0.00019614652332458765,1.0
9.0,0.40253421377753484,49.0,0.09037111718977218,0.002807954845706419,0.0
9.0,0.40253421377753484,50.0,0.010564920773299666,0.340974241428778,1.0
9.0,0.40253421377753484,51.0,0.006056903318863703,1.2666483323385958,1.0
9.0,0.40253421377753484,52.0,0.06948218109789091,0.0017626905737881072,0.0
9.0,0.40253421377753484,53.0,0.008064315550398169,0.006451345755153454,1.0
9.0,0.40253421377753484,54.0,0.006829289092492793,0.7637332972160976,1.0
9.0,0.40253421377753484,55.0,0.01731618375065345,0.09140640277592658,1.0
9.0,0.40253421377753484,56.0,0.006152618106125085,0.0004314565981759039,1.0
9.0,0.40253421377753484,57.0,0.007331496270461219,4.946281512437039,1.0
9.0,0.40253421377753484,58.0,0.07343379066244844,2.5954718574788614e-06,0.0
9.0,0.40253421377753484,59.0,0.06703592675094605,0.0,0.0
9.0,0.40253421377753484,60.0,0.07060306911332782,0.0,0.0
9.0,0.40253421377753484,61.0,0.1253773740556703,0.0,0.0
9.0,0.40253421377753484,62.0,0.12597056911598892,0.026144276639639016,0.0
9.0,0.40253421377753484,63.0,0.07425858426075378,0.0,0.0
9.0,0.40253421377753484,64.0,0.06140144863971227,0.002144376456202763,0.0
9.0,0.40253421377753484,65.0,0.05821092253818911,0.00031230558083459464,0.0
9.0,0.40253421377753484,66.0,0.05808713076211845,0.021764623755505183,0.0
9.0,0.40253421377753484,67.0,0.007102967466660384,0.05270437690281175,1.0
9.0,0.40253421377753484,68.0,0.12641637364669334,0.0,0.0
9.0,0.40253421377753484,69.0,0.11431643859922401,3.038384093339637e-05,0.0
9.0,0.40253421377753484,70.0,0.008452624294661973,0.2476407246309329,1.0
9.0,0.40253421377753484,71.0,0.0069984249911652745,0.0013649634446142576,1.0
9.0,0.40253421377753484,72.0,0.07166939359063454,0.02051123156194729,0.0
9.0,0.40253421377753484,73.0,0.05619828486161754,2.3090487920403283e-06,0.0
9.0,0.40253421377753484,74.0,0.04732768507402718,0.0,0.0
9.0,0.40253421377753484,75.0,0.007270902079252079,1.5024739118514607,1.0
9.0,0.40253421377753484,76.0,0.00508698412785565,4.0010823782369025,1.0
9.0,0.40253421377753484,77.0,0.05550714145331655,0.004712363455071666,0.0
9.0,0.40253421377753484,78.0,0.05820159157657387,0.0,0.0
9.0,0.40253421377753484,79.0,0.07035259142564049,0.0,0.0
9.0,0.40253421377753484,80.0,0.12625591789580187,0.0,0.0
9.0,0.40253421377753484,81.0,0.04718602176220402,0.0009477448877710443,0.0
9.0,0.40253421377753484,82.0,0.006808545859480822,0.020598102758839842,1.0
9.0,0.40253421377753484,83.0,0.012361357251453806,0.2173771797811848,1.0
9.0,0.40253421377753484,84.0,0.0387273767176573,3.7574183377574313,1.0
9.0,0.40253421377753484,85.0,0.06990375844516418,0.0004453814200628041,0.0
9.0,0.40253421377753484,86.0,0.009414509036014932,0.03137593939184441,1.0
9.0,0.40253421377753484,87.0,0.04823789463693143,0.002519458892975029,0.0
9.0,0.40253421377753484,88.0,0.05927260595555216,0.0017425302356058262,0.0
9.0,0.40253421377753484,89.0,0.003619235916046083,1.240341369688741,1.0
9.0,0.40253421377753484,90.0,0.0037398331485950405,0.009213669313338923,1.0
9.0,0.40253421377753484,91.0,0.006586552710369685,0.0048064658054513725,1.0
9.0,0.40253421377753484,92.0,0.005716951736783773,0.3939241473741906,1.0
9.0,0.40253421377753484,93.0,0.05776006875762528,0.0014008288027213991,0.0
9.0,0.40253421377753484,94.0,0.005512785237433146,0.000796974514052612,1.0
9.0,0.40253421377753484,95.0,0.12710429596281678,0.019333624088288252,0.0
9.0,0.40253421377753484,96.0,0.06743903552842895,0.02386770384544547,0.0
9.0,0.40253421377753484,97.0,0.06865969771583978,5.96465562122663e-05,0.0
9.0,0.40253421377753484,98.0,0.04664886831369873,0.002035056745705254,0.0
9.0,0.40253421377753484,99.0,0.07349360543518696,0.020306412275763155,0.0
9.0,0.40253421377753484,100.0,0.019968803228075815,0.015116196811153747,1.0
9.0,0.40253421377753484,101.0,0.006842617595740003,0.012046606900989612,1.0
9.0,0.40253421377753484,102.0,0.056299231311161074,0.0006329585184482423,0.0
9.0,0.40253421377753484,103.0,0.059219150520174624,0.0010980362912088497,0.0
9.0,0.40253421377753484,104.0,0.003021629282531552,0.0010883645581234252,1.0
9.0,0.40253421377753484,105.0,0.059030901518498435,0.0,0.0
9.0,0.40253421377753484,106.0,0.07034142133204935,0.014393636023180226,0.0
9.0,0.40253421377753484,107.0,0.07943505127543239,0.0,0.0
9.0,0.40253421377753484,108.0,0.07132039208118335,0.007752010363025198,0.0
9.0,0.40253421377753484,109.0,0.05844219737655004,0.0,0.0
9.0,0.40253421377753484,110.0,0.041205398299564225,6.548536062607412e-05,0.0
9.0,0.40253421377753484,111.0,0.009337039497438837,1.518648373608866,1.0
9.0,0.40253421377753484,112.0,0.007224339104064329,0.0011974327887844533,1.0
9.0,0.40253421377753484,113.0,0.07138656446379918,0.008909520586199093,0.0
9.0,0.40253421377753484,114.0,0.011913648546152091,0.17784051878036636,1.0
9.0,0.40253421377753484,115.0,0.013292284115075458,0.01289631217254881,1.0
9.0,0.40253421377753484,116.0,0.04647705840561206,0.0,0.0
9.0,0.40253421377753484,117.0,0.07251976035721946,0.0,0.0
9.0,0.40253421377753484,118.0,0.07028736531617161,0.021709066451634864,0.0
9.0,0.40253421377753484,119.0,0.006864532202837087,0.0018090566349754011,1.0
9.0,0.40253421377753484,120.0,0.0075761720090118554,0.1475229626354564,1.0
9.0,0.40253421377753484,121.0,0.07029098004250425,0.039681722350353416,0.0
9.0,0.40253421377753484,122.0,0.011716032558438883,1.2319867851490458,1.0
9.0,0.40253421377753484,123.0,0.12527580672095542,0.0043861011323780156,0.0
9.0,0.40253421377753484,124.0,0.004657855666952503,0.0026803484462865784,1.0
9.0,0.40253421377753484,125.0,0.25281690649426236,1.734019110564967e-06,0.0
9.0,0.40253421377753484,126.0,0.016237806725360807,1.0477937569571112,1.0
9.0,0.40253421377753484,127.0,0.07010904522418138,0.01985022883399076,0.0
9.0,0.40253421377753484,128.0,0.007606200288070171,1.0689968630129558,1.0
9.0,0.40253421377753484,129.0,0.014180621282484616,0.0040242041380085585,1.0
9.0,0.40253421377753484,130.0,0.010129798588611147,0.0750665481604791,1.0
9.0,0.40253421377753484,131.0,0.007608827275841094,0.042420319576322425,1.0
9.0,0.40253421377753484,132.0,0.05900545275401747,0.0,0.0
9.0,0.40253421377753484,133.0,0.010027215789258678,1.470470515195859,1.0
9.0,0.40253421377753484,134.0,0.055660955190966525,2.639363595779926e-05,0.0
9.0,0.40253421377753484,135.0,0.006163782993381469,0.14376414115657826,1.0
9.0,0.40253421377753484,136.0,0.018165313164128765,5.99342951982405,1.0
9.0,0.40253421377753484,137.0,0.012580188766092766,0.19227328564554907,1.0
9.0,0.40253421377753484,138.0,0.07127127192348522,0.019655709646715862,0.0
9.0,0.40253421377753484,139.0,0.05853710396538839,0.0,0.0
9.0,0.40253421377753484,140.0,0.011355931213731518,0.29737056964116976,1.0
9.0,0.40253421377753484,141.0,0.057748863038948606,0.002618551452734316,0.0
9.0,0.40253421377753484,142.0,0.057616270055732305,0.00093443289304602,0.0
9.0,0.40253421377753484,143.0,0.007213651672964239,0.007989562866527192,1.0
9.0,0.40253421377753484,144.0,0.010942183747908167,0.16751283118532953,1.0
9.0,0.40253421377753484,145.0,0.04534408364837296,0.0004974064785398641,0.0
9.0,0.40253421377753484,146.0,0.05739919986976701,0.003401862015562434,0.0
9.0,0.40253421377753484,147.0,0.06921899220730907,0.00039554601338309594,0.0
9.0,0.40253421377753484,148.0,0.008691282641498542,2.300330105471869,1.0
9.0,0.40253421377753484,149.0,0.006258431457166295,0.054865284169395775,1.0
9.0,0.40253421377753484,150.0,0.05825053023493354,0.001221140938859436,0.0
9.0,0.40253421377753484,151.0,0.00689994129855402,0.024973217638399967,1.0
9.0,0.40253421377753484,152.0,0.05694882369696179,0.0005605921639851579,0.0
9.0,0.40253421377753484,153.0,0.12653846347931524,0.0,0.0
9.0,0.40253421377753484,154.0,0.06935223095778359,0.0008152121874461845,0.0
9.0,0.40253421377753484,155.0,0.07048816089343035,0.003816169385899098,0.0
9.0,0.40253421377753484,156.0,0.020069742995812687,0.0012059419206176842,1.0
9.0,0.40253421377753484,157.0,0.04848400960890091,0.0,0.0
9.0,0.40253421377753484,158.0,0.055175482339249536,0.0010359722299954708,0.0
9.0,0.40253421377753484,159.0,0.10046058042577911,0.018731973860300802,0.0
9.0,0.40253421377753484,160.0,0.012511724204438203,0.11093266985097919,1.0
9.0,0.40253421377753484,161.0,0.0716977157569195,0.0,0.0
9.0,0.40253421377753484,162.0,0.012055511134378057,0.8738546968766303,1.0
9.0,0.40253421377753484,163.0,0.006609180148960563,0.005900075007000895,1.0
9.0,0.40253421377753484,164.0,0.07170436850176183,0.01908924498735415,0.0
9.0,0.40253421377753484,165.0,0.06705196028767524,5.204595214592649e-05,0.0
9.0,0.40253421377753484,166.0,0.06580156824806913,2.587685550723564e-05,0.0
9.0,0.40253421377753484,167.0,0.2507745222255453,4.0600346183512484e-05,0.0
9.0,0.40253421377753484,168.0,0.04817097741803625,0.0,0.0
9.0,0.40253421377753484,169.0,0.04532619141058698,2.3189473602196083e-05,0.0
9.0,0.40253421377753484,170.0,0.05371536968000262,0.021260101244379444,0.0
9.0,0.40253421377753484,171.0,0.003337614920656636,0.09242293353296187,1.0
9.0,0.40253421377753484,172.0,0.008266851341304879,0.20868445682657238,1.0
9.0,0.40253421377753484,173.0,0.002726685440234522,0.015427405122629195,1.0
9.0,0.40253421377753484,174.0,0.04744083536512858,0.023770819835026723,0.0
9.0,0.40253421377753484,175.0,0.005480205743755532,0.0009753590364242355,1.0
9.0,0.40253421377753484,176.0,0.005456711285829981,0.25675423318959256,1.0
9.0,0.40253421377753484,177.0,0.0453258583642594,0.013639361081581237,0.0
9.0,0.40253421377753484,178.0,0.07524370848376846,0.00757195629918626,0.0
9.0,0.40253421377753484,179.0,0.05514407024503831,0.028357319099575146,0.0
9.0,0.40253421377753484,180.0,0.00869644828721089,3.7225662136093436,1.0
9.0,0.40253421377753484,181.0,0.05725320602301106,0.007272250122608551,0.0
9.0,0.40253421377753484,182.0,0.006582629028952589,0.04272479106408144,1.0
9.0,0.40253421377753484,183.0,0.05635546623856537,0.010570189847899059,0.0
9.0,0.40253421377753484,184.0,0.022651495573752622,4.5929907255496795e-06,1.0
9.0,0.40253421377753484,185.0,0.01191783583010262,0.6217000406090405,1.0
9.0,0.40253421377753484,186.0,0.05667629662742034,0.018914712548467712,0.0
9.0,0.40253421377753484,187.0,0.05823500187030488,1.5688350205970402e-06,0.0
9.0,0.40253421377753484,188.0,0.0064086799665853175,0.8935759913658768,1.0
9.0,0.40253421377753484,189.0,0.04931539419690512,1.2724225482799028e-05,0.0
9.0,0.40253421377753484,190.0,0.006263657843970899,0.0032534014671066823,1.0
9.0,0.40253421377753484,191.0,0.006788377684451404,0.18601659468155488,1.0
9.0,0.40253421377753484,192.0,0.007240270684739488,0.3005137188425716,1.0
9.0,0.40253421377753484,193.0,0.05742285589978736,0.0017267038462999912,0.0
9.0,0.40253421377753484,194.0,0.016803963466283975,1.2796360417293924,1.0
9.0,0.40253421377753484,195.0,0.006406725980874781,0.01138148841012695,1.0
9.0,0.40253421377753484,196.0,0.0061193135667020355,0.0024022649963706577,1.0
9.0,0.40253421377753484,197.0,0.006363354624615653,0.0045326778154456075,1.0
9.0,0.40253421377753484,198.0,0.006303658560999335,0.03502508435167828,1.0
9.0,0.40253421377753484,199.0,0.0714705976316484,0.00016046743571171136,0.0
9.0,0.40253421377753484,200.0,0.06506892530319225,0.0051373511883975025,0.0
9.0,0.40253421377753484,201.0,0.06958234406384564,0.0,0.0
9.0,0.40253421377753484,202.0,0.07218981939796039,0.0,0.0
9.0,0.40253421377753484,203.0,0.011608453387447865,0.11725678979391263,1.0
9.0,0.40253421377753484,204.0,0.07051996700283084,5.74193057619376e-06,0.0
9.0,0.40253421377753484,205.0,0.058875289577642584,0.0,0.0
9.0,0.40253421377753484,206.0,0.007235502246695072,2.3432739215831533,1.0
9.0,0.40253421377753484,207.0,0.04832957807776554,0.0,0.0
9.0,0.40253421377753484,208.0,0.00472388766925198,0.08363839683895659,1.0
9.0,0.40253421377753484,209.0,0.00617630789641749,0.056398887413041346,1.0
9.0,0.40253421377753484,210.0,0.07485222180575926,6.786859579881127e-06,1.0
9.0,0.40253421377753484,211.0,0.07091535805041596,0.09887643402373901,0.0
9.0,0.40253421377753484,212.0,0.006446124777043869,1.119519197138967,1.0
9.0,0.40253421377753484,213.0,0.07050803203316101,0.0,0.0
9.0,0.40253421377753484,214.0,0.06455291822485915,0.0007079568684957772,0.0
9.0,0.40253421377753484,215.0,0.0697627998833805,0.0002472705649892647,0.0
9.0,0.40253421377753484,216.0,0.0062521473172451845,0.00023664802752674602,1.0
9.0,0.40253421377753484,217.0,0.003770700385851355,1.6059770476628066,1.0
9.0,0.40253421377753484,218.0,0.05737510618168412,0.005153093214036966,0.0
9.0,0.40253421377753484,219.0,0.07326857654976568,0.0,0.0
9.0,0.40253421377753484,220.0,0.05642338468793927,0.002100437454808904,0.0
9.0,0.40253421377753484,221.0,0.0052297159362358105,0.868068484269902,1.0
9.0,0.40253421377753484,222.0,0.07633336069401975,0.00022652765518249484,0.0
9.0,0.40253421377753484,223.0,0.006118940965103405,0.015316113397695863,1.0
9.0,0.40253421377753484,224.0,0.07242388238024014,9.297918659233155e-06,0.0
9.0,0.40253421377753484,225.0,0.05586721756655795,0.0,0.0
9.0,0.40253421377753484,226.0,0.00833119880966851,0.9852983081427514,1.0
9.0,0.40253421377753484,227.0,0.055557230883506926,1.3127487836259757e-05,0.0
9.0,0.40253421377753484,228.0,0.0075090180335977376,0.8422385376626257,1.0
9.0,0.40253421377753484,229.0,0.12534598051099727,6.578161920301377e-05,0.0
9.0,0.40253421377753484,230.0,0.006741612843916939,0.0004074664584274005,1.0
9.0,0.40253421377753484,231.0,0.056102924743500024,4.228413119028083e-05,0.0
9.0,0.40253421377753484,232.0,0.04652333620244198,0.0,0.0
9.0,0.40253421377753484,233.0,0.07140172682134975,0.001239201910718487,0.0
9.0,0.40253421377753484,234.0,0.00486351157416669,3.1683768141397435e-05,1.0
9.0,0.40253421377753484,235.0,0.056624199037010506,0.005034070717313346,0.0
9.0,0.40253421377753484,236.0,0.05644887559340521,1.1872311392567736e-05,0.0
9.0,0.40253421377753484,237.0,0.006564004382063121,4.878098996060628,1.0
9.0,0.40253421377753484,238.0,0.005547966729096213,5.964885226312832e-06,1.0
9.0,0.40253421377753484,239.0,0.07226162422888148,0.0,0.0
9.0,0.40253421377753484,240.0,0.010947138455783807,0.06893179079927833,1.0
9.0,0.40253421377753484,241.0,0.05696775936843992,0.0012152572085553602,0.0
9.0,0.40253421377753484,242.0,0.009074564484312899,1.1712385035947372,1.0
9.0,0.40253421377753484,243.0,0.06925001332794978,6.559660056142596e-05,0.0
9.0,0.40253421377753484,244.0,0.07107628147938674,0.0,0.0
9.0,0.40253421377753484,245.0,0.07263859202019574,0.0,0.0
9.0,0.40253421377753484,246.0,0.07064378462848458,8.546545256435491e-06,0.0
9.0,0.40253421377753484,247.0,0.06617882814028139,0.01966300842594146,0.0
9.0,0.40253421377753484,248.0,0.06859489037396228,0.00404394180762031,0.0
9.0,0.40253421377753484,249.0,0.0691578522880307,0.0005475220669704775,0.0
9.0,0.40253421377753484,250.0,0.0721539415525391,0.0,0.0
9.0,0.40253421377753484,251.0,0.06964171426683544,0.02440233727355649,0.0
9.0,0.40253421377753484,252.0,0.003006115923377548,0.013194236305470024,1.0
9.0,0.40253421377753484,253.0,0.07177299141714107,0.00939408883950155,0.0
9.0,0.40253421377753484,254.0,0.0434883407515093,0.028781362312090546,0.0
9.0,0.40253421377753484,255.0,0.05796435579831284,0.0,0.0
9.0,0.40253421377753484,256.0,0.07258509936967567,9.114596581874689e-06,0.0
9.0,0.40253421377753484,257.0,0.0067642602980746746,0.07586306060815565,1.0
9.0,0.40253421377753484,258.0,0.05634689839262636,1.7127864926920284e-05,0.0
9.0,0.40253421377753484,259.0,0.05575567680555946,2.3035685737583114e-06,0.0
9.0,0.40253421377753484,260.0,0.06733984805215013,0.0,0.0
9.0,0.40253421377753484,261.0,0.05844722506993319,1.403173469958696e-05,0.0
9.0,0.40253421377753484,262.0,0.12723419058079374,8.803528617584493e-06,0.0
9.0,0.40253421377753484,263.0,0.25005594608173826,0.00011933890482739751,0.0
9.0,0.40253421377753484,264.0,0.045448186261360046,0.0008889690728288158,0.0
9.0,0.40253421377753484,265.0,0.018321632900000648,1.7770596183766363,1.0
9.0,0.40253421377753484,266.0,0.020950480434554896,0.047222955840788436,1.0
9.0,0.40253421377753484,267.0,0.00640568101999192,0.0010155575448145405,1.0
9.0,0.40253421377753484,268.0,0.06872380698615514,7.644735107789346e-05,0.0
9.0,0.40253421377753484,269.0,0.07168537848328832,0.0006084661819175867,0.0
9.0,0.40253421377753484,270.0,0.006348205944274974,0.0038828270986044577,1.0
9.0,0.40253421377753484,271.0,0.04463261494081695,0.0002553515173915944,0.0
9.0,0.40253421377753484,272.0,0.06964861310524903,1.3481123021455477e-05,0.0
9.0,0.40253421377753484,273.0,0.006950414697503987,0.051514249071073354,1.0
9.0,0.40253421377753484,274.0,0.06950224130073158,0.023982252611891908,0.0
9.0,0.40253421377753484,275.0,0.009103465602802908,1.8585913858542245,1.0
9.0,0.40253421377753484,276.0,0.0695982596642871,0.00018924539275524236,0.0
9.0,0.40253421377753484,277.0,0.006783349391003493,0.0001470815587996163,1.0
9.0,0.40253421377753484,278.0,0.07129003976744361,0.0,0.0
9.0,0.40253421377753484,279.0,0.05419170600374815,8.365461280983452e-05,0.0
9.0,0.40253421377753484,280.0,0.0704923877494154,2.169672651760377e-05,0.0
9.0,0.40253421377753484,281.0,0.05647769862398899,0.0,0.0
9.0,0.40253421377753484,282.0,0.006100178152492926,0.05078008533187352,1.0
9.0,0.40253421377753484,283.0,0.00712540915466323,1.7838679033661031,1.0
9.0,0.40253421377753484,284.0,0.06842494099228863,0.0,0.0
9.0,0.40253421377753484,285.0,0.05630277459272758,0.0,0.0
9.0,0.40253421377753484,286.0,0.008626118436168497,3.7207560720524864,1.0
9.0,0.40253421377753484,287.0,0.006539969875855562,0.005403753655174818,1.0
9.0,0.40253421377753484,288.0,0.058653199528353586,0.0020668068872869514,0.0
9.0,0.40253421377753484,289.0,0.05628589506426927,7.84632305335918e-06,0.0
9.0,0.40253421377753484,290.0,0.00727974716477151,0.02558594200107033,1.0
9.0,0.40253421377753484,291.0,0.01028074972779186,0.07555896689439463,1.0
9.0,0.40253421377753484,292.0,0.005231974375593393,0.1251432908320023,1.0
9.0,0.40253421377753484,293.0,0.0480886569936511,0.007408894850565823,0.0
9.0,0.40253421377753484,294.0,0.006277825275037564,0.0398431777620035,1.0
9.0,0.40253421377753484,295.0,0.0655018023742868,2.6972285166847928e-05,0.0
9.0,0.40253421377753484,296.0,0.07062086994741879,5.052826641141391e-06,0.0
9.0,0.40253421377753484,297.0,0.006429277898989012,0.0003353941895218087,1.0
9.0,0.40253421377753484,298.0,0.05687879704444532,1.0778663276895359e-06,0.0
9.0,0.40253421377753484,299.0,0.004218055390097999,3.7460767820266025,1.0
9.0,0.40253421377753484,300.0,0.07170703665767197,0.0,0.0
9.0,0.40253421377753484,301.0,0.05615658342656488,0.0,0.0
9.0,0.40253421377753484,302.0,0.002828711967278598,0.002072834398774902,1.0
9.0,0.40253421377753484,303.0,0.00763538861522678,0.18397952352246613,1.0
9.0,0.40253421377753484,304.0,0.05917737864088583,0.019047009721395818,0.0
9.0,0.40253421377753484,305.0,0.05840959797522149,0.000503055741765399,0.0
9.0,0.40253421377753484,306.0,0.07486039672552355,0.00033190674969995037,0.0
9.0,0.40253421377753484,307.0,0.05661482527983147,0.0,0.0
9.0,0.40253421377753484,308.0,0.0068485822128157275,0.971724225599395,1.0
9.0,0.40253421377753484,309.0,0.004881406854122909,1.3683319794270123,1.0
9.0,0.40253421377753484,310.0,0.04470574505230286,6.890697942142059e-05,0.0
9.0,0.40253421377753484,311.0,0.00288897324185188,0.0007308090409961677,1.0
9.0,0.40253421377753484,312.0,0.0677037312419788,0.0,0.0
9.0,0.40253421377753484,313.0,0.05780047383710802,0.0008161289862999411,0.0
9.0,0.40253421377753484,314.0,0.07240312454742044,0.0,0.0
9.0,0.40253421377753484,315.0,0.023940484036688782,2.5257452466206964,1.0
9.0,0.40253421377753484,316.0,0.0068234424977560845,0.014837814485380442,1.0
9.0,0.40253421377753484,317.0,0.010455274700082952,2.8080116737916213e-06,1.0
9.0,0.40253421377753484,318.0,0.0049974811107840085,2.00894404778789,1.0
9.0,0.40253421377753484,319.0,0.04690657745359303,2.1661022142072746e-05,0.0
9.0,0.40253421377753484,320.0,0.007305704279454005,0.11626451890576239,1.0
9.0,0.40253421377753484,321.0,0.12725730322378848,0.009184508418352213,0.0
9.0,0.40253421377753484,322.0,0.04446678857536468,0.02090573563531965,0.0
9.0,0.40253421377753484,323.0,0.12758481294380614,0.0,0.0
9.0,0.40253421377753484,324.0,0.056348265804323505,0.0,0.0
9.0,0.40253421377753484,325.0,0.05570049648587716,2.9066784903926016e-06,0.0
9.0,0.40253421377753484,326.0,0.05732298458599536,0.00037060901455172873,0.0
9.0,0.40253421377753484,327.0,0.005574981006595883,0.29290974098327954,1.0
9.0,0.40253421377753484,328.0,0.12126601422156252,0.010351687108257445,0.0
9.0,0.40253421377753484,329.0,0.016914778270175266,0.002702079833456576,1.0
9.0,0.40253421377753484,330.0,0.04807516805892423,0.00036401262852317034,0.0
9.0,0.40253421377753484,331.0,0.04828727672973799,0.0,0.0
9.0,0.40253421377753484,332.0,0.021000251352170107,2.3148068030632705,1.0
9.0,0.40253421377753484,333.0,0.12253901754016015,2.0283773374078413e-05,0.0
9.0,0.40253421377753484,334.0,0.007143223686168995,0.020998902844571198,1.0
9.0,0.40253421377753484,335.0,0.007180949680113689,0.004461150855191729,1.0
9.0,0.40253421377753484,336.0,0.06983754117583957,2.6342679255755618e-06,0.0
9.0,0.40253421377753484,337.0,0.02105281705160768,0.010720825687114242,1.0
9.0,0.40253421377753484,338.0,0.07075939067098722,0.00021404106352665024,0.0
9.0,0.40253421377753484,339.0,0.2569283467415653,0.001501847266430799,0.0
9.0,0.40253421377753484,340.0,0.047368657098220766,0.0,0.0
9.0,0.40253421377753484,341.0,0.05812920925300306,0.0,0.0
9.0,0.40253421377753484,342.0,0.05568133041624727,4.317828276379372e-05,0.0
9.0,0.40253421377753484,343.0,0.07292383338517153,0.000815140801358803,0.0
9.0,0.40253421377753484,344.0,0.01702061145796723,0.0002641765062351333,1.0
9.0,0.40253421377753484,345.0,0.00837617038923647,0.025804562789898865,1.0
9.0,0.40253421377753484,346.0,0.0045842162112699585,0.0032253799258724143,1.0
9.0,0.40253421377753484,347.0,0.057167809511809414,0.0,0.0
9.0,0.40253421377753484,348.0,0.05871313035476808,0.0,0.0
9.0,0.40253421377753484,349.0,0.07079889937709388,0.0001730808183271994,0.0
9.0,0.40253421377753484,350.0,0.059576638680779156,3.996015811748169e-05,0.0
9.0,0.40253421377753484,351.0,0.00797478102528413,5.540226354596936,1.0
9.0,0.40253421377753484,352.0,0.1272264217588276,0.0,0.0
9.0,0.40253421377753484,353.0,0.056396052862416064,0.0010417787930373029,0.0
9.0,0.40253421377753484,354.0,0.043934461021919,0.018723001115970254,0.0
9.0,0.40253421377753484,355.0,0.07194586224939747,0.0,0.0
9.0,0.40253421377753484,356.0,0.07271955131948121,0.0004131670805227385,0.0
9.0,0.40253421377753484,357.0,0.006774851745625593,0.0012195617560530432,1.0
9.0,0.40253421377753484,358.0,0.07131511286025508,0.0015151545866171406,0.0
9.0,0.40253421377753484,359.0,0.07044367271003699,0.00036806283346349337,0.0
9.0,0.40253421377753484,360.0,0.25745175766504563,0.0004654705754692835,0.0
9.0,0.40253421377753484,361.0,0.006908583000441618,0.00924687237370515,1.0
9.0,0.40253421377753484,362.0,0.012593371875744809,5.64258020338016,1.0
9.0,0.40253421377753484,363.0,0.047392815809372615,0.0,0.0
9.0,0.40253421377753484,364.0,0.007457369874358654,0.0018703292448259085,1.0
9.0,0.40253421377753484,365.0,0.007127270103024989,0.031805318642731895,1.0
9.0,0.40253421377753484,366.0,0.07653924644830451,4.199245138914549e-06,0.0
9.0,0.40253421377753484,367.0,0.05481192600612413,7.769882143245536e-07,0.0
9.0,0.40253421377753484,368.0,0.07108700850940387,0.003044941117880584,0.0
9.0,0.40253421377753484,369.0,0.04498377867196026,0.00013346969751813135,0.0
9.0,0.40253421377753484,370.0,0.006862759253496682,0.015082492185095312,1.0
9.0,0.40253421377753484,371.0,0.1270453352924755,5.707629288770864e-05,0.0
9.0,0.40253421377753484,372.0,0.022184298422294087,0.5850930589736515,1.0
9.0,0.40253421377753484,373.0,0.011334719824305988,5.669754133450486,1.0
9.0,0.40253421377753484,374.0,0.06748216990312692,0.0,0.0
9.0,0.40253421377753484,375.0,0.0022338268929991342,0.007624717099657099,1.0
9.0,0.40253421377753484,376.0,0.008405674658317102,0.9021612229736895,1.0
9.0,0.40253421377753484,377.0,0.007412997739778306,5.278564905741535,1.0
9.0,0.40253421377753484,378.0,0.060003207481320125,0.0,0.0
9.0,0.40253421377753484,379.0,0.04644275678662679,0.0,0.0
9.0,0.40253421377753484,380.0,0.007381306648813704,0.2857561785205385,1.0
9.0,0.40253421377753484,381.0,0.00430913611998272,2.5563824153989625,1.0
9.0,0.40253421377753484,382.0,0.057705686658221164,0.0,0.0
9.0,0.40253421377753484,383.0,0.05690535056561952,0.021891214988601023,0.0
9.0,0.40253421377753484,384.0,0.017708812149976237,0.0005381921471360694,1.0
9.0,0.40253421377753484,385.0,0.07333295834074348,0.005852730625181784,0.0
9.0,0.40253421377753484,386.0,0.008494119529907298,0.0912695471559845,1.0
9.0,0.40253421377753484,387.0,0.07188664878488799,4.010392759890921e-06,0.0
9.0,0.40253421377753484,388.0,0.011274664799998252,0.01661380769789745,1.0
9.0,0.40253421377753484,389.0,0.12714239584802117,0.028224356594394026,0.0
9.0,0.40253421377753484,390.0,0.008041698789445046,0.00916351107336511,1.0
9.0,0.40253421377753484,391.0,0.056736048930208394,0.0,0.0
9.0,0.40253421377753484,392.0,0.05770246953645776,0.006155379299511745,0.0
9.0,0.40253421377753484,393.0,0.05897842763120405,0.0,0.0
9.0,0.40253421377753484,394.0,0.006273478267283357,2.0406168803370326,1.0
9.0,0.40253421377753484,395.0,0.05696589654001627,5.985171397754069e-07,0.0
9.0,0.40253421377753484,396.0,0.12654362117701012,0.0004468146370998543,0.0
9.0,0.40253421377753484,397.0,0.01925661965254572,1.1043820063126033,1.0
9.0,0.40253421377753484,398.0,0.003874925506223958,0.6109268710763592,1.0
9.0,0.40253421377753484,399.0,0.007090727893132268,0.0010840522426793524,1.0
9.0,0.46962324940712397,0.0,0.008900304289675386,0.13038192992539524,1.0
9.0,0.46962324940712397,1.0,0.005678582601123074,0.542789314459945,1.0
9.0,0.46962324940712397,2.0,0.003514723102100433,0.0018584674560330396,1.0
9.0,0.46962324940712397,3.0,0.007158684304574638,0.0009726253582616046,1.0
9.0,0.46962324940712397,4.0,0.04452815301335049,0.0007702864041870717,0.0
9.0,0.46962324940712397,5.0,0.2572202273694668,0.0004555073046468484,0.0
9.0,0.46962324940712397,6.0,0.25404414621897964,0.0,0.0
9.0,0.46962324940712397,7.0,0.07091330921868792,0.0,0.0
9.0,0.46962324940712397,8.0,0.0063728367157126235,0.0015612911725343185,1.0
9.0,0.46962324940712397,9.0,0.018341558614320855,0.005887426866773747,1.0
9.0,0.46962324940712397,10.0,0.026730499229028645,5.511857207583007,1.0
9.0,0.46962324940712397,11.0,0.03487627473961011,6.849357949371674,1.0
9.0,0.46962324940712397,12.0,0.05930888217740329,0.0,0.0
9.0,0.46962324940712397,13.0,0.07270239406496262,0.0,0.0
9.0,0.46962324940712397,14.0,0.006943527783018137,0.007467556385557091,1.0
9.0,0.46962324940712397,15.0,0.07235688055020133,0.0,0.0
9.0,0.46962324940712397,16.0,0.0979646777560641,3.234120554199723e-08,0.0
9.0,0.46962324940712397,17.0,0.006535447517253281,0.001142580559496858,1.0
9.0,0.46962324940712397,18.0,0.0729459011161725,3.554453519376985e-05,0.0
9.0,0.46962324940712397,19.0,0.06780947685600046,0.00012721028312434834,0.0
9.0,0.46962324940712397,20.0,0.006033614439350889,0.21509429346073816,1.0
9.0,0.46962324940712397,21.0,0.0737691964896679,3.255032369210754e-06,0.0
9.0,0.46962324940712397,22.0,0.069829590533229,0.0,0.0
9.0,0.46962324940712397,23.0,0.07240886426715638,7.962842400538965e-05,0.0
9.0,0.46962324940712397,24.0,0.15818200164126028,0.00027488632266213633,0.0
9.0,0.46962324940712397,25.0,0.1628338743004895,0.011440869515392603,0.0
9.0,0.46962324940712397,26.0,0.04463452582586879,0.00014069217523975618,0.0
9.0,0.46962324940712397,27.0,0.022143630752192715,6.4041898471170065,1.0
9.0,0.46962324940712397,28.0,0.07000116346620391,0.02479603063883946,0.0
9.0,0.46962324940712397,29.0,0.0027487065273559927,0.0073650042427208535,1.0
9.0,0.46962324940712397,30.0,0.01158755815154544,0.00010013189173168026,1.0
9.0,0.46962324940712397,31.0,0.1377367776547541,0.01024370129761781,0.0
9.0,0.46962324940712397,32.0,0.006220306671358691,0.0034537920728650658,1.0
9.0,0.46962324940712397,33.0,0.005987866590599776,0.0051405772570219934,1.0
9.0,0.46962324940712397,34.0,0.013076196517681958,0.41285716727759136,1.0
9.0,0.46962324940712397,35.0,0.0702048451501083,0.0007703370646338163,0.0
9.0,0.46962324940712397,36.0,0.07033656720049551,0.00237177807324274,0.0
9.0,0.46962324940712397,37.0,0.06681500331280568,0.000619050527039101,0.0
9.0,0.46962324940712397,38.0,0.06156198414560732,0.8060524235482585,1.0
9.0,0.46962324940712397,39.0,0.25880365685622025,0.023088296833513468,0.0
9.0,0.46962324940712397,40.0,0.0702976357133295,0.003568351506154063,0.0
9.0,0.46962324940712397,41.0,0.05670095052107107,0.0,0.0
9.0,0.46962324940712397,42.0,0.06469611726979893,0.0015574008087359975,0.0
9.0,0.46962324940712397,43.0,0.05930462577759112,0.01855388454387246,0.0
9.0,0.46962324940712397,44.0,0.006611415999981082,1.8556660801513867,1.0
9.0,0.46962324940712397,45.0,0.07569274189162326,0.0,0.0
9.0,0.46962324940712397,46.0,0.144838681923407,0.0,0.0
9.0,0.46962324940712397,47.0,0.04407519538029468,12.024199792375233,1.0
9.0,0.46962324940712397,48.0,0.006912119197659632,0.00019614652332458765,1.0
9.0,0.46962324940712397,49.0,0.09037111718977218,0.002807954845706419,0.0
9.0,0.46962324940712397,50.0,0.012802413406757755,0.3345943004361559,1.0
9.0,0.46962324940712397,51.0,0.006056903318863703,1.2666483323385958,1.0
9.0,0.46962324940712397,52.0,0.06948218109789091,0.0017626905737881072,0.0
9.0,0.46962324940712397,53.0,0.008064315550398169,0.006451345755153454,1.0
9.0,0.46962324940712397,54.0,0.006260482394833885,0.6515642220872517,1.0
9.0,0.46962324940712397,55.0,0.01731618375065345,0.09140640277592658,1.0
9.0,0.46962324940712397,56.0,0.007622875945800725,0.0003801225536831004,1.0
9.0,0.46962324940712397,57.0,0.01098302681437907,5.808254027136883,1.0
9.0,0.46962324940712397,58.0,0.07343379066244844,2.5954718574788614e-06,0.0
9.0,0.46962324940712397,59.0,0.06703592675094605,0.0,0.0
9.0,0.46962324940712397,60.0,0.07060306911332782,0.0,0.0
9.0,0.46962324940712397,61.0,0.14287524858306994,0.0,0.0
9.0,0.46962324940712397,62.0,0.14344132059945888,0.024002165936571264,0.0
9.0,0.46962324940712397,63.0,0.07425858426075378,0.0,0.0
9.0,0.46962324940712397,64.0,0.06780922948312874,0.0021467563017024726,0.0
9.0,0.46962324940712397,65.0,0.06934348179812652,0.0003122710056635172,0.0
9.0,0.46962324940712397,66.0,0.06504481477749391,0.021734168866543155,0.0
9.0,0.46962324940712397,67.0,0.007102967466660384,0.05270437690281175,1.0
9.0,0.46962324940712397,68.0,0.1439754923382507,0.0,0.0
9.0,0.46962324940712397,69.0,0.11431643859922401,3.038384093339637e-05,0.0
9.0,0.46962324940712397,70.0,0.008452624294661973,0.2476407246309329,1.0
9.0,0.46962324940712397,71.0,0.0069984249911652745,0.0013649634446142576,1.0
9.0,0.46962324940712397,72.0,0.07166939359063454,0.02051123156194729,0.0
9.0,0.46962324940712397,73.0,0.05619828486161754,2.3090487920403283e-06,0.0
9.0,0.46962324940712397,74.0,0.04732768507402718,0.0,0.0
9.0,0.46962324940712397,75.0,0.007270902079252079,1.5024739118514607,1.0
9.0,0.46962324940712397,76.0,0.007076602065662744,4.504185794789113,1.0
9.0,0.46962324940712397,77.0,0.05550714145331655,0.004712363455071666,0.0
9.0,0.46962324940712397,78.0,0.05820159157657387,0.0,0.0
9.0,0.46962324940712397,79.0,0.07035259142564049,0.0,0.0
9.0,0.46962324940712397,80.0,0.1438253632500303,0.0,0.0
9.0,0.46962324940712397,81.0,0.15702461062983802,0.0009476546540832689,0.0
9.0,0.46962324940712397,82.0,0.006808545859480822,0.020598102758839842,1.0
9.0,0.46962324940712397,83.0,0.012361357251453806,0.2173771797811848,1.0
9.0,0.46962324940712397,84.0,0.0387273767176573,3.7574183377574313,1.0
9.0,0.46962324940712397,85.0,0.06990375844516418,0.0004453814200628041,0.0
9.0,0.46962324940712397,86.0,0.16258120345384314,0.0002656405017752575,0.0
9.0,0.46962324940712397,87.0,0.1647995217572628,0.002051597955218048,0.0
9.0,0.46962324940712397,88.0,0.06595834079433499,0.0017434562107365517,0.0
9.0,0.46962324940712397,89.0,0.004320353584570405,0.689746545209003,1.0
9.0,0.46962324940712397,90.0,0.005011945762688087,0.0041376401065776345,1.0
9.0,0.46962324940712397,91.0,0.25697218070968975,7.950870223573375e-05,0.0
9.0,0.46962324940712397,92.0,0.005716951736783773,0.3939241473741906,1.0
9.0,0.46962324940712397,93.0,0.06996048806982186,0.0014000486998400495,0.0
9.0,0.46962324940712397,94.0,0.006750522342750975,0.000719879771500865,1.0
9.0,0.46962324940712397,95.0,0.14459942882141846,0.01933061434258533,0.0
9.0,0.46962324940712397,96.0,0.06743903552842895,0.02386770384544547,0.0
9.0,0.46962324940712397,97.0,0.06865969771583978,5.96465562122663e-05,0.0
9.0,0.46962324940712397,98.0,0.04664886831369873,0.002035056745705254,0.0
9.0,0.46962324940712397,99.0,0.07349360543518696,0.020306412275763155,0.0
9.0,0.46962324940712397,100.0,0.019968803228075815,0.015116196811153747,1.0
9.0,0.46962324940712397,101.0,0.006842617595740003,0.012046606900989612,1.0
9.0,0.46962324940712397,102.0,0.056299231311161074,0.0006329585184482423,0.0
9.0,0.46962324940712397,103.0,0.059219150520174624,0.0010980362912088497,0.0
9.0,0.46962324940712397,104.0,0.003021629282531552,0.0010883645581234252,1.0
9.0,0.46962324940712397,105.0,0.07015063167000762,0.0,0.0
9.0,0.46962324940712397,106.0,0.07034142133204935,0.014393636023180226,0.0
9.0,0.46962324940712397,107.0,0.09952777937382747,0.0,0.0
9.0,0.46962324940712397,108.0,0.07132039208118335,0.007752010363025198,0.0
9.0,0.46962324940712397,109.0,0.05844219737655004,0.0,0.0
9.0,0.46962324940712397,110.0,0.041205398299564225,6.548536062607412e-05,0.0
9.0,0.46962324940712397,111.0,0.009337039497438837,1.518648373608866,1.0
9.0,0.46962324940712397,112.0,0.007224339104064329,0.0011974327887844533,1.0
9.0,0.46962324940712397,113.0,0.07138656446379918,0.008909520586199093,0.0
9.0,0.46962324940712397,114.0,0.011913648546152091,0.17784051878036636,1.0
9.0,0.46962324940712397,115.0,0.013292284115075458,0.01289631217254881,1.0
9.0,0.46962324940712397,116.0,0.04647705840561206,0.0,0.0
9.0,0.46962324940712397,117.0,0.07251976035721946,0.0,0.0
9.0,0.46962324940712397,118.0,0.07028736531617161,0.021709066451634864,0.0
9.0,0.46962324940712397,119.0,0.006820435263806189,0.0016641042799928525,1.0
9.0,0.46962324940712397,120.0,0.0075761720090118554,0.1475229626354564,1.0
9.0,0.46962324940712397,121.0,0.07029098004250425,0.039681722350353416,0.0
9.0,0.46962324940712397,122.0,0.01309670722846992,1.0231989891117277,1.0
9.0,0.46962324940712397,123.0,0.1427940193100782,0.004358729087426202,0.0
9.0,0.46962324940712397,124.0,0.004657855666952503,0.0026803484462865784,1.0
9.0,0.46962324940712397,125.0,0.25281690649426236,1.734019110564967e-06,0.0
9.0,0.46962324940712397,126.0,0.016237806725360807,1.0477937569571112,1.0
9.0,0.46962324940712397,127.0,0.07010904522418138,0.01985022883399076,0.0
9.0,0.46962324940712397,128.0,0.007606200288070171,1.0689968630129558,1.0
9.0,0.46962324940712397,129.0,0.018947944037605503,0.004058977040278919,1.0
9.0,0.46962324940712397,130.0,0.010129798588611147,0.0750665481604791,1.0
9.0,0.46962324940712397,131.0,0.007608827275841094,0.042420319576322425,1.0
9.0,0.46962324940712397,132.0,0.05900545275401747,0.0,0.0
9.0,0.46962324940712397,133.0,0.012857655085160458,3.4779133159621898,1.0
9.0,0.46962324940712397,134.0,0.055660955190966525,2.639363595779926e-05,0.0
9.0,0.46962324940712397,135.0,0.006867728181427007,0.14399029565949434,1.0
9.0,0.46962324940712397,136.0,0.018165313164128765,5.99342951982405,1.0
9.0,0.46962324940712397,137.0,0.012580188766092766,0.19227328564554907,1.0
9.0,0.46962324940712397,138.0,0.07127127192348522,0.019655709646715862,0.0
9.0,0.46962324940712397,139.0,0.06977698092299445,0.0,0.0
9.0,0.46962324940712397,140.0,0.25764804096134314,0.0031597743305052974,0.0
9.0,0.46962324940712397,141.0,0.057748863038948606,0.002618551452734316,0.0
9.0,0.46962324940712397,142.0,0.057616270055732305,0.00093443289304602,0.0
9.0,0.46962324940712397,143.0,0.007213651672964239,0.007989562866527192,1.0
9.0,0.46962324940712397,144.0,0.16256676057369907,0.001398822455584306,0.0
9.0,0.46962324940712397,145.0,0.04534408364837296,0.0004974064785398641,0.0
9.0,0.46962324940712397,146.0,0.05739919986976701,0.003401862015562434,0.0
9.0,0.46962324940712397,147.0,0.06921899220730907,0.00039554601338309594,0.0
9.0,0.46962324940712397,148.0,0.011315180458462977,2.042089304670019,1.0
9.0,0.46962324940712397,149.0,0.006258431457166295,0.054865284169395775,1.0
9.0,0.46962324940712397,150.0,0.06477400156671413,0.0012157741025143104,0.0
9.0,0.46962324940712397,151.0,0.00689994129855402,0.024973217638399967,1.0
9.0,0.46962324940712397,152.0,0.06737999709582765,0.0005589820501140479,0.0
9.0,0.46962324940712397,153.0,0.14401565700742952,0.0,0.0
9.0,0.46962324940712397,154.0,0.06935223095778359,0.0008152121874461845,0.0
9.0,0.46962324940712397,155.0,0.07048816089343035,0.003816169385899098,0.0
9.0,0.46962324940712397,156.0,0.020069742995812687,0.0012059419206176842,1.0
9.0,0.46962324940712397,157.0,0.16470689506230293,0.0,0.0
9.0,0.46962324940712397,158.0,0.055175482339249536,0.0010359722299954708,0.0
9.0,0.46962324940712397,159.0,0.10046058042577911,0.018731973860300802,0.0
9.0,0.46962324940712397,160.0,0.0688943877288632,0.06957062388410808,0.0
9.0,0.46962324940712397,161.0,0.0716977157569195,0.0,0.0
9.0,0.46962324940712397,162.0,0.01905881797396361,0.9681440965599577,1.0
9.0,0.46962324940712397,163.0,0.006609180148960563,0.005900075007000895,1.0
9.0,0.46962324940712397,164.0,0.07170436850176183,0.01908924498735415,0.0
9.0,0.46962324940712397,165.0,0.07041413958805226,4.451929469975471e-05,0.0
9.0,0.46962324940712397,166.0,0.06580156824806913,2.587685550723564e-05,0.0
9.0,0.46962324940712397,167.0,0.2507745222255453,4.0600346183512484e-05,0.0
9.0,0.46962324940712397,168.0,0.16424530480145516,0.0,0.0
9.0,0.46962324940712397,169.0,0.04532619141058698,2.3189473602196083e-05,0.0
9.0,0.46962324940712397,170.0,0.05371536968000262,0.021260101244379444,0.0
9.0,0.46962324940712397,171.0,0.003337614920656636,0.09242293353296187,1.0
9.0,0.46962324940712397,172.0,0.005829592851720802,0.49986728175543066,1.0
9.0,0.46962324940712397,173.0,0.00465351501585281,0.01289291483634409,1.0
9.0,0.46962324940712397,174.0,0.16356863188998277,0.023381305237413927,0.0
9.0,0.46962324940712397,175.0,0.005480205743755532,0.0009753590364242355,1.0
9.0,0.46962324940712397,176.0,0.006332338560572696,0.20461835336860107,1.0
9.0,0.46962324940712397,177.0,0.0453258583642594,0.013639361081581237,0.0
9.0,0.46962324940712397,178.0,0.07524370848376846,0.00757195629918626,0.0
9.0,0.46962324940712397,179.0,0.06706697094314171,0.025291818606805263,0.0
9.0,0.46962324940712397,180.0,0.00869644828721089,3.7225662136093436,1.0
9.0,0.46962324940712397,181.0,0.05725320602301106,0.007272250122608551,0.0
9.0,0.46962324940712397,182.0,0.25649741467667553,0.00031073105174699446,0.0
9.0,0.46962324940712397,183.0,0.05635546623856537,0.010570189847899059,0.0
9.0,0.46962324940712397,184.0,0.022651495573752622,4.5929907255496795e-06,1.0
9.0,0.46962324940712397,185.0,0.256842221944452,0.0043694908843544995,0.0
9.0,0.46962324940712397,186.0,0.05667629662742034,0.018914712548467712,0.0
9.0,0.46962324940712397,187.0,0.05823500187030488,1.5688350205970402e-06,0.0
9.0,0.46962324940712397,188.0,0.04891292011899944,13.205641554664789,1.0
9.0,0.46962324940712397,189.0,0.1651122039906348,1.2381664411065664e-05,0.0
9.0,0.46962324940712397,190.0,0.006263657843970899,0.0032534014671066823,1.0
9.0,0.46962324940712397,191.0,0.006788377684451404,0.18601659468155488,1.0
9.0,0.46962324940712397,192.0,0.007240270684739488,0.3005137188425716,1.0
9.0,0.46962324940712397,193.0,0.2586521818319958,0.0011599708690399914,0.0
9.0,0.46962324940712397,194.0,0.016803963466283975,1.2796360417293924,1.0
9.0,0.46962324940712397,195.0,0.00718646912509562,0.010089407025413262,1.0
9.0,0.46962324940712397,196.0,0.2516170728521044,0.0013071067643083748,0.0
9.0,0.46962324940712397,197.0,0.006363354624615653,0.0045326778154456075,1.0
9.0,0.46962324940712397,198.0,0.006303658560999335,0.03502508435167828,1.0
9.0,0.46962324940712397,199.0,0.0714705976316484,0.00016046743571171136,0.0
9.0,0.46962324940712397,200.0,0.06506892530319225,0.0051373511883975025,0.0
9.0,0.46962324940712397,201.0,0.06958234406384564,0.0,0.0
9.0,0.46962324940712397,202.0,0.07218981939796039,0.0,0.0
9.0,0.46962324940712397,203.0,0.011608453387447865,0.11725678979391263,1.0
9.0,0.46962324940712397,204.0,0.07051996700283084,5.74193057619376e-06,0.0
9.0,0.46962324940712397,205.0,0.07124523028803112,0.0,0.0
9.0,0.46962324940712397,206.0,0.007235502246695072,2.3432739215831533,1.0
9.0,0.46962324940712397,207.0,0.1588933797742092,0.0,0.0
9.0,0.46962324940712397,208.0,0.00472388766925198,0.08363839683895659,1.0
9.0,0.46962324940712397,209.0,0.00617630789641749,0.056398887413041346,1.0
9.0,0.46962324940712397,210.0,0.07485222180575926,6.786859579881127e-06,1.0
9.0,0.46962324940712397,211.0,0.07091535805041596,0.09887643402373901,0.0
9.0,0.46962324940712397,212.0,0.006446124777043869,1.119519197138967,1.0
9.0,0.46962324940712397,213.0,0.07050803203316101,0.0,0.0
9.0,0.46962324940712397,214.0,0.06455291822485915,0.0007079568684957772,0.0
9.0,0.46962324940712397,215.0,0.0697627998833805,0.0002472705649892647,0.0
9.0,0.46962324940712397,216.0,0.0062521473172451845,0.00023664802752674602,1.0
9.0,0.46962324940712397,217.0,0.003770700385851355,1.6059770476628066,1.0
9.0,0.46962324940712397,218.0,0.05737510618168412,0.005153093214036966,0.0
9.0,0.46962324940712397,219.0,0.07326857654976568,0.0,0.0
9.0,0.46962324940712397,220.0,0.05642338468793927,0.002100437454808904,0.0
9.0,0.46962324940712397,221.0,0.0052297159362358105,0.868068484269902,1.0
9.0,0.46962324940712397,222.0,0.07633336069401975,0.00022652765518249484,0.0
9.0,0.46962324940712397,223.0,0.006118940965103405,0.015316113397695863,1.0
9.0,0.46962324940712397,224.0,0.07242388238024014,9.297918659233155e-06,0.0
9.0,0.46962324940712397,225.0,0.05586721756655795,0.0,0.0
9.0,0.46962324940712397,226.0,0.013460716541568349,0.8662192210430624,1.0
9.0,0.46962324940712397,227.0,0.06755569937903627,1.2851296527038546e-05,0.0
9.0,0.46962324940712397,228.0,0.0075090180335977376,0.8422385376626257,1.0
9.0,0.46962324940712397,229.0,0.14283161173525377,6.497276037421498e-05,0.0
9.0,0.46962324940712397,230.0,0.006741612843916939,0.0004074664584274005,1.0
9.0,0.46962324940712397,231.0,0.056102924743500024,4.228413119028083e-05,0.0
9.0,0.46962324940712397,232.0,0.04652333620244198,0.0,0.0
9.0,0.46962324940712397,233.0,0.07140172682134975,0.001239201910718487,0.0
9.0,0.46962324940712397,234.0,0.00486351157416669,3.1683768141397435e-05,1.0
9.0,0.46962324940712397,235.0,0.0692423037020122,0.00497461283389852,0.0
9.0,0.46962324940712397,236.0,0.06842791170213877,1.1262190922088694e-05,0.0
9.0,0.46962324940712397,237.0,0.006210563138206353,4.87823560237002,1.0
9.0,0.46962324940712397,238.0,0.005547966729096213,5.964885226312832e-06,1.0
9.0,0.46962324940712397,239.0,0.07226162422888148,0.0,0.0
9.0,0.46962324940712397,240.0,0.25887538831404766,0.0005854626474564923,0.0
9.0,0.46962324940712397,241.0,0.05696775936843992,0.0012152572085553602,0.0
9.0,0.46962324940712397,242.0,0.009074564484312899,1.1712385035947372,1.0
9.0,0.46962324940712397,243.0,0.06925001332794978,6.559660056142596e-05,0.0
9.0,0.46962324940712397,244.0,0.07107628147938674,0.0,0.0
9.0,0.46962324940712397,245.0,0.07263859202019574,0.0,0.0
9.0,0.46962324940712397,246.0,0.07064378462848458,8.546545256435491e-06,0.0
9.0,0.46962324940712397,247.0,0.06617882814028139,0.01966300842594146,0.0
9.0,0.46962324940712397,248.0,0.06859489037396228,0.00404394180762031,0.0
9.0,0.46962324940712397,249.0,0.0691578522880307,0.0005475220669704775,0.0
9.0,0.46962324940712397,250.0,0.0721539415525391,0.0,0.0
9.0,0.46962324940712397,251.0,0.06964171426683544,0.02440233727355649,0.0
9.0,0.46962324940712397,252.0,0.003958979406833301,0.041986092095989906,1.0
9.0,0.46962324940712397,253.0,0.07177299141714107,0.00939408883950155,0.0
9.0,0.46962324940712397,254.0,0.16027310892824811,0.02416624247203996,0.0
9.0,0.46962324940712397,255.0,0.05796435579831284,0.0,0.0
9.0,0.46962324940712397,256.0,0.07258509936967567,9.114596581874689e-06,0.0
9.0,0.46962324940712397,257.0,0.0067642602980746746,0.07586306060815565,1.0
9.0,0.46962324940712397,258.0,0.06394787557370231,1.739697011990514e-05,0.0
9.0,0.46962324940712397,259.0,0.05575567680555946,2.3035685737583114e-06,0.0
9.0,0.46962324940712397,260.0,0.06733984805215013,0.0,0.0
9.0,0.46962324940712397,261.0,0.06632090213780076,1.4621062189798505e-05,0.0
9.0,0.46962324940712397,262.0,0.14472178126433805,8.803121652018822e-06,0.0
9.0,0.46962324940712397,263.0,0.25005594608173826,0.00011933890482739751,0.0
9.0,0.46962324940712397,264.0,0.16311037352488691,0.000874672406533607,0.0
9.0,0.46962324940712397,265.0,0.024764178830267575,2.0704133311449553,1.0
9.0,0.46962324940712397,266.0,0.020950480434554896,0.047222955840788436,1.0
9.0,0.46962324940712397,267.0,0.00640568101999192,0.0010155575448145405,1.0
9.0,0.46962324940712397,268.0,0.07202922142277149,7.481439398251708e-05,0.0
9.0,0.46962324940712397,269.0,0.07168537848328832,0.0006084661819175867,0.0
9.0,0.46962324940712397,270.0,0.006648171906423852,0.0034118294696411536,1.0
9.0,0.46962324940712397,271.0,0.04463261494081695,0.0002553515173915944,0.0
9.0,0.46962324940712397,272.0,0.06964861310524903,1.3481123021455477e-05,0.0
9.0,0.46962324940712397,273.0,0.006950414697503987,0.051514249071073354,1.0
9.0,0.46962324940712397,274.0,0.06950224130073158,0.023982252611891908,0.0
9.0,0.46962324940712397,275.0,0.25694799152371806,0.027973294335846843,0.0
9.0,0.46962324940712397,276.0,0.0695982596642871,0.00018924539275524236,0.0
9.0,0.46962324940712397,277.0,0.006783349391003493,0.0001470815587996163,1.0
9.0,0.46962324940712397,278.0,0.07129003976744361,0.0,0.0
9.0,0.46962324940712397,279.0,0.05419170600374815,8.365461280983452e-05,0.0
9.0,0.46962324940712397,280.0,0.0704923877494154,2.169672651760377e-05,0.0
9.0,0.46962324940712397,281.0,0.05647769862398899,0.0,0.0
9.0,0.46962324940712397,282.0,0.006100178152492926,0.05078008533187352,1.0
9.0,0.46962324940712397,283.0,0.0065249979289564546,1.5371240038593845,1.0
9.0,0.46962324940712397,284.0,0.07176202135677275,0.0,0.0
9.0,0.46962324940712397,285.0,0.05630277459272758,0.0,0.0
9.0,0.46962324940712397,286.0,0.008626118436168497,3.7207560720524864,1.0
9.0,0.46962324940712397,287.0,0.006539969875855562,0.005403753655174818,1.0
9.0,0.46962324940712397,288.0,0.06967954646889524,0.0020667665979422563,0.0
9.0,0.46962324940712397,289.0,0.05628589506426927,7.84632305335918e-06,0.0
9.0,0.46962324940712397,290.0,0.00727974716477151,0.02558594200107033,1.0
9.0,0.46962324940712397,291.0,0.01028074972779186,0.07555896689439463,1.0
9.0,0.46962324940712397,292.0,0.006437990543167491,0.04634290293235196,1.0
9.0,0.46962324940712397,293.0,0.165026515838179,0.007389548058192308,0.0
9.0,0.46962324940712397,294.0,0.006277825275037564,0.0398431777620035,1.0
9.0,0.46962324940712397,295.0,0.0655018023742868,2.6972285166847928e-05,0.0
9.0,0.46962324940712397,296.0,0.07062086994741879,5.052826641141391e-06,0.0
9.0,0.46962324940712397,297.0,0.006429277898989012,0.0003353941895218087,1.0
9.0,0.46962324940712397,298.0,0.05687879704444532,1.0778663276895359e-06,0.0
9.0,0.46962324940712397,299.0,0.004218055390097999,3.7460767820266025,1.0
9.0,0.46962324940712397,300.0,0.07170703665767197,0.0,0.0
9.0,0.46962324940712397,301.0,0.05615658342656488,0.0,0.0
9.0,0.46962324940712397,302.0,0.002828711967278598,0.002072834398774902,1.0
9.0,0.46962324940712397,303.0,0.00763538861522678,0.18397952352246613,1.0
9.0,0.46962324940712397,304.0,0.07139452229431885,0.019038442512866686,0.0
9.0,0.46962324940712397,305.0,0.05840959797522149,0.000503055741765399,0.0
9.0,0.46962324940712397,306.0,0.07486039672552355,0.00033190674969995037,0.0
9.0,0.46962324940712397,307.0,0.05661482527983147,0.0,0.0
9.0,0.46962324940712397,308.0,0.0068485822128157275,0.971724225599395,1.0
9.0,0.46962324940712397,309.0,0.005733610275406445,1.2101291509261818,1.0
9.0,0.46962324940712397,310.0,0.04470574505230286,6.890697942142059e-05,0.0
9.0,0.46962324940712397,311.0,0.00288897324185188,0.0007308090409961677,1.0
9.0,0.46962324940712397,312.0,0.07112533075931811,0.0,0.0
9.0,0.46962324940712397,313.0,0.05780047383710802,0.0008161289862999411,0.0
9.0,0.46962324940712397,314.0,0.07240312454742044,0.0,0.0
9.0,0.46962324940712397,315.0,0.023940484036688782,2.5257452466206964,1.0
9.0,0.46962324940712397,316.0,0.0068234424977560845,0.014837814485380442,1.0
9.0,0.46962324940712397,317.0,0.010455274700082952,2.8080116737916213e-06,1.0
9.0,0.46962324940712397,318.0,0.0049974811107840085,2.00894404778789,1.0
9.0,0.46962324940712397,319.0,0.04690657745359303,2.1661022142072746e-05,0.0
9.0,0.46962324940712397,320.0,0.007305704279454005,0.11626451890576239,1.0
9.0,0.46962324940712397,321.0,0.14460957854419504,0.009145352823591364,0.0
9.0,0.46962324940712397,322.0,0.04446678857536468,0.02090573563531965,0.0
9.0,0.46962324940712397,323.0,0.1449905676691117,0.0,0.0
9.0,0.46962324940712397,324.0,0.056348265804323505,0.0,0.0
9.0,0.46962324940712397,325.0,0.05570049648587716,2.9066784903926016e-06,0.0
9.0,0.46962324940712397,326.0,0.05732298458599536,0.00037060901455172873,0.0
9.0,0.46962324940712397,327.0,0.005574981006595883,0.29290974098327954,1.0
9.0,0.46962324940712397,328.0,0.13870285261536447,0.010351687108257445,0.0
9.0,0.46962324940712397,329.0,0.14258878930192667,0.00010929776303694338,0.0
9.0,0.46962324940712397,330.0,0.1585887319208803,0.00035896174305677587,0.0
9.0,0.46962324940712397,331.0,0.04828727672973799,0.0,0.0
9.0,0.46962324940712397,332.0,0.021000251352170107,2.3148068030632705,1.0
9.0,0.46962324940712397,333.0,0.13959639427077827,2.0283773374078413e-05,0.0
9.0,0.46962324940712397,334.0,0.007143223686168995,0.020998902844571198,1.0
9.0,0.46962324940712397,335.0,0.007275651157876999,0.004510702910187404,1.0
9.0,0.46962324940712397,336.0,0.06983754117583957,2.6342679255755618e-06,0.0
9.0,0.46962324940712397,337.0,0.02105281705160768,0.010720825687114242,1.0
9.0,0.46962324940712397,338.0,0.07075939067098722,0.00021404106352665024,0.0
9.0,0.46962324940712397,339.0,0.2569283467415653,0.001501847266430799,0.0
9.0,0.46962324940712397,340.0,0.16526467286982022,0.0,0.0
9.0,0.46962324940712397,341.0,0.07041011533149827,0.0,0.0
9.0,0.46962324940712397,342.0,0.05568133041624727,4.317828276379372e-05,0.0
9.0,0.46962324940712397,343.0,0.07292383338517153,0.000815140801358803,0.0
9.0,0.46962324940712397,344.0,0.01702061145796723,0.0002641765062351333,1.0
9.0,0.46962324940712397,345.0,0.010919806962135306,0.025515175484488208,1.0
9.0,0.46962324940712397,346.0,0.027459823280238983,0.0054502920737660365,1.0
9.0,0.46962324940712397,347.0,0.057167809511809414,0.0,0.0
9.0,0.46962324940712397,348.0,0.05871313035476808,0.0,0.0
9.0,0.46962324940712397,349.0,0.07079889937709388,0.0001730808183271994,0.0
9.0,0.46962324940712397,350.0,0.06626178907831048,3.9976946082391036e-05,0.0
9.0,0.46962324940712397,351.0,0.00797478102528413,5.540226354596936,1.0
9.0,0.46962324940712397,352.0,0.14476971439537273,0.0,0.0
9.0,0.46962324940712397,353.0,0.0638276533744236,0.00104411977434928,0.0
9.0,0.46962324940712397,354.0,0.043934461021919,0.018723001115970254,0.0
9.0,0.46962324940712397,355.0,0.07194586224939747,0.0,0.0
9.0,0.46962324940712397,356.0,0.07271955131948121,0.0004131670805227385,0.0
9.0,0.46962324940712397,357.0,0.006774851745625593,0.0012195617560530432,1.0
9.0,0.46962324940712397,358.0,0.07131511286025508,0.0015151545866171406,0.0
9.0,0.46962324940712397,359.0,0.07044367271003699,0.00036806283346349337,0.0
9.0,0.46962324940712397,360.0,0.25745175766504563,0.0004654705754692835,0.0
9.0,0.46962324940712397,361.0,0.006908583000441618,0.00924687237370515,1.0
9.0,0.46962324940712397,362.0,0.012593371875744809,5.64258020338016,1.0
9.0,0.46962324940712397,363.0,0.16380733924052843,0.0,0.0
9.0,0.46962324940712397,364.0,0.007457369874358654,0.0018703292448259085,1.0
9.0,0.46962324940712397,365.0,0.007127270103024989,0.031805318642731895,1.0
9.0,0.46962324940712397,366.0,0.07653924644830451,4.199245138914549e-06,0.0
9.0,0.46962324940712397,367.0,0.05481192600612413,7.769882143245536e-07,0.0
9.0,0.46962324940712397,368.0,0.07108700850940387,0.003044941117880584,0.0
9.0,0.46962324940712397,369.0,0.04498377867196026,0.00013346969751813135,0.0
9.0,0.46962324940712397,370.0,0.006862759253496682,0.015082492185095312,1.0
9.0,0.46962324940712397,371.0,0.14455134957232013,5.698180308772041e-05,0.0
9.0,0.46962324940712397,372.0,0.022184298422294087,0.5850930589736515,1.0
9.0,0.46962324940712397,373.0,0.011334719824305988,5.669754133450486,1.0
9.0,0.46962324940712397,374.0,0.06748216990312692,0.0,0.0
9.0,0.46962324940712397,375.0,0.0022338268929991342,0.007624717099657099,1.0
9.0,0.46962324940712397,376.0,0.008405674658317102,0.9021612229736895,1.0
9.0,0.46962324940712397,377.0,0.25646337231557986,0.03588488402362687,0.0
9.0,0.46962324940712397,378.0,0.06702295736603382,0.0,0.0
9.0,0.46962324940712397,379.0,0.04644275678662679,0.0,0.0
9.0,0.46962324940712397,380.0,0.007381306648813704,0.2857561785205385,1.0
9.0,0.46962324940712397,381.0,0.005121589192041382,2.551358311799705,1.0
9.0,0.46962324940712397,382.0,0.057705686658221164,0.0,0.0
9.0,0.46962324940712397,383.0,0.06444350795780085,0.021873556511531108,0.0
9.0,0.46962324940712397,384.0,0.017708812149976237,0.0005381921471360694,1.0
9.0,0.46962324940712397,385.0,0.07333295834074348,0.005852730625181784,0.0
9.0,0.46962324940712397,386.0,0.008494119529907298,0.0912695471559845,1.0
9.0,0.46962324940712397,387.0,0.07188664878488799,4.010392759890921e-06,0.0
9.0,0.46962324940712397,388.0,0.011274664799998252,0.01661380769789745,1.0
9.0,0.46962324940712397,389.0,0.1445770028341586,0.028222087059105404,0.0
9.0,0.46962324940712397,390.0,0.008041698789445046,0.00916351107336511,1.0
9.0,0.46962324940712397,391.0,0.056736048930208394,0.0,0.0
9.0,0.46962324940712397,392.0,0.05770246953645776,0.006155379299511745,0.0
9.0,0.46962324940712397,393.0,0.25369739125511276,0.0,0.0
9.0,0.46962324940712397,394.0,0.00731953042265567,1.812927760765847,1.0
9.0,0.46962324940712397,395.0,0.05696589654001627,5.985171397754069e-07,0.0
9.0,0.46962324940712397,396.0,0.14404139494182164,0.00044678660810303094,0.0
9.0,0.46962324940712397,397.0,0.14249838060033432,0.007120522348024482,0.0
9.0,0.46962324940712397,398.0,0.005602648945121226,0.8065103607291014,1.0
9.0,0.46962324940712397,399.0,0.007090727893132268,0.0010840522426793524,1.0
9.0,0.5367122850367131,0.0,0.008900304289675386,0.13038192992539524,1.0
9.0,0.5367122850367131,1.0,0.2571462129388323,0.007297179017091735,0.0
9.0,0.5367122850367131,2.0,0.003514723102100433,0.0018584674560330396,1.0
9.0,0.5367122850367131,3.0,0.014168967413971244,0.0008506299826615598,1.0
9.0,0.5367122850367131,4.0,0.04452815301335049,0.0007702864041870717,0.0
9.0,0.5367122850367131,5.0,0.2572202273694668,0.0004555073046468484,0.0
9.0,0.5367122850367131,6.0,0.2600281134991708,0.0,0.0
9.0,0.5367122850367131,7.0,0.07091330921868792,0.0,0.0
9.0,0.5367122850367131,8.0,0.0063728367157126235,0.0015612911725343185,1.0
9.0,0.5367122850367131,9.0,0.018341558614320855,0.005887426866773747,1.0
9.0,0.5367122850367131,10.0,0.1240299457644819,0.01948684698813873,0.0
9.0,0.5367122850367131,11.0,0.03487627473961011,6.849357949371674,1.0
9.0,0.5367122850367131,12.0,0.05930888217740329,0.0,0.0
9.0,0.5367122850367131,13.0,0.07270239406496262,0.0,0.0
9.0,0.5367122850367131,14.0,0.006943527783018137,0.007467556385557091,1.0
9.0,0.5367122850367131,15.0,0.07235688055020133,0.0,0.0
9.0,0.5367122850367131,16.0,0.0979646777560641,3.234120554199723e-08,0.0
9.0,0.5367122850367131,17.0,0.006535447517253281,0.001142580559496858,1.0
9.0,0.5367122850367131,18.0,0.0729459011161725,3.554453519376985e-05,0.0
9.0,0.5367122850367131,19.0,0.06780947685600046,0.00012721028312434834,0.0
9.0,0.5367122850367131,20.0,0.006033614439350889,0.21509429346073816,1.0
9.0,0.5367122850367131,21.0,0.0737691964896679,3.255032369210754e-06,0.0
9.0,0.5367122850367131,22.0,0.069829590533229,0.0,0.0
9.0,0.5367122850367131,23.0,0.07240886426715638,7.962842400538965e-05,0.0
9.0,0.5367122850367131,24.0,0.16378377717954845,0.0002732548059886821,0.0
9.0,0.5367122850367131,25.0,0.1628338743004895,0.011440869515392603,0.0
9.0,0.5367122850367131,26.0,0.04463452582586879,0.00014069217523975618,0.0
9.0,0.5367122850367131,27.0,0.022143630752192715,6.4041898471170065,1.0
9.0,0.5367122850367131,28.0,0.07000116346620391,0.02479603063883946,0.0
9.0,0.5367122850367131,29.0,0.2570575189321277,0.0031304929365089146,0.0
9.0,0.5367122850367131,30.0,0.01158755815154544,0.00010013189173168026,1.0
9.0,0.5367122850367131,31.0,0.14343140430830237,0.010240192033110503,0.0
9.0,0.5367122850367131,32.0,0.006220306671358691,0.0034537920728650658,1.0
9.0,0.5367122850367131,33.0,0.2569166061286228,5.644435077654109e-05,0.0
9.0,0.5367122850367131,34.0,0.01899061690281575,1.7898660327869391,1.0
9.0,0.5367122850367131,35.0,0.0702048451501083,0.0007703370646338163,0.0
9.0,0.5367122850367131,36.0,0.07033656720049551,0.00237177807324274,0.0
9.0,0.5367122850367131,37.0,0.06681500331280568,0.000619050527039101,0.0
9.0,0.5367122850367131,38.0,0.2607743918862042,0.0019457181957898667,0.0
9.0,0.5367122850367131,39.0,0.25880365685622025,0.023088296833513468,0.0
9.0,0.5367122850367131,40.0,0.0702976357133295,0.003568351506154063,0.0
9.0,0.5367122850367131,41.0,0.05670095052107107,0.0,0.0
9.0,0.5367122850367131,42.0,0.12543340729290475,0.0013165693333963967,0.0
9.0,0.5367122850367131,43.0,0.05930462577759112,0.01855388454387246,0.0
9.0,0.5367122850367131,44.0,0.02242449089331933,14.406223638711431,1.0
9.0,0.5367122850367131,45.0,0.07569274189162326,0.0,0.0
9.0,0.5367122850367131,46.0,0.144838681923407,0.0,0.0
9.0,0.5367122850367131,47.0,0.04407519538029468,12.024199792375233,1.0
9.0,0.5367122850367131,48.0,0.006912119197659632,0.00019614652332458765,1.0
9.0,0.5367122850367131,49.0,0.09037111718977218,0.002807954845706419,0.0
9.0,0.5367122850367131,50.0,0.01637226344683177,1.236057066245927,1.0
9.0,0.5367122850367131,51.0,0.006056903318863703,1.2666483323385958,1.0
9.0,0.5367122850367131,52.0,0.06948218109789091,0.0017626905737881072,0.0
9.0,0.5367122850367131,53.0,0.016227675707805443,0.0012641652171056239,1.0
9.0,0.5367122850367131,54.0,0.01772705216531886,0.1703089168313957,1.0
9.0,0.5367122850367131,55.0,0.01731618375065345,0.09140640277592658,1.0
9.0,0.5367122850367131,56.0,0.016100184050127597,0.0002994294727263676,1.0
9.0,0.5367122850367131,57.0,0.01098302681437907,5.808254027136883,1.0
9.0,0.5367122850367131,58.0,0.07343379066244844,2.5954718574788614e-06,0.0
9.0,0.5367122850367131,59.0,0.1273926808633351,0.0,0.0
9.0,0.5367122850367131,60.0,0.07060306911332782,0.0,0.0
9.0,0.5367122850367131,61.0,0.14287524858306994,0.0,0.0
9.0,0.5367122850367131,62.0,0.14344132059945888,0.024002165936571264,0.0
9.0,0.5367122850367131,63.0,0.07425858426075378,0.0,0.0
9.0,0.5367122850367131,64.0,0.1281683479435753,0.0020846035369029,0.0
9.0,0.5367122850367131,65.0,0.06934348179812652,0.0003122710056635172,0.0
9.0,0.5367122850367131,66.0,0.12586762654790734,0.02161186350969149,0.0
9.0,0.5367122850367131,67.0,0.007102967466660384,0.05270437690281175,1.0
9.0,0.5367122850367131,68.0,0.1439754923382507,0.0,0.0
9.0,0.5367122850367131,69.0,0.11431643859922401,3.038384093339637e-05,0.0
9.0,0.5367122850367131,70.0,0.008452624294661973,0.2476407246309329,1.0
9.0,0.5367122850367131,71.0,0.0069984249911652745,0.0013649634446142576,1.0
9.0,0.5367122850367131,72.0,0.07166939359063454,0.02051123156194729,0.0
9.0,0.5367122850367131,73.0,0.05619828486161754,2.3090487920403283e-06,0.0
9.0,0.5367122850367131,74.0,0.04732768507402718,0.0,0.0
9.0,0.5367122850367131,75.0,0.023606706555100134,7.943845256336087,1.0
9.0,0.5367122850367131,76.0,0.007076602065662744,4.504185794789113,1.0
9.0,0.5367122850367131,77.0,0.05550714145331655,0.004712363455071666,0.0
9.0,0.5367122850367131,78.0,0.2592724303882446,0.0,0.0
9.0,0.5367122850367131,79.0,0.07035259142564049,0.0,0.0
9.0,0.5367122850367131,80.0,0.1438253632500303,0.0,0.0
9.0,0.5367122850367131,81.0,0.16283125798932843,0.0009475196966980702,0.0
9.0,0.5367122850367131,82.0,0.006808545859480822,0.020598102758839842,1.0
9.0,0.5367122850367131,83.0,0.012361357251453806,0.2173771797811848,1.0
9.0,0.5367122850367131,84.0,0.0387273767176573,3.7574183377574313,1.0
9.0,0.5367122850367131,85.0,0.06990375844516418,0.0004453814200628041,0.0
9.0,0.5367122850367131,86.0,0.16258120345384314,0.0002656405017752575,0.0
9.0,0.5367122850367131,87.0,0.1647995217572628,0.002051597955218048,0.0
9.0,0.5367122850367131,88.0,0.12741273902318984,0.001739243496469233,0.0
9.0,0.5367122850367131,89.0,0.004320353584570405,0.689746545209003,1.0
9.0,0.5367122850367131,90.0,0.259527012681035,0.0037272634521783444,0.0
9.0,0.5367122850367131,91.0,0.25697218070968975,7.950870223573375e-05,0.0
9.0,0.5367122850367131,92.0,0.005716951736783773,0.3939241473741906,1.0
9.0,0.5367122850367131,93.0,0.06996048806982186,0.0014000486998400495,0.0
9.0,0.5367122850367131,94.0,0.016062114545217693,0.003665352419429654,1.0
9.0,0.5367122850367131,95.0,0.14459942882141846,0.01933061434258533,0.0
9.0,0.5367122850367131,96.0,0.07079225815387048,0.023860494194002994,0.0
9.0,0.5367122850367131,97.0,0.06865969771583978,5.96465562122663e-05,0.0
9.0,0.5367122850367131,98.0,0.04664886831369873,0.002035056745705254,0.0
9.0,0.5367122850367131,99.0,0.07349360543518696,0.020306412275763155,0.0
9.0,0.5367122850367131,100.0,0.019968803228075815,0.015116196811153747,1.0
9.0,0.5367122850367131,101.0,0.01642453646830254,0.0211044853208894,1.0
9.0,0.5367122850367131,102.0,0.056299231311161074,0.0006329585184482423,0.0
9.0,0.5367122850367131,103.0,0.059219150520174624,0.0010980362912088497,0.0
9.0,0.5367122850367131,104.0,0.003021629282531552,0.0010883645581234252,1.0
9.0,0.5367122850367131,105.0,0.25864710980680267,0.0,0.0
9.0,0.5367122850367131,106.0,0.07034142133204935,0.014393636023180226,0.0
9.0,0.5367122850367131,107.0,0.2612614713083332,0.0,0.0
9.0,0.5367122850367131,108.0,0.07132039208118335,0.007752010363025198,0.0
9.0,0.5367122850367131,109.0,0.05844219737655004,0.0,0.0
9.0,0.5367122850367131,110.0,0.0445621199048941,6.544116641534984e-05,0.0
9.0,0.5367122850367131,111.0,0.009337039497438837,1.518648373608866,1.0
9.0,0.5367122850367131,112.0,0.007224339104064329,0.0011974327887844533,1.0
9.0,0.5367122850367131,113.0,0.07138656446379918,0.008909520586199093,0.0
9.0,0.5367122850367131,114.0,0.011913648546152091,0.17784051878036636,1.0
9.0,0.5367122850367131,115.0,0.013292284115075458,0.01289631217254881,1.0
9.0,0.5367122850367131,116.0,0.04647705840561206,0.0,0.0
9.0,0.5367122850367131,117.0,0.07251976035721946,0.0,0.0
9.0,0.5367122850367131,118.0,0.07028736531617161,0.021709066451634864,0.0
9.0,0.5367122850367131,119.0,0.014651168476549419,0.0007837943824716933,1.0
9.0,0.5367122850367131,120.0,0.0075761720090118554,0.1475229626354564,1.0
9.0,0.5367122850367131,121.0,0.07029098004250425,0.039681722350353416,0.0
9.0,0.5367122850367131,122.0,0.017525651609237435,6.616787546512854,1.0
9.0,0.5367122850367131,123.0,0.1427940193100782,0.004358729087426202,0.0
9.0,0.5367122850367131,124.0,0.004657855666952503,0.0026803484462865784,1.0
9.0,0.5367122850367131,125.0,0.2589243121087799,1.734019110564967e-06,0.0
9.0,0.5367122850367131,126.0,0.016237806725360807,1.0477937569571112,1.0
9.0,0.5367122850367131,127.0,0.07010904522418138,0.01985022883399076,0.0
9.0,0.5367122850367131,128.0,0.007606200288070171,1.0689968630129558,1.0
9.0,0.5367122850367131,129.0,0.2573530159530262,0.0003124340361004545,0.0
9.0,0.5367122850367131,130.0,0.010129798588611147,0.0750665481604791,1.0
9.0,0.5367122850367131,131.0,0.12436250165184148,0.0017006959281733738,0.0
9.0,0.5367122850367131,132.0,0.05900545275401747,0.0,0.0
9.0,0.5367122850367131,133.0,0.012857655085160458,3.4779133159621898,1.0
9.0,0.5367122850367131,134.0,0.055660955190966525,2.639363595779926e-05,0.0
9.0,0.5367122850367131,135.0,0.016048672824451705,0.6075872606851077,1.0
9.0,0.5367122850367131,136.0,0.018165313164128765,5.99342951982405,1.0
9.0,0.5367122850367131,137.0,0.2577329837419778,0.0014855124376911214,0.0
9.0,0.5367122850367131,138.0,0.07127127192348522,0.019655709646715862,0.0
9.0,0.5367122850367131,139.0,0.25903887813100185,0.0,0.0
9.0,0.5367122850367131,140.0,0.25764804096134314,0.0031597743305052974,0.0
9.0,0.5367122850367131,141.0,0.057748863038948606,0.002618551452734316,0.0
9.0,0.5367122850367131,142.0,0.057616270055732305,0.00093443289304602,0.0
9.0,0.5367122850367131,143.0,0.007213651672964239,0.007989562866527192,1.0
9.0,0.5367122850367131,144.0,0.16256676057369907,0.001398822455584306,0.0
9.0,0.5367122850367131,145.0,0.04534408364837296,0.0004974064785398641,0.0
9.0,0.5367122850367131,146.0,0.05739919986976701,0.003401862015562434,0.0
9.0,0.5367122850367131,147.0,0.06921899220730907,0.00039554601338309594,0.0
9.0,0.5367122850367131,148.0,0.011315180458462977,2.042089304670019,1.0
9.0,0.5367122850367131,149.0,0.006258431457166295,0.054865284169395775,1.0
9.0,0.5367122850367131,150.0,0.1256992524652108,0.0011975958517550973,0.0
9.0,0.5367122850367131,151.0,0.00689994129855402,0.024973217638399967,1.0
9.0,0.5367122850367131,152.0,0.12778616533699164,0.0005581063271807002,0.0
9.0,0.5367122850367131,153.0,0.14401565700742952,0.0,0.0
9.0,0.5367122850367131,154.0,0.06935223095778359,0.0008152121874461845,0.0
9.0,0.5367122850367131,155.0,0.07048816089343035,0.003816169385899098,0.0
9.0,0.5367122850367131,156.0,0.020069742995812687,0.0012059419206176842,1.0
9.0,0.5367122850367131,157.0,0.16470689506230293,0.0,0.0
9.0,0.5367122850367131,158.0,0.055175482339249536,0.0010359722299954708,0.0
9.0,0.5367122850367131,159.0,0.26202750032268435,0.018570202154629647,0.0
9.0,0.5367122850367131,160.0,0.0688943877288632,0.06957062388410808,0.0
9.0,0.5367122850367131,161.0,0.0716977157569195,0.0,0.0
9.0,0.5367122850367131,162.0,0.01905881797396361,0.9681440965599577,1.0
9.0,0.5367122850367131,163.0,0.006609180148960563,0.005900075007000895,1.0
9.0,0.5367122850367131,164.0,0.07170436850176183,0.01908924498735415,0.0
9.0,0.5367122850367131,165.0,0.07041413958805226,4.451929469975471e-05,0.0
9.0,0.5367122850367131,166.0,0.06914717554331914,2.441527186809183e-05,0.0
9.0,0.5367122850367131,167.0,0.2507745222255453,4.0600346183512484e-05,0.0
9.0,0.5367122850367131,168.0,0.16424530480145516,0.0,0.0
9.0,0.5367122850367131,169.0,0.04532619141058698,2.3189473602196083e-05,0.0
9.0,0.5367122850367131,170.0,0.05371536968000262,0.021260101244379444,0.0
9.0,0.5367122850367131,171.0,0.003337614920656636,0.09242293353296187,1.0
9.0,0.5367122850367131,172.0,0.005829592851720802,0.49986728175543066,1.0
9.0,0.5367122850367131,173.0,0.2597659597457481,0.0002529727355964955,0.0
9.0,0.5367122850367131,174.0,0.16356863188998277,0.023381305237413927,0.0
9.0,0.5367122850367131,175.0,0.2585876021864684,1.5454913161581224e-05,0.0
9.0,0.5367122850367131,176.0,0.25819450607401495,0.0021989421860923856,0.0
9.0,0.5367122850367131,177.0,0.0453258583642594,0.013639361081581237,0.0
9.0,0.5367122850367131,178.0,0.07524370848376846,0.00757195629918626,0.0
9.0,0.5367122850367131,179.0,0.06706697094314171,0.025291818606805263,0.0
9.0,0.5367122850367131,180.0,0.02284991255586888,1.4687502919850035,1.0
9.0,0.5367122850367131,181.0,0.05725320602301106,0.007272250122608551,0.0
9.0,0.5367122850367131,182.0,0.25649741467667553,0.00031073105174699446,0.0
9.0,0.5367122850367131,183.0,0.05635546623856537,0.010570189847899059,0.0
9.0,0.5367122850367131,184.0,0.022651495573752622,4.5929907255496795e-06,1.0
9.0,0.5367122850367131,185.0,0.256842221944452,0.0043694908843544995,0.0
9.0,0.5367122850367131,186.0,0.25915749331087656,0.01891129778782483,0.0
9.0,0.5367122850367131,187.0,0.05823500187030488,1.5688350205970402e-06,0.0
9.0,0.5367122850367131,188.0,0.04891292011899944,13.205641554664789,1.0
9.0,0.5367122850367131,189.0,0.1651122039906348,1.2381664411065664e-05,0.0
9.0,0.5367122850367131,190.0,0.2585199981452029,0.0010011669136641686,0.0
9.0,0.5367122850367131,191.0,0.006788377684451404,0.18601659468155488,1.0
9.0,0.5367122850367131,192.0,0.007240270684739488,0.3005137188425716,1.0
9.0,0.5367122850367131,193.0,0.2586521818319958,0.0011599708690399914,0.0
9.0,0.5367122850367131,194.0,0.016803963466283975,1.2796360417293924,1.0
9.0,0.5367122850367131,195.0,0.2583843887835223,7.570927523573958e-05,0.0
9.0,0.5367122850367131,196.0,0.2516170728521044,0.0013071067643083748,0.0
9.0,0.5367122850367131,197.0,0.006363354624615653,0.0045326778154456075,1.0
9.0,0.5367122850367131,198.0,0.006303658560999335,0.03502508435167828,1.0
9.0,0.5367122850367131,199.0,0.0714705976316484,0.00016046743571171136,0.0
9.0,0.5367122850367131,200.0,0.12579207385176522,0.005105002817489194,0.0
9.0,0.5367122850367131,201.0,0.06958234406384564,0.0,0.0
9.0,0.5367122850367131,202.0,0.07218981939796039,0.0,0.0
9.0,0.5367122850367131,203.0,0.011608453387447865,0.11725678979391263,1.0
9.0,0.5367122850367131,204.0,0.07051996700283084,5.74193057619376e-06,0.0
9.0,0.5367122850367131,205.0,0.26283454893173047,0.0,0.0
9.0,0.5367122850367131,206.0,0.007235502246695072,2.3432739215831533,1.0
9.0,0.5367122850367131,207.0,0.16457670181282633,0.0,0.0
9.0,0.5367122850367131,208.0,0.00472388766925198,0.08363839683895659,1.0
9.0,0.5367122850367131,209.0,0.00617630789641749,0.056398887413041346,1.0
9.0,0.5367122850367131,210.0,0.07485222180575926,6.786859579881127e-06,1.0
9.0,0.5367122850367131,211.0,0.07091535805041596,0.09887643402373901,0.0
9.0,0.5367122850367131,212.0,0.006446124777043869,1.119519197138967,1.0
9.0,0.5367122850367131,213.0,0.07050803203316101,0.0,0.0
9.0,0.5367122850367131,214.0,0.11945151483580706,0.0007079124320948609,0.0
9.0,0.5367122850367131,215.0,0.0697627998833805,0.0002472705649892647,0.0
9.0,0.5367122850367131,216.0,0.0062521473172451845,0.00023664802752674602,1.0
9.0,0.5367122850367131,217.0,0.003770700385851355,1.6059770476628066,1.0
9.0,0.5367122850367131,218.0,0.05737510618168412,0.005153093214036966,0.0
9.0,0.5367122850367131,219.0,0.07326857654976568,0.0,0.0
9.0,0.5367122850367131,220.0,0.05642338468793927,0.002100437454808904,0.0
9.0,0.5367122850367131,221.0,0.0052297159362358105,0.868068484269902,1.0
9.0,0.5367122850367131,222.0,0.07633336069401975,0.00022652765518249484,0.0
9.0,0.5367122850367131,223.0,0.006118940965103405,0.015316113397695863,1.0
9.0,0.5367122850367131,224.0,0.07242388238024014,9.297918659233155e-06,0.0
9.0,0.5367122850367131,225.0,0.05586721756655795,0.0,0.0
9.0,0.5367122850367131,226.0,0.25780700560097425,0.014172122115376927,0.0
9.0,0.5367122850367131,227.0,0.06755569937903627,1.2851296527038546e-05,0.0
9.0,0.5367122850367131,228.0,0.12388351722089971,0.00698281578443186,0.0
9.0,0.5367122850367131,229.0,0.14283161173525377,6.497276037421498e-05,0.0
9.0,0.5367122850367131,230.0,0.006741612843916939,0.0004074664584274005,1.0
9.0,0.5367122850367131,231.0,0.056102924743500024,4.228413119028083e-05,0.0
9.0,0.5367122850367131,232.0,0.04652333620244198,0.0,0.0
9.0,0.5367122850367131,233.0,0.07140172682134975,0.001239201910718487,0.0
9.0,0.5367122850367131,234.0,0.00486351157416669,3.1683768141397435e-05,1.0
9.0,0.5367122850367131,235.0,0.26094403202994665,0.004690353158949964,0.0
9.0,0.5367122850367131,236.0,0.26061018007768827,1.0254736480043733e-05,0.0
9.0,0.5367122850367131,237.0,0.017787896729967296,7.708940112538863,1.0
9.0,0.5367122850367131,238.0,0.005547966729096213,5.964885226312832e-06,1.0
9.0,0.5367122850367131,239.0,0.07226162422888148,0.0,0.0
9.0,0.5367122850367131,240.0,0.25887538831404766,0.0005854626474564923,0.0
9.0,0.5367122850367131,241.0,0.2600565126168995,0.0011701360536629942,0.0
9.0,0.5367122850367131,242.0,0.009074564484312899,1.1712385035947372,1.0
9.0,0.5367122850367131,243.0,0.06925001332794978,6.559660056142596e-05,0.0
9.0,0.5367122850367131,244.0,0.07107628147938674,0.0,0.0
9.0,0.5367122850367131,245.0,0.07263859202019574,0.0,0.0
9.0,0.5367122850367131,246.0,0.07064378462848458,8.546545256435491e-06,0.0
9.0,0.5367122850367131,247.0,0.1269226827985385,0.019631438948922008,0.0
9.0,0.5367122850367131,248.0,0.06859489037396228,0.00404394180762031,0.0
9.0,0.5367122850367131,249.0,0.0691578522880307,0.0005475220669704775,0.0
9.0,0.5367122850367131,250.0,0.0721539415525391,0.0,0.0
9.0,0.5367122850367131,251.0,0.06964171426683544,0.02440233727355649,0.0
9.0,0.5367122850367131,252.0,0.003958979406833301,0.041986092095989906,1.0
9.0,0.5367122850367131,253.0,0.07177299141714107,0.00939408883950155,0.0
9.0,0.5367122850367131,254.0,0.16374266221823164,0.02416624247203996,0.0
9.0,0.5367122850367131,255.0,0.05796435579831284,0.0,0.0
9.0,0.5367122850367131,256.0,0.07258509936967567,9.114596581874689e-06,0.0
9.0,0.5367122850367131,257.0,0.2575544583459035,0.000487400982058005,0.0
9.0,0.5367122850367131,258.0,0.12753649363612482,1.6792140643482654e-05,0.0
9.0,0.5367122850367131,259.0,0.05575567680555946,2.3035685737583114e-06,0.0
9.0,0.5367122850367131,260.0,0.07074203459654843,0.0,0.0
9.0,0.5367122850367131,261.0,0.1284928845331716,7.511465153052474e-06,0.0
9.0,0.5367122850367131,262.0,0.14472178126433805,8.803121652018822e-06,0.0
9.0,0.5367122850367131,263.0,0.25005594608173826,0.00011933890482739751,0.0
9.0,0.5367122850367131,264.0,0.16311037352488691,0.000874672406533607,0.0
9.0,0.5367122850367131,265.0,0.2587241779619444,0.004470175728344155,0.0
9.0,0.5367122850367131,266.0,0.020950480434554896,0.047222955840788436,1.0
9.0,0.5367122850367131,267.0,0.258169796370863,7.85068466126856e-06,0.0
9.0,0.5367122850367131,268.0,0.07202922142277149,7.481439398251708e-05,0.0
9.0,0.5367122850367131,269.0,0.07168537848328832,0.0006084661819175867,0.0
9.0,0.5367122850367131,270.0,0.015596388553285602,0.003457668366324749,1.0
9.0,0.5367122850367131,271.0,0.04463261494081695,0.0002553515173915944,0.0
9.0,0.5367122850367131,272.0,0.06964861310524903,1.3481123021455477e-05,0.0
9.0,0.5367122850367131,273.0,0.015785082262138646,0.021833471827753612,1.0
9.0,0.5367122850367131,274.0,0.06950224130073158,0.023982252611891908,0.0
9.0,0.5367122850367131,275.0,0.25694799152371806,0.027973294335846843,0.0
9.0,0.5367122850367131,276.0,0.0695982596642871,0.00018924539275524236,0.0
9.0,0.5367122850367131,277.0,0.015605037928513196,0.00024967653621488033,1.0
9.0,0.5367122850367131,278.0,0.07129003976744361,0.0,0.0
9.0,0.5367122850367131,279.0,0.05419170600374815,8.365461280983452e-05,0.0
9.0,0.5367122850367131,280.0,0.0704923877494154,2.169672651760377e-05,0.0
9.0,0.5367122850367131,281.0,0.259898620471501,0.0,0.0
9.0,0.5367122850367131,282.0,0.01836644832022463,0.24873135847452285,1.0
9.0,0.5367122850367131,283.0,0.02939982288918501,15.965392717484253,1.0
9.0,0.5367122850367131,284.0,0.07176202135677275,0.0,0.0
9.0,0.5367122850367131,285.0,0.05630277459272758,0.0,0.0
9.0,0.5367122850367131,286.0,0.01633489175505847,0.6931541468643406,1.0
9.0,0.5367122850367131,287.0,0.006539969875855562,0.005403753655174818,1.0
9.0,0.5367122850367131,288.0,0.06967954646889524,0.0020667665979422563,0.0
9.0,0.5367122850367131,289.0,0.05628589506426927,7.84632305335918e-06,0.0
9.0,0.5367122850367131,290.0,0.00727974716477151,0.02558594200107033,1.0
9.0,0.5367122850367131,291.0,0.01028074972779186,0.07555896689439463,1.0
9.0,0.5367122850367131,292.0,0.014578771196610505,0.5724777569570833,1.0
9.0,0.5367122850367131,293.0,0.165026515838179,0.007389548058192308,0.0
9.0,0.5367122850367131,294.0,0.006277825275037564,0.0398431777620035,1.0
9.0,0.5367122850367131,295.0,0.1267030300211628,2.694833447832432e-05,0.0
9.0,0.5367122850367131,296.0,0.07062086994741879,5.052826641141391e-06,0.0
9.0,0.5367122850367131,297.0,0.006429277898989012,0.0003353941895218087,1.0
9.0,0.5367122850367131,298.0,0.05687879704444532,1.0778663276895359e-06,0.0
9.0,0.5367122850367131,299.0,0.004218055390097999,3.7460767820266025,1.0
9.0,0.5367122850367131,300.0,0.07170703665767197,0.0,0.0
9.0,0.5367122850367131,301.0,0.05615658342656488,0.0,0.0
9.0,0.5367122850367131,302.0,0.002828711967278598,0.002072834398774902,1.0
9.0,0.5367122850367131,303.0,0.00763538861522678,0.18397952352246613,1.0
9.0,0.5367122850367131,304.0,0.26089400773411,0.019013648333230035,0.0
9.0,0.5367122850367131,305.0,0.06946006192259802,0.00041003355214645125,0.0
9.0,0.5367122850367131,306.0,0.07486039672552355,0.00033190674969995037,0.0
9.0,0.5367122850367131,307.0,0.05661482527983147,0.0,0.0
9.0,0.5367122850367131,308.0,0.0068485822128157275,0.971724225599395,1.0
9.0,0.5367122850367131,309.0,0.2597980063353147,0.02143915161587677,0.0
9.0,0.5367122850367131,310.0,0.04470574505230286,6.890697942142059e-05,0.0
9.0,0.5367122850367131,311.0,0.00288897324185188,0.0007308090409961677,1.0
9.0,0.5367122850367131,312.0,0.07112533075931811,0.0,0.0
9.0,0.5367122850367131,313.0,0.05780047383710802,0.0008161289862999411,0.0
9.0,0.5367122850367131,314.0,0.07240312454742044,0.0,0.0
9.0,0.5367122850367131,315.0,0.023940484036688782,2.5257452466206964,1.0
9.0,0.5367122850367131,316.0,0.0068234424977560845,0.014837814485380442,1.0
9.0,0.5367122850367131,317.0,0.010455274700082952,2.8080116737916213e-06,1.0
9.0,0.5367122850367131,318.0,0.0049974811107840085,2.00894404778789,1.0
9.0,0.5367122850367131,319.0,0.04690657745359303,2.1661022142072746e-05,0.0
9.0,0.5367122850367131,320.0,0.007305704279454005,0.11626451890576239,1.0
9.0,0.5367122850367131,321.0,0.14460957854419504,0.009145352823591364,0.0
9.0,0.5367122850367131,322.0,0.04446678857536468,0.02090573563531965,0.0
9.0,0.5367122850367131,323.0,0.1449905676691117,0.0,0.0
9.0,0.5367122850367131,324.0,0.056348265804323505,0.0,0.0
9.0,0.5367122850367131,325.0,0.05570049648587716,2.9066784903926016e-06,0.0
9.0,0.5367122850367131,326.0,0.05732298458599536,0.00037060901455172873,0.0
9.0,0.5367122850367131,327.0,0.005574981006595883,0.29290974098327954,1.0
9.0,0.5367122850367131,328.0,0.13870285261536447,0.010351687108257445,0.0
9.0,0.5367122850367131,329.0,0.14258878930192667,0.00010929776303694338,0.0
9.0,0.5367122850367131,330.0,0.1641290670439829,0.0003533454940334204,0.0
9.0,0.5367122850367131,331.0,0.04828727672973799,0.0,0.0
9.0,0.5367122850367131,332.0,0.021000251352170107,2.3148068030632705,1.0
9.0,0.5367122850367131,333.0,0.14494979759819598,1.5530218415642447e-05,0.0
9.0,0.5367122850367131,334.0,0.007143223686168995,0.020998902844571198,1.0
9.0,0.5367122850367131,335.0,0.24889057008852522,0.0003054715223358422,0.0
9.0,0.5367122850367131,336.0,0.06983754117583957,2.6342679255755618e-06,0.0
9.0,0.5367122850367131,337.0,0.02105281705160768,0.010720825687114242,1.0
9.0,0.5367122850367131,338.0,0.07075939067098722,0.00021404106352665024,0.0
9.0,0.5367122850367131,339.0,0.2569283467415653,0.001501847266430799,0.0
9.0,0.5367122850367131,340.0,0.16526467286982022,0.0,0.0
9.0,0.5367122850367131,341.0,0.26041756597460625,0.0,0.0
9.0,0.5367122850367131,342.0,0.05568133041624727,4.317828276379372e-05,0.0
9.0,0.5367122850367131,343.0,0.07292383338517153,0.000815140801358803,0.0
9.0,0.5367122850367131,344.0,0.01702061145796723,0.0002641765062351333,1.0
9.0,0.5367122850367131,345.0,0.017717995545038185,0.1519268184366622,1.0
9.0,0.5367122850367131,346.0,0.027459823280238983,0.0054502920737660365,1.0
9.0,0.5367122850367131,347.0,0.057167809511809414,0.0,0.0
9.0,0.5367122850367131,348.0,0.05871313035476808,0.0,0.0
9.0,0.5367122850367131,349.0,0.07079889937709388,0.0001730808183271994,0.0
9.0,0.5367122850367131,350.0,0.12744441615070806,3.994448172890756e-05,0.0
9.0,0.5367122850367131,351.0,0.00797478102528413,5.540226354596936,1.0
9.0,0.5367122850367131,352.0,0.14476971439537273,0.0,0.0
9.0,0.5367122850367131,353.0,0.12746634990348163,0.0010226791281981555,0.0
9.0,0.5367122850367131,354.0,0.043934461021919,0.018723001115970254,0.0
9.0,0.5367122850367131,355.0,0.07194586224939747,0.0,0.0
9.0,0.5367122850367131,356.0,0.07271955131948121,0.0004131670805227385,0.0
9.0,0.5367122850367131,357.0,0.006774851745625593,0.0012195617560530432,1.0
9.0,0.5367122850367131,358.0,0.07131511286025508,0.0015151545866171406,0.0
9.0,0.5367122850367131,359.0,0.07044367271003699,0.00036806283346349337,0.0
9.0,0.5367122850367131,360.0,0.25745175766504563,0.0004654705754692835,0.0
9.0,0.5367122850367131,361.0,0.017475521537387174,0.03946189307955697,1.0
9.0,0.5367122850367131,362.0,0.012593371875744809,5.64258020338016,1.0
9.0,0.5367122850367131,363.0,0.16380733924052843,0.0,0.0
9.0,0.5367122850367131,364.0,0.007457369874358654,0.0018703292448259085,1.0
9.0,0.5367122850367131,365.0,0.007127270103024989,0.031805318642731895,1.0
9.0,0.5367122850367131,366.0,0.07653924644830451,4.199245138914549e-06,0.0
9.0,0.5367122850367131,367.0,0.05481192600612413,7.769882143245536e-07,0.0
9.0,0.5367122850367131,368.0,0.07108700850940387,0.003044941117880584,0.0
9.0,0.5367122850367131,369.0,0.04498377867196026,0.00013346969751813135,0.0
9.0,0.5367122850367131,370.0,0.01724510362772103,0.019302169333746,1.0
9.0,0.5367122850367131,371.0,0.14455134957232013,5.698180308772041e-05,0.0
9.0,0.5367122850367131,372.0,0.022184298422294087,0.5850930589736515,1.0
9.0,0.5367122850367131,373.0,0.011334719824305988,5.669754133450486,1.0
9.0,0.5367122850367131,374.0,0.07084029915528306,0.0,0.0
9.0,0.5367122850367131,375.0,0.0022338268929991342,0.007624717099657099,1.0
9.0,0.5367122850367131,376.0,0.008405674658317102,0.9021612229736895,1.0
9.0,0.5367122850367131,377.0,0.25646337231557986,0.03588488402362687,0.0
9.0,0.5367122850367131,378.0,0.12771002575998336,0.0,0.0
9.0,0.5367122850367131,379.0,0.04644275678662679,0.0,0.0
9.0,0.5367122850367131,380.0,0.01700209144779951,0.2864473682834163,1.0
9.0,0.5367122850367131,381.0,0.005121589192041382,2.551358311799705,1.0
9.0,0.5367122850367131,382.0,0.057705686658221164,0.0,0.0
9.0,0.5367122850367131,383.0,0.12516489567558553,0.021822316137409595,0.0
9.0,0.5367122850367131,384.0,0.017708812149976237,0.0005381921471360694,1.0
9.0,0.5367122850367131,385.0,0.07333295834074348,0.005852730625181784,0.0
9.0,0.5367122850367131,386.0,0.008494119529907298,0.0912695471559845,1.0
9.0,0.5367122850367131,387.0,0.07188664878488799,4.010392759890921e-06,0.0
9.0,0.5367122850367131,388.0,0.011274664799998252,0.01661380769789745,1.0
9.0,0.5367122850367131,389.0,0.1445770028341586,0.028222087059105404,0.0
9.0,0.5367122850367131,390.0,0.008041698789445046,0.00916351107336511,1.0
9.0,0.5367122850367131,391.0,0.056736048930208394,0.0,0.0
9.0,0.5367122850367131,392.0,0.05770246953645776,0.006155379299511745,0.0
9.0,0.5367122850367131,393.0,0.25989312792091646,0.0,0.0
9.0,0.5367122850367131,394.0,0.01621835732144716,0.9675488462628933,1.0
9.0,0.5367122850367131,395.0,0.05696589654001627,5.985171397754069e-07,0.0
9.0,0.5367122850367131,396.0,0.14404139494182164,0.00044678660810303094,0.0
9.0,0.5367122850367131,397.0,0.14249838060033432,0.007120522348024482,0.0
9.0,0.5367122850367131,398.0,0.005602648945121226,0.8065103607291014,1.0
9.0,0.5367122850367131,399.0,0.01550803618467159,0.0005208710079414795,1.0
